sample_id,image_id,seed1_y,seed1_x,seed2_y,seed2_x,distance,path_length,path_cost,normalized_cost,label
14,S1585-2_a,735,2478,732,2471,7.615773105863909,8,2.690013241518055,0.33625165518975686,1
19,S1585-2_a,740,2490,740,2500,10.0,12,2.7276825795668387,0.2273068816305699,1
25,S1585-2_a,740,2460,732,2465,9.433981132056603,10,4.27565319994606,0.427565319994606,1
30,S1585-2_a,746,2458,750,2465,8.06225774829855,9,2.421011412122664,0.26900126801362934,1
31,S1585-2_a,746,2458,751,2461,5.830951894845301,6,1.9810343308998166,0.33017238848330277,1
32,S1585-2_a,746,2458,754,2458,8.0,9,2.9172607942500104,0.3241400882500012,1
33,S1585-2_a,751,2461,746,2458,5.830951894845301,6,1.9810343308998166,0.33017238848330277,1
34,S1585-2_a,751,2461,754,2458,4.242640687119285,4,1.2225780875652,0.3056445218913,1
42,S1585-2_a,756,3433,763,3424,11.40175425099138,12,4.878497632790508,0.40654146939920904,1
43,S1585-2_a,756,3433,762,3422,12.529964086141668,14,5.013269924932764,0.3580907089237689,1
44,S1585-2_a,765,3435,770,3431,6.4031242374328485,7,3.5723094636652966,0.5103299233807567,1
45,S1585-2_a,765,3435,774,3429,10.816653826391969,10,4.088974602408516,0.4088974602408516,1
46,S1585-2_a,765,3435,765,3439,4.0,5,1.9671715495809523,0.39343430991619044,1
48,S1585-2_a,761,3167,765,3155,12.649110640673518,15,7.967262555686475,0.531150837045765,1
50,S1585-2_a,761,3167,766,3158,10.295630140987,12,6.525848070229498,0.5438206725191248,1
51,S1585-2_a,764,3172,765,3155,17.029386365926403,18,9.03645381509282,0.5020252119496011,1
53,S1585-2_a,764,3172,766,3158,14.142135623730951,15,7.595039329635843,0.5063359553090562,1
56,S1585-2_a,762,2459,754,2458,8.06225774829855,9,2.094580247284075,0.23273113858711947,1
57,S1585-2_a,762,2459,769,2459,7.0,8,1.7810579056809295,0.22263223821011618,1
58,S1585-2_a,764,2460,769,2459,5.0990195135927845,6,1.3861117387682955,0.23101862312804924,1
59,S1585-2_a,762,3422,760,3432,10.198039027185569,11,4.039103175867073,0.36719119780609755,1
60,S1585-2_a,762,3422,756,3433,12.529964086141668,14,5.0132699249327635,0.3580907089237688,1
61,S1585-2_a,762,3422,763,3433,11.045361017187261,12,4.583566030856133,0.38196383590467775,1
63,S1585-2_a,763,3424,774,3429,12.083045973594572,12,6.614022184203396,0.551168515350283,1
64,S1585-2_a,763,3424,760,3432,8.54400374531753,9,3.9043308837248176,0.43381454263609087,1
65,S1585-2_a,763,3424,756,3433,11.40175425099138,12,4.878497632790508,0.40654146939920904,1
66,S1585-2_a,763,3424,763,3433,9.0,10,4.448793738713878,0.44487937387138776,1
70,S1585-2_a,766,3158,761,3167,10.295630140987,12,6.5258480702294985,0.5438206725191249,1
71,S1585-2_a,766,3158,765,3168,10.04987562112089,11,5.841977016398579,0.5310888196725981,1
72,S1585-2_a,766,3158,766,3171,13.0,14,6.764252510279123,0.48316089359136594,1
73,S1585-2_a,766,3158,764,3172,14.142135623730951,15,7.595039329635844,0.5063359553090563,1
75,S1585-2_a,769,3152,771,3149,3.605551275463989,4,2.1783292393711666,0.5445823098427917,1
76,S1585-2_a,766,3451,766,3446,5.0,6,2.427296751241796,0.40454945854029933,1
79,S1585-2_a,770,3460,773,3462,3.605551275463989,4,1.897280285442625,0.47432007136065624,1
94,S1585-2_a,769,2459,762,2459,7.0,8,1.7810579056809297,0.2226322382101162,1
95,S1585-2_a,769,2459,764,2460,5.0990195135927845,6,1.3861117387682955,0.23101862312804924,1
98,S1585-2_a,780,2459,784,2462,5.0,5,1.0277710618151135,0.20555421236302268,1
99,S1585-2_a,770,2208,779,2212,9.848857801796104,10,3.731945032677116,0.37319450326771164,1
100,S1585-2_a,770,2208,761,2202,10.816653826391969,10,3.097813483337408,0.30978134833374077,1
101,S1585-2_a,770,2208,764,2194,15.231546211727817,17,6.499274373525081,0.38231025726618123,1
102,S1585-2_a,770,2208,783,2216,15.264337522473747,14,5.587105832135484,0.39907898800967745,1
103,S1585-2_a,771,2210,779,2212,8.246211251235321,9,3.832961616277793,0.42588462403086585,1
104,S1585-2_a,771,2210,761,2202,12.806248474865697,11,3.6551714009033587,0.3322883091730326,1
105,S1585-2_a,771,2210,764,2194,17.46424919657298,18,7.056632291091032,0.39203512728283507,1
106,S1585-2_a,771,2210,783,2216,13.416407864998739,13,5.688122415736161,0.43754787813355084,1
108,S1585-2_a,770,3431,763,3433,7.280109889280518,8,3.5989327560117137,0.4498665945014642,1
109,S1585-2_a,770,3431,765,3435,6.4031242374328485,7,3.572309463665296,0.5103299233807566,1
110,S1585-2_a,770,3431,765,3439,9.433981132056603,9,5.286062365603425,0.587340262844825,1
112,S1585-2_a,774,3429,763,3424,12.083045973594572,12,6.614022184203394,0.5511685153502829,1
113,S1585-2_a,774,3429,783,3425,9.848857801796104,10,5.127966381432768,0.5127966381432768,1
114,S1585-2_a,774,3429,763,3433,11.704699910719626,12,4.221474512662544,0.3517895427218787,1
115,S1585-2_a,774,3429,765,3435,10.816653826391969,10,4.088974602408517,0.4088974602408517,1
116,S1585-2_a,774,3429,765,3439,13.45362404707371,12,5.802727504346646,0.4835606253622205,1
132,S1585-2_a,785,3507,787,3510,3.605551275463989,4,1.6101881657981107,0.4025470414495277,1
133,S1585-2_a,785,3507,789,3515,8.94427190999916,9,3.906375215490175,0.43404169061001946,1
137,S1585-2_a,783,3425,799,3418,17.46424919657298,17,10.54404916437011,0.6202381861394182,1
138,S1585-2_a,783,3425,774,3429,9.848857801796104,10,5.127966381432768,0.5127966381432768,1
140,S1585-2_a,787,3425,799,3418,13.892443989449804,13,8.909818793901588,0.6853706764539683,1
145,S1585-2_a,785,2222,783,2216,6.324555320336759,7,1.7451402272443448,0.24930574674919212,1
146,S1585-2_a,789,2218,783,2216,6.324555320336759,7,2.092514402580991,0.2989306289401416,1
147,S1585-2_a,789,2218,800,2217,11.045361017187261,12,4.894049417284499,0.4078374514403749,1
148,S1585-2_a,789,2218,793,2217,4.123105625617661,5,2.6979392398611024,0.5395878479722205,1
154,S1585-2_a,789,3036,800,3022,17.804493814764857,17,10.247412150631034,0.6027889500371196,1
155,S1585-2_a,789,3036,784,3037,5.0990195135927845,6,2.008276214030556,0.334712702338426,1
164,S1585-2_a,789,3524,789,3515,9.0,10,4.137035539724514,0.4137035539724514,1
166,S1585-2_a,791,2719,795,2718,4.123105625617661,5,1.0816001260198989,0.21632002520397978,1
167,S1585-2_a,791,2719,798,2724,8.602325267042627,10,3.6571350509561777,0.3657135050956178,1
171,S1585-2_a,793,2217,828,2202,38.07886552931954,37,5.859948746744637,0.15837699315526046,1
172,S1585-2_a,793,2217,787,2219,6.324555320336759,7,3.458885867052418,0.4941265524360597,1
173,S1585-2_a,793,2217,783,2216,10.04987562112089,11,4.7788680170386755,0.434442547003516,1
174,S1585-2_a,793,2217,789,2218,4.123105625617661,5,2.6979392398611024,0.5395878479722205,1
176,S1585-2_a,793,2217,814,2218,21.02379604162864,22,3.7370089815161194,0.16986404461436908,1
178,S1585-2_a,806,2217,828,2202,26.627053911388696,27,3.3003638543265033,0.12223569830838901,1
180,S1585-2_a,806,2217,814,2218,8.06225774829855,10,1.1405925242261565,0.11405925242261565,1
182,S1585-2_a,808,2214,828,2202,23.323807579381203,24,3.2591469192188613,0.1357977883007859,1
184,S1585-2_a,808,2214,814,2218,7.211102550927978,10,1.2049199233774357,0.12049199233774358,1
186,S1585-2_a,798,2902,806,2892,12.806248474865697,13,4.700396137993029,0.36156893369177145,1
187,S1585-2_a,798,2902,795,2910,8.54400374531753,11,3.0068895960230284,0.2733535996384571,1
188,S1585-2_a,798,2902,817,2905,19.235384061671343,20,11.597616862957945,0.5798808431478972,1
189,S1585-2_a,798,2902,818,2909,21.18962010041709,23,11.833613998232378,0.514504956444886,1
190,S1585-2_a,800,2897,806,2892,7.810249675906654,8,3.37642318985166,0.4220528987314575,1
191,S1585-2_a,800,2897,795,2910,13.92838827718412,15,4.515854939315373,0.3010569959543582,1
195,S1585-2_a,800,3022,789,3036,17.804493814764857,17,10.247412150631035,0.6027889500371197,1
199,S1585-2_a,800,3022,784,3037,21.93171219946131,20,11.880708576660535,0.5940354288330267,1
225,S1585-2_a,806,2892,800,2897,7.810249675906654,8,3.376423189851661,0.4220528987314576,1
226,S1585-2_a,806,2892,795,2910,21.095023109728988,22,7.6640286361003005,0.3483649380045591,1
227,S1585-2_a,806,2892,798,2902,12.806248474865697,13,4.70039613799303,0.3615689336917715,1
228,S1585-2_a,809,2900,817,2905,9.433981132056603,9,4.16926729567316,0.46325192174146224,1
229,S1585-2_a,809,2900,818,2909,12.727922061357855,12,4.405264430947594,0.3671053692456328,1
230,S1585-2_a,806,2983,817,2966,20.248456731316587,20,7.707977110789582,0.38539885553947906,1
231,S1585-2_a,806,2983,819,2974,15.811388300841896,17,6.4926137008818525,0.38191845299305016,1
232,S1585-2_a,806,2983,825,2978,19.6468827043885,23,8.984001283882948,0.39060875147317164,1
233,S1585-2_a,806,2983,817,2972,15.556349186104045,16,6.375801510189669,0.3984875943868543,1
234,S1585-2_a,806,2983,808,2995,12.165525060596439,13,6.0832816102689975,0.46794473925146135,1
235,S1585-2_a,811,2982,817,2966,17.08800749063506,17,6.504367007437997,0.382609823966941,1
236,S1585-2_a,811,2982,819,2974,11.313708498984761,14,5.289003597530268,0.377785971252162,1
237,S1585-2_a,811,2982,825,2978,14.560219778561036,20,7.780391180531364,0.3890195590265682,1
239,S1585-2_a,811,2982,808,2995,13.341664064126334,15,6.064653354372053,0.40431022362480357,1
242,S1585-2_a,810,2414,808,2420,6.324555320336759,9,0.08518821178810458,0.009465356865344953,1
246,S1585-2_a,808,2420,810,2414,6.324555320336759,9,0.08518821178810458,0.009465356865344953,1
251,S1585-2_a,808,2747,802,2728,19.924858845171276,20,11.376967605336631,0.5688483802668316,1
252,S1585-2_a,808,2747,815,2744,7.615773105863909,9,2.888463175107715,0.32094035278974614,1
254,S1585-2_a,808,2747,817,2749,9.219544457292887,10,2.635017771219262,0.26350177712192624,1
262,S1585-2_a,808,3474,802,3476,6.324555320336759,7,1.6159608170868152,0.23085154529811644,1
270,S1585-2_a,810,3699,819,3693,10.816653826391969,10,4.739883132410255,0.4739883132410255,1
293,S1585-2_a,815,2999,808,2995,8.06225774829855,8,1.8555700068306906,0.23194625085383633,1
310,S1585-2_a,815,3437,817,3431,6.324555320336759,7,3.0254995630481862,0.432214223292598,1
314,S1585-2_a,815,3437,820,3466,29.427877939124322,33,5.26115207696173,0.15942885081702213,1
315,S1585-2_a,815,3437,820,3459,22.561028345356956,27,5.063389839576861,0.18753295702136524,1
321,S1585-2_a,815,3439,820,3466,27.459060435491963,31,4.847013988810044,0.15635528996161432,1
322,S1585-2_a,815,3439,820,3459,20.615528128088304,25,4.649251751425175,0.185970070057007,1
327,S1585-2_a,816,3719,823,3733,15.652475842498529,15,9.44462510720177,0.6296416738134513,1
330,S1585-2_a,816,3719,843,3738,33.015148038438355,34,23.53482505212505,0.6922007368272074,1
331,S1585-2_a,816,3719,840,3743,33.94112549695428,32,22.454123074517007,0.7016913460786565,1
335,S1585-2_a,822,2103,825,2095,8.54400374531753,10,1.4951291338382915,0.14951291338382916,1
336,S1585-2_a,822,2103,825,2092,11.40175425099138,12,2.1256361309407072,0.17713634424505895,1
337,S1585-2_a,822,2103,824,2099,4.47213595499958,5,1.431078127098663,0.2862156254197326,1
338,S1585-2_a,817,2905,795,2910,22.561028345356956,28,14.540297835979649,0.5192963512849874,1
339,S1585-2_a,817,2905,798,2902,19.235384061671343,20,11.597616862957942,0.5798808431478971,1
340,S1585-2_a,817,2905,809,2900,9.433981132056603,9,4.16926729567316,0.46325192174146224,1
342,S1585-2_a,818,2912,821,2917,5.830951894845301,6,2.203145757396346,0.3671909595660577,1
343,S1585-2_a,818,2912,820,2915,3.605551275463989,4,1.5655131367066306,0.39137828417665765,1
348,S1585-2_a,817,2961,817,2966,5.0,6,1.604985981036453,0.2674976635060755,1
369,S1585-2_a,817,2972,817,2966,6.0,7,1.4260546683508672,0.20372209547869533,1
370,S1585-2_a,817,2972,825,2978,10.0,9,2.687580599027922,0.298620066558658,1
372,S1585-2_a,817,2972,806,2983,15.556349186104045,16,6.375801510189669,0.3984875943868543,1
373,S1585-2_a,817,2972,808,2995,24.698178070456937,26,10.870209574016577,0.4180849836160222,1
374,S1585-2_a,819,2974,825,2978,7.211102550927978,7,2.6512706915653954,0.37875295593791364,1
375,S1585-2_a,819,2974,811,2982,11.313708498984761,14,5.28900359753027,0.3777859712521621,1
376,S1585-2_a,819,2974,806,2983,15.811388300841896,17,6.492613700881854,0.3819184529930503,1
377,S1585-2_a,819,2974,808,2995,23.706539182259394,27,10.987021764708762,0.40692673202625046,1
378,S1585-2_a,820,2915,818,2912,3.605551275463989,4,1.5655131367066306,0.39137828417665765,1
379,S1585-2_a,821,2917,818,2912,5.830951894845301,6,2.2031457573963458,0.36719095956605763,1
380,S1585-2_a,821,2917,825,2920,5.0,5,2.039535111070757,0.40790702221415137,1
389,S1585-2_a,824,2099,818,2107,10.0,9,2.3939295887130774,0.26599217652367524,1
390,S1585-2_a,824,2099,822,2103,4.47213595499958,5,1.431078127098663,0.2862156254197326,1
391,S1585-2_a,824,2099,821,2105,6.708203932499369,7,2.1368465376876897,0.30526379109824137,1
392,S1585-2_a,824,2099,817,2109,12.206555615733702,11,2.5621786073607455,0.23292532794188595,1
393,S1585-2_a,826,2083,826,2079,4.0,5,1.6509552584441778,0.33019105168883556,1
398,S1585-2_a,827,3468,820,3459,11.40175425099138,10,0.29333563754940556,0.029333563754940555,1
399,S1585-2_a,824,3777,824,3765,12.0,13,7.33300837934891,0.5640775676422238,1
400,S1585-2_a,825,2755,817,2749,10.0,10,1.7459933978597288,0.1745993397859729,1
402,S1585-2_a,831,2755,839,2752,8.54400374531753,9,3.1283291540280604,0.34759212822534,1
403,S1585-2_a,831,2755,835,2753,4.47213595499958,5,1.8679741619781454,0.3735948323956291,1
404,S1585-2_a,831,2755,843,2751,12.649110640673518,13,3.522014161365637,0.27092416625889515,1
405,S1585-2_a,825,2920,821,2917,5.0,5,2.039535111070757,0.40790702221415137,1
408,S1585-2_a,827,2921,830,2925,5.0,5,1.401603956183432,0.2803207912366864,1
409,S1585-2_a,827,2921,834,2925,8.06225774829855,8,2.183879557699097,0.2729849447123871,1
414,S1585-2_a,827,2921,844,2923,17.11724276862369,18,4.722218154585637,0.2623454530325354,1
416,S1585-2_a,827,2921,837,2925,10.770329614269007,11,2.933583579419341,0.2666894163108492,1
421,S1585-2_a,830,2925,827,2921,5.0,5,1.4016039561834317,0.28032079123668635,1
428,S1585-2_a,830,2925,844,2923,14.142135623730951,15,3.326958112386556,0.22179720749243706,1
434,S1585-2_a,837,2925,827,2921,10.770329614269007,11,2.9335835794193406,0.26668941631084914,1
441,S1585-2_a,837,2925,844,2923,7.280109889280518,8,2.0522494115702066,0.2565311764462758,1
457,S1585-2_a,832,2041,832,2047,6.0,8,2.4515878119391603,0.30644847649239504,1
459,S1585-2_a,832,2041,851,2052,21.95449840010015,21,14.273575474973402,0.6796940702368287,1
460,S1585-2_a,832,2043,832,2047,4.0,6,1.7098294508995084,0.28497157514991805,1
462,S1585-2_a,832,2043,851,2052,21.02379604162864,22,13.563014137814298,0.6165006426279226,1
464,S1585-2_a,832,2047,832,2043,4.0,6,1.7098294508995084,0.28497157514991805,1
465,S1585-2_a,832,2047,832,2041,6.0,8,2.4515878119391603,0.30644847649239504,1
466,S1585-2_a,832,2047,851,2052,19.6468827043885,20,11.871795575986443,0.5935897787993222,1
469,S1585-2_a,834,2049,835,2056,7.0710678118654755,8,4.585610940116507,0.5732013675145634,1
470,S1585-2_a,832,2985,827,2982,5.830951894845301,6,1.6726935467259647,0.2787822577876608,1
481,S1585-2_a,839,2990,844,2992,5.385164807134504,6,1.6524716140122873,0.2754119356687145,1
483,S1585-2_a,833,2067,830,2072,5.830951894845301,6,3.2807863401107693,0.5467977233517949,1
484,S1585-2_a,833,2067,835,2056,11.180339887498949,12,3.6847616966200167,0.30706347471833473,1
486,S1585-2_a,836,2062,830,2072,11.661903789690601,12,5.135088078871849,0.4279240065726541,1
487,S1585-2_a,836,2062,835,2056,6.082762530298219,7,2.241524602799137,0.3202178003998767,1
488,S1585-2_a,834,3685,828,3685,6.0,7,2.41821756221431,0.34545965174490145,1
494,S1585-2_a,839,3682,828,3685,11.40175425099138,12,4.735778588698634,0.3946482157248861,1
496,S1585-2_a,839,3682,847,3679,8.54400374531753,9,5.483482578903837,0.6092758421004264,1
499,S1585-2_a,839,3682,849,3681,10.04987562112089,11,5.868436326991076,0.5334942115446433,1
503,S1585-2_a,835,2753,828,2755,7.280109889280518,8,2.2785412951541453,0.28481766189426816,1
504,S1585-2_a,835,2753,831,2755,4.47213595499958,5,1.8679741619781451,0.373594832395629,1
506,S1585-2_a,843,2751,852,2752,9.055385138137417,10,2.758504030636316,0.2758504030636316,1
507,S1585-2_a,843,2751,828,2755,15.524174696260024,16,3.932581294541638,0.24578633090885238,1
508,S1585-2_a,843,2751,831,2755,12.649110640673518,13,3.5220141613656377,0.2709241662588952,1
532,S1585-2_a,839,2936,845,2937,6.082762530298219,7,2.435636162368628,0.34794802319551826,1
533,S1585-2_a,839,2936,844,2940,6.4031242374328485,7,2.278621646771752,0.3255173781102503,1
534,S1585-2_a,839,2936,849,2943,12.206555615733702,11,4.208378052044694,0.38257982291315396,1
543,S1585-2_a,844,2666,858,2650,21.2602916254693,23,3.862804546980055,0.16794802378174153,1
544,S1585-2_a,844,2666,860,2650,22.627416997969522,25,3.8802161478413817,0.15520864591365527,1
547,S1585-2_a,844,2666,852,2657,12.041594578792296,12,3.3325859845500774,0.27771549871250645,1
549,S1585-2_a,846,2662,858,2650,16.97056274847714,19,3.2758554606927293,0.17241344529961733,1
550,S1585-2_a,846,2662,860,2650,18.439088914585774,21,3.293267061554056,0.15682224102638362,1
552,S1585-2_a,846,2662,852,2657,7.810249675906654,8,2.7317217328745476,0.34146521660931844,1
553,S1585-2_a,844,2923,827,2921,17.11724276862369,18,4.722218154585637,0.2623454530325354,1
556,S1585-2_a,844,2923,830,2925,14.142135623730951,15,3.326958112386557,0.22179720749243712,1
557,S1585-2_a,844,2923,834,2925,10.198039027185569,11,2.791624713771736,0.25378406488833966,1
564,S1585-2_a,844,2923,837,2925,7.280109889280518,8,2.0522494115702066,0.2565311764462758,1
567,S1585-2_a,846,2923,854,2923,8.0,9,2.325124503428364,0.258347167047596,1
579,S1585-2_a,844,2940,839,2936,6.4031242374328485,7,2.278621646771752,0.3255173781102503,1
581,S1585-2_a,844,2940,837,2937,7.615773105863909,9,2.9161812612735467,0.3240201401415052,1
582,S1585-2_a,844,2940,849,2943,5.830951894845301,6,1.9756149378930816,0.3292691563155136,1
586,S1585-2_a,847,3679,828,3685,19.924858845171276,20,9.69918959879317,0.4849594799396585,1
588,S1585-2_a,847,3679,837,3683,10.770329614269007,11,6.171601325472508,0.5610546659520462,1
593,S1585-2_a,847,3679,839,3682,8.54400374531753,9,5.483482578903837,0.6092758421004264,1
594,S1585-2_a,849,3681,828,3685,21.37755832643195,22,10.08414334688041,0.45837015213092774,1
596,S1585-2_a,849,3681,837,3683,12.165525060596439,13,6.556555073559746,0.5043503902738267,1
601,S1585-2_a,849,3681,839,3682,10.04987562112089,11,5.868436326991075,0.5334942115446432,1
608,S1585-2_a,851,2027,848,2023,5.0,5,1.5072164792478255,0.3014432958495651,1
609,S1585-2_a,851,2027,844,2022,8.602325267042627,8,2.691627321954427,0.3364534152443034,1
610,S1585-2_a,851,2027,862,2029,11.180339887498949,14,6.044230297017915,0.43173073550127966,1
611,S1585-2_a,851,2033,847,2038,6.4031242374328485,8,2.049781310315827,0.2562226637894784,1
630,S1585-2_a,855,3694,865,3705,14.866068747318506,16,2.345269624391828,0.14657935152448925,1
661,S1585-2_a,858,2650,846,2662,16.97056274847714,19,3.2758554606927293,0.17241344529961733,1
662,S1585-2_a,858,2650,844,2666,21.2602916254693,23,3.8628045469800556,0.16794802378174153,1
664,S1585-2_a,858,2650,852,2657,9.219544457292887,14,1.5391514124681938,0.10993938660487099,1
666,S1585-2_a,860,2650,846,2662,18.439088914585774,21,3.2932670615540554,0.1568222410263836,1
667,S1585-2_a,860,2650,844,2666,22.627416997969522,25,3.8802161478413817,0.15520864591365527,1
669,S1585-2_a,860,2650,852,2657,10.63014581273465,16,1.5565630133295205,0.09728518833309503,1
686,S1585-2_a,865,2286,860,2315,29.427877939124322,30,0.5606426750795762,0.018688089169319206,1
687,S1585-2_a,866,2908,881,2891,22.67156809750927,20,3.651616155873046,0.18258080779365232,1
689,S1585-2_a,866,2910,864,2914,4.47213595499958,6,2.1132355990806806,0.35220593318011345,1
693,S1585-2_a,867,2749,858,2748,9.055385138137417,10,3.1333303623107693,0.31333303623107694,1
694,S1585-2_a,867,2749,852,2752,15.297058540778355,21,6.952839614222403,0.3310876006772573,1
698,S1585-2_a,868,2754,858,2748,11.661903789690601,15,3.266864734799399,0.21779098231995994,1
699,S1585-2_a,868,2754,852,2752,16.1245154965971,18,6.649776483013376,0.36943202683407644,1
709,S1585-2_a,871,3606,872,3613,7.0710678118654755,8,0.19809583540757716,0.024761979425947146,1
710,S1585-2_a,871,3606,873,3609,3.605551275463989,4,0.14874930871831327,0.03718732717957832,1
711,S1585-2_a,871,3606,871,3617,11.0,12,0.2389152272089133,0.019909602267409444,1
715,S1585-2_a,871,3617,871,3606,11.0,12,0.23891522720891328,0.01990960226740944,1
717,S1585-2_a,871,3617,873,3646,29.068883707497267,34,1.2980382052458674,0.03817759427193728,1
719,S1585-2_a,873,3609,871,3606,3.605551275463989,4,0.14874930871831327,0.03718732717957832,1
723,S1585-2_a,880,2034,867,2032,13.152946437965905,14,7.319268425426238,0.5228048875304456,1
724,S1585-2_a,880,2034,873,2038,8.06225774829855,8,4.027288762903155,0.5034110953628944,1
725,S1585-2_a,880,2034,892,2039,13.0,14,3.142714192223959,0.22447958515885422,1
726,S1585-2_a,886,2030,867,2032,19.1049731745428,20,8.04996573746818,0.40249828687340894,1
727,S1585-2_a,886,2030,873,2038,15.264337522473747,14,4.757986074945095,0.339856148210364,1
728,S1585-2_a,886,2030,892,2039,10.816653826391969,10,2.3875462275473263,0.23875462275473264,1
729,S1585-2_a,880,2806,887,2840,34.713109915419565,35,9.109106425868637,0.26026018359624675,1
730,S1585-2_a,880,2806,890,2790,18.867962264113206,18,3.626952709866331,0.2014973727703517,1
733,S1585-2_a,882,3566,884,3605,39.05124837953327,40,0.26918908200498215,0.006729727050124553,1
734,S1585-2_a,892,2039,867,2032,25.96150997149434,27,10.389562933391392,0.3847986271626442,1
735,S1585-2_a,892,2039,873,2038,19.026297590440446,21,7.09758327086831,0.33798015575563384,1
736,S1585-2_a,892,2039,886,2030,10.816653826391969,10,2.387546227547326,0.23875462275473258,1
737,S1585-2_a,892,2039,884,2032,10.63014581273465,10,2.5498594483159494,0.2549859448315949,1
738,S1585-2_a,892,2039,880,2034,13.0,14,3.1427141922239596,0.22447958515885427,1
739,S1585-2_a,892,2039,898,2040,6.082762530298219,7,1.6797026356219564,0.2399575193745652,1
740,S1585-2_a,892,2039,898,2042,6.708203932499369,8,1.94699999878415,0.24337499984801875,1
743,S1585-2_a,893,1965,886,1969,8.06225774829855,8,4.058625621795049,0.5073282027243812,1
744,S1585-2_a,893,1965,880,1974,15.811388300841896,14,8.595795951760278,0.6139854251257342,1
747,S1585-2_a,894,1973,880,1974,14.035668847618199,15,8.003087299575832,0.5335391533050554,1
748,S1585-2_a,903,1971,913,1970,10.04987562112089,11,4.620137530138222,0.42001250273983837,1
750,S1585-2_a,894,3948,896,3938,10.198039027185569,11,3.0928297871529313,0.2811663442866301,1
756,S1585-2_a,894,3948,898,3960,12.649110640673518,13,6.956817761701428,0.5351398278231868,1
768,S1585-2_a,896,3929,896,3938,9.0,10,3.9032004053855665,0.3903200405385566,1
777,S1585-2_a,896,3938,896,3929,9.0,10,3.903200405385567,0.3903200405385567,1
786,S1585-2_a,896,3938,894,3948,10.198039027185569,11,3.092829787152931,0.28116634428663007,1
787,S1585-2_a,896,3938,898,3960,22.090722034374522,23,9.919231942520838,0.43127095402264515,1
795,S1585-2_a,898,2040,892,2039,6.082762530298219,7,1.6797026356219562,0.23995751937456516,1
797,S1585-2_a,898,2042,892,2039,6.708203932499369,8,1.94699999878415,0.24337499984801875,1
798,S1585-2_a,898,2042,901,2047,5.830951894845301,6,1.5127159903232628,0.2521193317205438,1
800,S1585-2_a,901,2047,898,2042,5.830951894845301,6,1.5127159903232625,0.25211933172054374,1
801,S1585-2_a,905,2051,909,2055,5.656854249492381,6,1.4184606050978588,0.23641010084964312,1
802,S1585-2_a,905,2051,911,2057,8.48528137423857,8,1.5163023141368026,0.18953778926710033,1
804,S1585-2_a,909,2055,905,2051,5.656854249492381,6,1.4184606050978588,0.23641010084964312,1
808,S1585-2_a,915,3734,925,3760,27.85677655436824,28,1.3406095567789917,0.04787891274210685,1
809,S1585-2_a,920,1970,913,1970,7.0,8,2.2518896441579423,0.2814862055197428,1
810,S1585-2_a,920,1970,930,1972,10.198039027185569,11,4.071706990574043,0.37015518096127664,1
811,S1585-2_a,925,1971,930,1972,5.0990195135927845,6,2.43363226213016,0.40560537702169336,1
863,S1585-2_a,933,1693,947,1690,14.317821063276353,15,8.33757354738811,0.5558382364925407,1
864,S1585-2_a,933,1693,934,1704,11.045361017187261,12,6.423065905496918,0.5352554921247431,1
865,S1585-2_a,933,1693,933,1701,8.0,9,5.098528382119938,0.566503153568882,1
867,S1585-2_a,930,1626,937,1617,11.40175425099138,12,4.008576841031865,0.33404807008598875,1
869,S1585-2_a,934,1631,937,1617,14.317821063276353,15,4.569762018445034,0.3046508012296689,1
885,S1585-2_a,937,1868,962,1870,25.079872407968907,26,12.611901584938865,0.485073137882264,1
886,S1585-2_a,937,1868,964,1867,27.018512172212592,28,13.084849174505747,0.46731604194663384,1
888,S1585-2_a,937,1868,941,1876,8.94427190999916,10,2.5323805492086544,0.25323805492086543,1
890,S1585-2_a,937,1868,965,1862,28.635642126552707,32,14.596836016746671,0.4561511255233335,1
894,S1585-2_a,939,1666,958,1658,20.615528128088304,26,10.521263422110891,0.40466397777349583,1
897,S1585-2_a,939,1666,951,1658,14.422205101855956,13,9.160479457749513,0.7046522659807318,1
898,S1585-2_a,939,1666,946,1675,11.40175425099138,11,3.4127356433373963,0.3102486948488542,1
913,S1585-2_a,933,1701,930,1692,9.486832980505138,10,5.231369989614579,0.5231369989614578,1
914,S1585-2_a,933,1701,933,1693,8.0,9,5.098528382119938,0.566503153568882,1
921,S1585-2_a,934,1704,930,1692,12.649110640673518,13,6.555907512991559,0.5043005779224277,1
922,S1585-2_a,934,1704,933,1693,11.045361017187261,12,6.423065905496919,0.5352554921247432,1
923,S1585-2_a,934,1704,946,1728,26.832815729997478,25,19.35019918885777,0.7740079675543108,1
927,S1585-2_a,943,1878,947,1874,5.656854249492381,6,2.630941530047394,0.438490255007899,1
932,S1585-2_a,941,3908,945,3915,8.06225774829855,8,0.37006997695099075,0.046258747118873844,1
933,S1585-2_a,941,3908,950,3908,9.0,15,2.330740561401437,0.15538270409342914,1
934,S1585-2_a,946,1675,939,1666,11.40175425099138,11,3.412735643337396,0.31024869484885415,1
957,S1585-2_a,947,3889,937,3867,24.166091947189145,23,1.1164138776810264,0.04853973381221854,1
958,S1585-2_a,948,3892,949,3900,8.06225774829855,9,0.26341457998578405,0.029268286665087115,1
967,S1585-2_a,957,1598,962,1600,5.385164807134504,6,1.6001366170302747,0.2666894361717124,1
968,S1585-2_a,957,1598,964,1600,7.280109889280518,8,2.0493044450580244,0.25616305563225306,1
969,S1585-2_a,957,1598,969,1599,12.041594578792296,13,4.758237006135495,0.3660182312411919,1
970,S1585-2_a,957,1598,971,1603,14.866068747318506,15,5.5212052499792215,0.3680803499986148,1
971,S1585-2_a,957,1598,976,1610,22.47220505424423,21,10.682162583549662,0.5086744087404601,1
972,S1585-2_a,957,1598,978,1613,25.80697580112788,24,11.548547337345374,0.4811894723893906,1
981,S1585-2_a,962,1593,962,1600,7.0,9,1.9339586282848362,0.21488429203164847,1
982,S1585-2_a,962,1593,964,1600,7.280109889280518,10,2.2989498528180885,0.22989498528180885,1
983,S1585-2_a,962,1593,969,1599,9.219544457292887,15,5.00788241389556,0.3338588275930373,1
985,S1585-2_a,962,1593,971,1603,13.45362404707371,17,5.7708506577392855,0.33946180339642856,1
986,S1585-2_a,962,1593,976,1610,22.02271554554524,23,10.931807991309725,0.47529599962216196,1
987,S1585-2_a,962,1593,978,1613,25.612496949731394,26,11.798192745105437,0.45377664404251683,1
1004,S1585-2_a,958,1658,939,1666,20.615528128088304,26,10.521263422110891,0.40466397777349583,1
1006,S1585-2_a,958,1658,951,1658,7.0,8,2.122208442285287,0.2652760552856609,1
1040,S1585-2_a,962,1600,962,1593,7.0,9,1.9339586282848358,0.2148842920316484,1
1041,S1585-2_a,962,1600,958,1594,7.211102550927978,8,1.933986573739927,0.2417483217174909,1
1042,S1585-2_a,962,1600,957,1598,5.385164807134504,6,1.6001366170302744,0.2666894361717124,1
1044,S1585-2_a,962,1600,971,1603,9.486832980505138,10,3.9281347346296314,0.39281347346296314,1
1045,S1585-2_a,962,1600,976,1610,17.204650534085253,16,9.089092068200072,0.5680682542625045,1
1046,S1585-2_a,962,1600,978,1613,20.615528128088304,19,9.955476821995784,0.5239724643155675,1
1052,S1585-2_a,964,1600,962,1593,7.280109889280518,10,2.2989498528180894,0.22989498528180893,1
1054,S1585-2_a,964,1600,958,1594,8.48528137423857,9,2.2989777982731807,0.255441977585909,1
1055,S1585-2_a,964,1600,957,1598,7.280109889280518,8,2.049304445058025,0.2561630556322531,1
1057,S1585-2_a,964,1600,969,1599,5.0990195135927845,6,2.80290687327513,0.467151145545855,1
1058,S1585-2_a,964,1600,970,1594,8.48528137423857,9,4.84783190503203,0.5386479894480033,1
1059,S1585-2_a,964,1600,971,1603,7.615773105863909,8,3.5862607159736544,0.4482825894967068,1
1060,S1585-2_a,964,1600,976,1610,15.620499351813308,14,8.747218049544095,0.6248012892531497,1
1061,S1585-2_a,964,1600,978,1613,19.1049731745428,17,9.613602803339807,0.5655060472552828,1
1063,S1585-2_a,962,1870,947,1874,15.524174696260024,16,7.36718681930519,0.4604491762065744,1
1064,S1585-2_a,962,1870,937,1868,25.079872407968907,26,12.611901584938867,0.4850731378822641,1
1065,S1585-2_a,962,1870,977,1877,16.55294535724685,16,10.83444984176009,0.6771531151100056,1
1066,S1585-2_a,962,1870,965,1862,8.54400374531753,9,2.254762536908882,0.2505291707676536,1
1068,S1585-2_a,964,1867,947,1874,18.384776310850235,18,7.840134408872072,0.4355630227151151,1
1069,S1585-2_a,964,1867,937,1868,27.018512172212592,28,13.084849174505749,0.4673160419466339,1
1070,S1585-2_a,964,1867,977,1877,16.401219466856727,14,10.355179634699013,0.7396556881927866,1
1071,S1585-2_a,964,1867,965,1862,5.0990195135927845,6,1.5692369331742877,0.26153948886238126,1
1072,S1585-2_a,964,1522,965,1516,6.082762530298219,7,2.055456541460906,0.2936366487801294,1
1073,S1585-2_a,964,1528,962,1532,4.47213595499958,6,2.2407119990626856,0.3734519998437809,1
1074,S1585-2_a,964,1555,962,1532,23.08679276123039,24,12.461903129819826,0.5192459637424928,1
1078,S1585-2_a,966,1555,962,1532,23.345235059857504,25,12.639772929538426,0.505590917181537,1
1087,S1585-2_a,964,1564,973,1567,9.486832980505138,10,4.194718444436308,0.41947184444363084,1
1088,S1585-2_a,964,1564,994,1580,34.0,31,15.531723638014585,0.5010233431617608,1
1089,S1585-2_a,964,1564,994,1576,32.31098884280702,31,15.838786450930959,0.5109285951913213,1
1090,S1585-2_a,964,1564,976,1572,14.422205101855956,14,6.459776216635525,0.4614125869025375,1
1092,S1585-2_a,964,1564,995,1582,35.84689665786984,33,15.638623217171983,0.4738976732476358,1
1109,S1585-2_a,967,3938,945,3915,31.827660925679098,32,2.054733075426163,0.06421040860706759,1
1110,S1585-2_a,967,3938,962,3928,11.180339887498949,11,0.34712060616849116,0.0315564187425901,1
1111,S1585-2_a,967,3938,976,3956,20.12461179749811,20,0.5231644498069515,0.026158222490347577,1
1113,S1585-2_a,969,3941,976,3956,16.55294535724685,16,0.48408720161234264,0.030255450100771415,1
1116,S1585-2_a,969,1599,962,1593,9.219544457292887,15,5.00788241389556,0.3338588275930373,1
1118,S1585-2_a,969,1599,958,1594,12.083045973594572,14,5.007910359350651,0.3577078828107608,1
1119,S1585-2_a,969,1599,957,1598,12.041594578792296,13,4.758237006135496,0.366018231241192,1
1121,S1585-2_a,969,1599,964,1600,5.0990195135927845,6,2.80290687327513,0.467151145545855,1
1122,S1585-2_a,969,1599,970,1594,5.0990195135927845,6,2.300732338931978,0.38345538982199634,1
1123,S1585-2_a,969,1599,976,1610,13.038404810405298,12,7.010701436909957,0.5842251197424965,1
1124,S1585-2_a,969,1599,980,1604,12.083045973594572,13,6.6333954990110575,0.5102611922316198,1
1125,S1585-2_a,969,1599,978,1613,16.64331697709324,15,7.87708619070567,0.525139079380378,1
1127,S1585-2_a,971,1603,962,1593,13.45362404707371,17,5.770850657739286,0.3394618033964286,1
1129,S1585-2_a,971,1603,958,1594,15.811388300841896,16,5.770878603194378,0.3606799126996486,1
1130,S1585-2_a,971,1603,957,1598,14.866068747318506,15,5.521205249979222,0.36808034999861483,1
1132,S1585-2_a,971,1603,962,1600,9.486832980505138,10,3.928134734629631,0.3928134734629631,1
1133,S1585-2_a,971,1603,964,1600,7.615773105863909,8,3.5862607159736544,0.4482825894967068,1
1134,S1585-2_a,971,1603,976,1610,8.602325267042627,8,5.317117261937283,0.6646396577421604,1
1135,S1585-2_a,971,1603,980,1604,9.055385138137417,10,4.994402301706854,0.4994402301706854,1
1136,S1585-2_a,971,1603,978,1613,12.206555615733702,11,6.183502015732996,0.5621365468848178,1
1137,S1585-2_a,976,1610,962,1593,22.02271554554524,23,10.931807991309725,0.47529599962216196,1
1138,S1585-2_a,976,1610,958,1594,24.08318915758459,22,10.931835936764818,0.49690163348930994,1
1139,S1585-2_a,976,1610,957,1598,22.47220505424423,21,10.682162583549662,0.5086744087404601,1
1141,S1585-2_a,976,1610,962,1600,17.204650534085253,16,9.08909206820007,0.5680682542625044,1
1142,S1585-2_a,976,1610,964,1600,15.620499351813308,14,8.747218049544093,0.6248012892531495,1
1143,S1585-2_a,976,1610,969,1599,13.038404810405298,12,7.010701436909958,0.5842251197424965,1
1144,S1585-2_a,976,1610,971,1603,8.602325267042627,8,5.317117261937283,0.6646396577421604,1
1145,S1585-2_a,976,1610,980,1604,7.211102550927978,7,3.661186953412784,0.5230267076303977,1
1151,S1585-2_a,979,1615,985,1633,18.973665961010276,24,4.605192345023765,0.1918830143759902,1
1152,S1585-2_a,979,1615,978,1628,13.038404810405298,14,4.02793805859939,0.2877098613285279,1
1153,S1585-2_a,979,1615,980,1621,6.082762530298219,7,2.745308141033987,0.39218687729056956,1
1154,S1585-2_a,979,1615,984,1629,14.866068747318506,16,3.867140693988505,0.24169629337428156,1
1155,S1585-2_a,979,1615,981,1629,14.142135623730951,15,4.022324250482845,0.2681549500321897,1
1156,S1585-2_a,979,1615,987,1627,14.422205101855956,18,4.10395425451016,0.2279974585838978,1
1158,S1585-2_a,979,1615,992,1621,14.317821063276353,26,5.130877876317379,0.19734145678143764,1
1159,S1585-2_a,979,1615,989,1628,16.401219466856727,21,4.298817193151708,0.20470558062627178,1
1164,S1585-2_a,979,1615,987,1634,20.615528128088304,26,4.471786476837247,0.17199178757066333,1
1165,S1585-2_a,979,1615,988,1637,23.769728648009426,26,4.422348640244148,0.17009033231708262,1
1179,S1585-2_a,984,1629,979,1615,14.866068747318506,16,3.867140693988505,0.24169629337428156,1
1180,S1585-2_a,984,1629,980,1621,8.94427190999916,10,1.1268334396919761,0.11268334396919762,1
1181,S1585-2_a,984,1629,978,1613,17.08800749063506,18,4.480835471027351,0.24893530394596397,1
1189,S1585-2_a,987,1627,979,1615,14.422205101855956,18,4.103954254510161,0.22799745858389786,1
1190,S1585-2_a,987,1627,980,1621,9.219544457292887,12,1.3636470002136318,0.11363725001780266,1
1191,S1585-2_a,987,1627,978,1613,16.64331697709324,20,4.717649031549007,0.23588245157745033,1
1244,S1585-2_a,982,3963,976,3956,9.219544457292887,9,0.4918143298992333,0.05464603665547037,1
1246,S1585-2_a,984,3966,976,3956,12.806248474865697,12,0.5522461773575735,0.046020514779797794,1
1248,S1585-2_a,984,3966,991,3976,12.206555615733702,11,0.337994357561494,0.030726759778317635,1
1251,S1585-2_a,994,1620,1001,1622,7.280109889280518,8,1.1148177474863021,0.13935221843578777,1
1255,S1585-2_a,989,1628,979,1615,16.401219466856727,21,4.2988171931517085,0.20470558062627184,1
1256,S1585-2_a,989,1628,980,1621,11.40175425099138,15,1.5585099388551795,0.1039006625903453,1
1257,S1585-2_a,989,1628,978,1613,18.601075237738275,23,4.912511970190554,0.2135874769648067,1
1262,S1585-2_a,984,1880,977,1877,7.615773105863909,8,2.399274115584783,0.2999092644480979,1
1267,S1585-2_a,984,1883,977,1877,9.219544457292887,10,2.6064295074983392,0.2606429507498339,1
1274,S1585-2_a,991,1563,986,1555,9.433981132056603,9,3.652474386792845,0.40583048742142724,1
1286,S1585-2_a,992,1566,994,1576,10.198039027185569,11,5.139379251528058,0.4672162955934598,1
1292,S1585-2_a,991,3976,984,3966,12.206555615733702,11,0.337994357561494,0.030726759778317635,1
1293,S1585-2_a,991,3976,1003,3992,20.0,19,1.1122824427440958,0.05854118119705767,1
1294,S1585-2_a,992,3979,1003,3992,17.029386365926403,16,1.0170956878689053,0.06356848049180658,1
1304,S1585-2_a,994,1576,968,1564,28.635642126552707,27,15.177345995375065,0.562123925754632,1
1305,S1585-2_a,994,1576,964,1564,32.31098884280702,31,15.83878645093096,0.5109285951913213,1
1306,S1585-2_a,994,1576,973,1567,22.847319317591726,22,11.694556496810986,0.5315707498550448,1
1307,S1585-2_a,994,1576,992,1566,10.198039027185569,11,5.139379251528058,0.4672162955934598,1
1308,S1585-2_a,994,1576,976,1572,18.439088914585774,19,9.43387774847768,0.4965198814988253,1
1309,S1585-2_a,995,1582,968,1564,32.449961479175904,29,14.977182761616087,0.5164545779867616,1
1310,S1585-2_a,995,1582,964,1564,35.84689665786984,33,15.638623217171983,0.4738976732476358,1
1311,S1585-2_a,995,1582,973,1567,26.627053911388696,24,11.494393263052007,0.47893305262716696,1
1312,S1585-2_a,995,1582,976,1572,21.470910553583888,21,9.233714514718702,0.43970069117708105,1
1327,S1585-2_a,1001,1622,994,1620,7.280109889280518,8,1.114817747486302,0.13935221843578774,1
1329,S1585-2_a,1003,3992,992,3979,17.029386365926403,16,1.0170956878689055,0.06356848049180659,1
1330,S1585-2_a,1003,3992,991,3976,20.0,19,1.1122824427440963,0.0585411811970577,1
1331,S1585-2_a,1006,3997,1015,4010,15.811388300841896,14,0.3103084551250422,0.022164889651788727,1
1332,S1585-2_a,1007,1823,1000,1813,12.206555615733702,20,2.562855508216865,0.12814277541084323,1
1333,S1585-2_a,1008,1828,1000,1813,17.0,17,2.543684365518341,0.1496284920893142,1
1334,S1585-2_a,1008,1828,1015,1846,19.313207915827967,19,2.792345487340196,0.14696555196527347,1
1335,S1585-2_a,1010,1332,1010,1327,5.0,6,2.5375317201535603,0.42292195335892674,1
1336,S1585-2_a,1010,1332,1023,1342,16.401219466856727,15,9.4893213390057,0.63262142260038,1
1337,S1585-2_a,1010,1332,1026,1341,18.35755975068582,18,10.209218614872093,0.5671788119373384,1
1338,S1585-2_a,1010,1332,1016,1342,11.661903789690601,11,7.064240080437134,0.642203643676103,1
1341,S1585-2_a,1012,1334,1023,1342,13.601470508735444,12,8.812872943460993,0.7344060786217494,1
1342,S1585-2_a,1012,1334,1026,1341,15.652475842498529,15,9.532770219327386,0.6355180146218257,1
1343,S1585-2_a,1012,1334,1016,1342,8.94427190999916,9,6.424658484972821,0.7138509427747579,1
1346,S1585-2_a,1015,1846,1008,1828,19.313207915827967,19,2.7923454873401954,0.14696555196527344,1
1349,S1585-2_a,1015,1849,1021,1878,29.614185789921695,33,4.180133743298184,0.12667071949388437,1
1350,S1585-2_a,1015,1849,1026,1884,36.68787265568828,40,4.264775316802812,0.1066193829200703,1
1351,S1585-2_a,1015,1849,1028,1885,38.27531841800928,42,4.286784566683403,0.1020662992067477,1
1354,S1585-2_a,1027,1261,1027,1268,7.0,8,4.886277546254412,0.6107846932818015,1
1356,S1585-2_a,1027,1261,1022,1278,17.72004514666935,22,9.065756298375753,0.4120798317443524,1
1357,S1585-2_a,1027,1261,1025,1279,18.110770276274835,19,8.480524235738464,0.44634338082834024,1
1358,S1585-2_a,1027,1261,1028,1277,16.0312195418814,17,7.415140417882147,0.4361847304636557,1
1359,S1585-2_a,1027,1261,1024,1288,27.16615541441225,29,13.038417964491646,0.44960061946522917,1
1360,S1585-2_a,1022,1278,1027,1261,17.72004514666935,22,9.065756298375753,0.4120798317443524,1
1361,S1585-2_a,1022,1278,1027,1268,11.180339887498949,15,4.203121538810701,0.2802081025873801,1
1378,S1585-2_a,1026,1341,1054,1328,30.870698080866262,31,9.889977351609582,0.31903152747127683,1
1379,S1585-2_a,1026,1341,1010,1332,18.35755975068582,18,10.209218614872096,0.5671788119373387,1
1383,S1585-2_a,1026,1341,1012,1334,15.652475842498529,15,9.532770219327384,0.6355180146218256,1
1390,S1585-2_a,1026,1884,1015,1849,36.68787265568828,40,4.264775316802811,0.10661938292007027,1
1391,S1585-2_a,1026,1884,1021,1878,7.810249675906654,10,0.0922418400691507,0.00922418400691507,1
1394,S1585-2_a,1028,1885,1015,1849,38.27531841800928,42,4.286784566683403,0.1020662992067477,1
1395,S1585-2_a,1028,1885,1021,1878,9.899494936611665,12,0.11425108994974276,0.009520924162478564,1
1396,S1585-2_a,1028,1885,1053,1880,25.495097567963924,35,3.4864411507219017,0.09961260430634004,1
1397,S1585-2_a,1028,1885,1049,1873,24.186773244895647,27,3.2569718526690297,0.12062858713588999,1
1398,S1585-2_a,1028,1885,1041,1859,29.068883707497267,34,3.6089412921415853,0.10614533212181133,1
1399,S1585-2_a,1028,1885,1050,1875,24.166091947189145,29,3.287659458724404,0.11336756754222083,1
1400,S1585-2_a,1026,4021,1044,4039,25.45584412271571,23,1.0803429043063915,0.04697143062201702,1
1401,S1585-2_a,1026,4021,1018,4014,10.63014581273465,10,0.39124314125585774,0.03912431412558577,1
1402,S1585-2_a,1028,4022,1044,4039,23.345235059857504,21,1.0586032706605433,0.050409679555263966,1
1403,S1585-2_a,1028,4022,1018,4014,12.806248474865697,12,0.42246466807106314,0.035205389005921926,1
1406,S1585-2_a,1035,1338,1054,1328,21.470910553583888,22,7.001157834997751,0.3182344470453523,1
1407,S1585-2_a,1035,1338,1052,1338,17.0,18,4.205258401081065,0.23362546672672582,1
1408,S1585-2_a,1035,1338,1046,1336,11.180339887498949,12,3.3101473062693967,0.2758456088557831,1
1409,S1585-2_a,1035,1338,1047,1339,12.041594578792296,14,3.6788827790892453,0.26277734136351755,1
1425,S1585-2_a,1046,1336,1054,1328,11.313708498984761,11,3.696740409005185,0.3360673099095623,1
1426,S1585-2_a,1046,1336,1052,1338,6.324555320336759,8,0.8994474612265271,0.11243093265331588,1
1427,S1585-2_a,1046,1336,1035,1338,11.180339887498949,12,3.3101473062693967,0.2758456088557831,1
1437,S1585-2_a,1046,1831,1041,1859,28.442925306655784,29,1.1965975945438532,0.041261986018753555,1
1438,S1585-2_a,1048,1834,1041,1859,25.96150997149434,31,1.2437539151764094,0.04012109403794869,1
1442,S1585-2_a,1049,1873,1028,1885,24.186773244895647,27,3.25697185266903,0.12062858713589,1
1443,S1585-2_a,1049,1873,1041,1859,16.1245154965971,21,0.7816763565215686,0.03722268364388422,1
1444,S1585-2_a,1050,1875,1028,1885,24.166091947189145,29,3.2876594587244043,0.11336756754222084,1
1445,S1585-2_a,1050,1875,1053,1880,5.830951894845301,7,0.21121610818456726,0.030173729740652466,1
1446,S1585-2_a,1050,1875,1041,1859,18.35755975068582,23,0.8123639625769427,0.03532017228595403,1
1451,S1585-2_a,1054,1328,1035,1338,21.470910553583888,22,7.001157834997752,0.31823444704535236,1
1452,S1585-2_a,1054,1328,1046,1336,11.313708498984761,11,3.6967404090051854,0.3360673099095623,1
1453,S1585-2_a,1054,1328,1047,1339,13.038404810405298,15,4.0674716602705825,0.2711647773513722,1
1454,S1585-2_a,1054,1328,1026,1341,30.870698080866262,31,9.88997735160958,0.3190315274712768,1
1459,S1585-2_a,1056,1161,1049,1160,7.0710678118654755,8,2.0456453609659366,0.2557056701207421,1
1464,S1585-2_a,1062,4256,1063,4260,4.123105625617661,5,1.964255319090697,0.3928510638181394,1
1468,S1585-2_a,1061,1181,1072,1169,16.278820596099706,18,8.856259107712502,0.49201439487291676,1
1469,S1585-2_a,1061,1181,1074,1172,15.811388300841896,16,7.768797741795381,0.4855498588622113,1
1470,S1585-2_a,1061,1181,1070,1167,16.64331697709324,20,9.8564119235034,0.49282059617517,1
1477,S1585-2_a,1062,1183,1072,1169,17.204650534085253,18,8.892515777730136,0.49402865431834087,1
1478,S1585-2_a,1062,1183,1074,1172,16.278820596099706,16,7.805054411813014,0.4878159007383134,1
1479,S1585-2_a,1062,1183,1070,1167,17.88854381999832,20,9.892668593521034,0.4946334296760517,1
1484,S1585-2_a,1063,4260,1062,4256,4.123105625617661,5,1.9642553190906973,0.39285106381813945,1
1486,S1585-2_a,1074,1172,1073,1177,5.0990195135927845,6,2.560047356709689,0.4266745594516148,1
1487,S1585-2_a,1074,1172,1070,1178,7.211102550927978,7,3.6991433378079934,0.5284490482582848,1
1488,S1585-2_a,1074,1172,1083,1179,11.40175425099138,10,5.037541070058009,0.5037541070058009,1
1490,S1585-2_a,1074,1172,1080,1180,10.0,10,5.501650242442959,0.5501650242442959,1
1491,S1585-2_a,1074,1172,1061,1181,15.811388300841896,16,7.76879774179538,0.48554985886221125,1
1492,S1585-2_a,1074,1172,1062,1183,16.278820596099706,16,7.805054411813013,0.4878159007383133,1
1493,S1585-2_a,1070,1178,1072,1169,9.219544457292887,10,4.8704624909642575,0.48704624909642574,1
1494,S1585-2_a,1070,1178,1074,1172,7.211102550927978,7,3.6991433378079934,0.5284490482582848,1
1495,S1585-2_a,1070,1178,1070,1167,11.0,12,5.870615306755156,0.48921794222959636,1
1499,S1585-2_a,1073,1177,1074,1172,5.0990195135927845,6,2.560047356709689,0.4266745594516148,1
1506,S1585-2_a,1080,1180,1074,1172,10.0,10,5.501650242442959,0.5501650242442959,1
1509,S1585-2_a,1089,1180,1098,1185,10.295630140987,10,1.8953042996267095,0.18953042996267094,1
1510,S1585-2_a,1089,1180,1100,1189,14.212670403551895,14,2.215086801774016,0.15822048584100115,1
1517,S1585-2_a,1089,4286,1085,4282,5.656854249492381,5,2.3526605811771266,0.47053211623542535,1
1525,S1585-2_a,1095,4261,1098,4265,5.0,5,2.392952270274302,0.47859045405486034,1
1529,S1585-2_a,1098,1185,1089,1180,10.295630140987,10,1.89530429962671,0.189530429962671,1
1530,S1585-2_a,1100,1189,1089,1180,14.212670403551895,14,2.2150868017740164,0.15822048584100118,1
1533,S1585-2_a,1106,999,1120,976,26.92582403567252,25,15.001085942759246,0.6000434377103698,1
1535,S1585-2_a,1106,999,1111,982,17.72004514666935,19,10.380714446244724,0.546353391907617,1
1543,S1585-2_a,1106,4266,1098,4265,8.06225774829855,9,2.281615977912441,0.2535128864347157,1
1546,S1585-2_a,1106,4266,1097,4270,9.848857801796104,13,4.744069539142627,0.3649284260878944,1
1549,S1585-2_a,1111,4267,1130,4269,19.1049731745428,20,4.808916336628731,0.24044581683143657,1
1550,S1585-2_a,1111,4267,1123,4270,12.36931687685298,13,3.1340027887688167,0.24107713759760127,1
1552,S1585-2_a,1111,4267,1117,4270,6.708203932499369,8,2.1138166051530085,0.26422707564412606,1
1553,S1585-2_a,1111,4267,1120,4270,9.486832980505138,10,2.633740849772737,0.2633740849772737,1
1556,S1585-2_a,1108,4184,1101,4172,13.892443989449804,14,0.2753191108736139,0.019665650776686704,1
1557,S1585-2_a,1113,4188,1133,4211,30.479501308256342,34,0.6440141502837182,0.018941592655403478,1
1558,S1585-2_a,1113,4188,1131,4204,24.08318915758459,26,0.561460159986352,0.021594621537936617,1
1560,S1585-2_a,1113,4188,1132,4208,27.586228448267445,31,0.6023103963031271,0.01942936762268152,1
1563,S1585-2_a,1113,4188,1134,4213,32.64965543462902,36,0.6449328058824885,0.017914800163402456,1
1564,S1585-2_a,1110,4286,1103,4282,8.06225774829855,8,3.097980024790348,0.3872475030987935,1
1583,S1585-2_a,1117,4270,1111,4267,6.708203932499369,8,2.1138166051530085,0.26422707564412606,1
1588,S1585-2_a,1123,4270,1111,4267,12.36931687685298,13,3.134002788768816,0.24107713759760124,1
1594,S1585-2_a,1131,4204,1113,4188,24.08318915758459,26,0.5614601599863522,0.021594621537936624,1
1598,S1585-2_a,1134,4213,1113,4188,32.64965543462902,36,0.6449328058824887,0.017914800163402463,1
1601,S1585-2_a,1134,4213,1157,4239,34.713109915419565,31,0.865498917188919,0.027919319909319968,1
1603,S1585-2_a,1141,983,1146,989,7.810249675906654,7,2.0762974068106543,0.29661391525866493,1
1604,S1585-2_a,1141,983,1120,976,22.135943621178654,22,11.823158162659649,0.5374162801208932,1
1605,S1585-2_a,1141,983,1153,986,12.36931687685298,14,5.375978779258559,0.38399848423275423,1
1606,S1585-2_a,1141,983,1156,983,15.0,17,6.565751190126877,0.3862206582427574,1
1613,S1585-2_a,1142,986,1146,989,5.0,5,1.8152655670522249,0.363053113410445,1
1614,S1585-2_a,1142,986,1120,976,24.166091947189145,24,12.143947022612277,0.5059977926088449,1
1615,S1585-2_a,1142,986,1156,983,14.317821063276353,15,6.765204740373505,0.4510136493582337,1
1622,S1585-2_a,1146,989,1142,986,5.0,5,1.8152655670522249,0.363053113410445,1
1623,S1585-2_a,1146,989,1120,976,29.068883707497267,27,13.897669746928873,0.5147285091455138,1
1624,S1585-2_a,1146,989,1141,983,7.810249675906654,7,2.0762974068106543,0.29661391525866493,1
1625,S1585-2_a,1146,989,1156,983,11.661903789690601,11,5.023377442623282,0.4566706766021165,1
1633,S1585-2_a,1153,986,1120,976,34.48187929913333,34,17.197351119376776,0.5058044446875523,1
1634,S1585-2_a,1153,986,1141,983,12.36931687685298,14,5.375978779258558,0.3839984842327541,1
1640,S1585-2_a,1156,983,1146,989,11.661903789690601,11,5.023377442623284,0.4566706766021167,1
1641,S1585-2_a,1156,983,1142,986,14.317821063276353,15,6.765204740373506,0.45101364935823374,1
1642,S1585-2_a,1156,983,1120,976,36.6742416417845,37,18.38712353024509,0.4969492846012187,1
1643,S1585-2_a,1156,983,1141,983,15.0,17,6.565751190126876,0.3862206582427574,1
1660,S1585-2_a,1171,4382,1170,4376,6.082762530298219,7,2.54399901220503,0.3634284303150043,1
1675,S1585-2_a,1182,959,1181,945,14.035668847618199,20,7.993634241780338,0.3996817120890169,1
1680,S1585-2_a,1182,959,1208,949,27.85677655436824,27,13.666421884843544,0.5061637735127239,1
1686,S1585-2_a,1182,959,1195,961,13.152946437965905,14,7.157049506507301,0.5112178218933786,1
1690,S1585-2_a,1178,4368,1173,4372,6.4031242374328485,7,2.786425603738733,0.39806080053410475,1
1703,S1585-2_a,1180,930,1170,930,10.0,11,4.665234239724481,0.42411220361131646,1
1707,S1585-2_a,1180,930,1191,928,11.180339887498949,12,5.8522576222419564,0.4876881351868297,1
1724,S1585-2_a,1181,945,1189,950,9.433981132056603,12,3.198848761236748,0.26657073010306237,1
1729,S1585-2_a,1181,945,1182,959,14.035668847618199,20,7.993634241780336,0.3996817120890168,1
1731,S1585-2_a,1181,945,1187,951,8.48528137423857,11,3.227355480707833,0.2933959527916212,1
1741,S1585-2_a,1186,1055,1194,1059,8.94427190999916,9,0.2644557288126669,0.029383969868074098,1
1742,S1585-2_a,1189,1055,1194,1059,6.4031242374328485,6,0.24318213034808547,0.04053035505801424,1
1748,S1585-2_a,1187,951,1181,945,8.48528137423857,11,3.2273554807078337,0.29339595279162123,1
1758,S1585-2_a,1189,950,1170,930,27.586228448267445,24,13.674321662571563,0.5697634026071484,1
1763,S1585-2_a,1189,950,1181,945,9.433981132056603,12,3.198848761236749,0.2665707301030624,1
1767,S1585-2_a,1189,950,1208,949,19.026297590440446,20,8.891978415299967,0.44459892076499835,1
1773,S1585-2_a,1191,928,1170,930,21.095023109728988,22,10.395332043602346,0.47251509289101573,1
1774,S1585-2_a,1191,928,1159,917,33.83784863137726,34,18.315898834102622,0.5387029068853713,1
1778,S1585-2_a,1191,928,1180,930,11.180339887498949,12,5.8522576222419564,0.4876881351868297,1
1795,S1585-2_a,1205,4303,1196,4298,10.295630140987,11,0.17274420287852907,0.01570401844350264,1
1796,S1585-2_a,1205,4303,1199,4309,8.48528137423857,20,1.9475515585531222,0.09737757792765611,1
1797,S1585-2_a,1210,4306,1234,4321,28.30194339616981,25,1.7857637411824743,0.07143054964729897,1
1798,S1585-2_a,1208,949,1189,950,19.026297590440446,20,8.891978415299965,0.44459892076499824,1
1800,S1585-2_a,1208,949,1182,959,27.85677655436824,27,13.666421884843542,0.5061637735127238,1
1815,S1585-2_a,1236,695,1244,693,8.246211251235321,9,3.9178736757192336,0.4353192973021371,1
1816,S1585-2_a,1232,4281,1209,4263,29.206163733020468,34,1.998899391860043,0.058791158584118916,1
1817,S1585-2_a,1232,4281,1208,4275,24.73863375370596,33,2.185519297630917,0.06622785750396719,1
1818,S1585-2_a,1232,4281,1212,4275,20.8806130178211,30,1.9370335264741172,0.0645677842158039,1
1819,S1585-2_a,1232,4281,1248,4321,43.08131845707603,42,0.5852010246662939,0.013933357730149854,1
1820,S1585-2_a,1239,4296,1248,4321,26.570660511172846,28,0.4156314488829834,0.014843980317249409,1
1822,S1585-2_a,1234,4321,1210,4306,28.30194339616981,25,1.785763741182474,0.07143054964729896,1
1833,S1585-2_a,1312,568,1319,560,10.63014581273465,12,4.162858888084524,0.346904907340377,1
1834,S1585-2_a,1312,568,1306,562,8.48528137423857,7,2.8172841366760824,0.40246916238229746,1
1839,S1585-2_a,1316,562,1319,560,3.605551275463989,4,1.889575910916353,0.47239397772908825,1
1840,S1585-2_a,1316,562,1306,562,10.0,11,4.214116814222182,0.3831015285656529,1
1858,S1585-2_a,1322,723,1321,718,5.0990195135927845,6,0.21765323527666758,0.03627553921277793,1
1859,S1585-2_a,1322,726,1321,718,8.06225774829855,9,0.31797414878360925,0.03533046097595658,1
1860,S1585-2_a,1322,726,1317,734,9.433981132056603,15,0.9346635262255355,0.062310901748369035,1
1861,S1585-2_a,1322,726,1308,726,14.0,17,1.0871869302236348,0.06395217236609617,1
1862,S1585-2_a,1322,726,1323,746,20.024984394500787,21,1.0994768060049782,0.05235603838118944,1
1893,S1585-2_a,1488,4581,1487,4573,8.06225774829855,9,2.5887403803766333,0.2876378200418481,1
1896,S1585-2_a,1488,4581,1497,4572,12.727922061357855,12,6.767679695003733,0.5639733079169778,1
1907,S1585-2_a,1494,4566,1487,4573,9.899494936611665,9,3.306890198942307,0.367432244326923,1
1908,S1585-2_a,1494,4566,1497,4572,6.708203932499369,8,3.386190708215762,0.42327383852697026,1
1909,S1585-2_a,1494,4566,1498,4566,4.0,5,1.5722731107726324,0.31445462215452646,1
1910,S1585-2_a,1494,4566,1500,4579,14.317821063276353,15,7.467781017345914,0.4978520678230609,1
1911,S1585-2_a,1494,4518,1501,4517,7.0710678118654755,8,0.1779674901735955,0.022245936271699438,1
1913,S1585-2_a,1497,4518,1501,4517,4.123105625617661,6,0.1627752752848106,0.02712921254746843,1
1914,S1585-2_a,1497,4572,1488,4581,12.727922061357855,12,6.767679695003732,0.5639733079169776,1
1917,S1585-2_a,1497,4572,1494,4566,6.708203932499369,8,3.3861907082157625,0.4232738385269703,1
1918,S1585-2_a,1497,4572,1500,4579,7.615773105863909,8,4.135317976082186,0.5169147470102733,1
1919,S1585-2_a,1501,4568,1500,4579,11.045361017187261,12,5.649463408079414,0.47078861733995114,1
1922,S1585-2_a,1501,4568,1514,4554,19.1049731745428,18,5.532966075313089,0.3073870041840605,1
1923,S1585-2_a,1501,4568,1514,4556,17.69180601295413,17,5.1136824923220345,0.3008048524895314,1
1926,S1585-2_a,1498,4566,1494,4566,4.0,5,1.5722731107726324,0.31445462215452646,1
1927,S1585-2_a,1498,4566,1500,4579,13.152946437965905,14,6.286718468428683,0.44905131917347735,1
1930,S1585-2_a,1498,4566,1514,4554,20.0,18,5.946664282477524,0.33037023791541803,1
1931,S1585-2_a,1498,4566,1514,4556,18.867962264113206,17,5.52738069948647,0.32514004114626294,1
1938,S1585-2_a,1511,4566,1510,4570,4.123105625617661,5,1.7832474072039863,0.3566494814407973,1
1941,S1585-2_a,1502,4537,1497,4533,6.4031242374328485,6,1.5326179644040923,0.25543632740068206,1
1942,S1585-2_a,1502,4537,1510,4522,17.0,23,2.612215199452709,0.11357457388924821,1
1943,S1585-2_a,1502,4537,1509,4520,18.384776310850235,25,2.631351770815127,0.10525407083260507,1
1944,S1585-2_a,1502,4537,1508,4539,6.324555320336759,8,1.2573188296965885,0.15716485371207356,1
1945,S1585-2_a,1502,4537,1506,4547,10.770329614269007,15,2.220389126666199,0.14802594177774658,1
1946,S1585-2_a,1502,4540,1497,4533,8.602325267042627,8,1.8706179352514785,0.2338272419064348,1
1947,S1585-2_a,1502,4540,1510,4522,19.697715603592208,24,2.5167757065473926,0.1048656544394747,1
1948,S1585-2_a,1502,4540,1509,4520,21.18962010041709,26,2.5359122779098104,0.09753508761191579,1
1949,S1585-2_a,1502,4540,1508,4539,6.082762530298219,8,1.1454450136508652,0.14318062670635814,1
1950,S1585-2_a,1502,4540,1506,4547,8.06225774829855,8,1.7880732515622648,0.2235091564452831,1
1951,S1585-2_a,1506,4547,1497,4533,16.64331697709324,19,3.5936262386789872,0.18913822308836775,1
1953,S1585-2_a,1506,4547,1502,4537,10.770329614269007,15,2.2203891266661984,0.14802594177774656,1
1957,S1585-2_a,1506,4547,1502,4540,8.06225774829855,8,1.7880732515622646,0.22350915644528307,1
1958,S1585-2_a,1506,4547,1510,4522,25.317977802344327,26,2.395642770589461,0.09214010656113313,1
1959,S1585-2_a,1506,4547,1509,4520,27.16615541441225,28,2.414779341951879,0.08624211935542425,1
1960,S1585-2_a,1506,4547,1508,4539,8.246211251235321,10,1.024312077692934,0.1024312077692934,1
1982,S1585-2_a,1508,4587,1502,4583,7.211102550927978,7,1.9436504204999363,0.2776643457857052,1
1983,S1585-2_a,1508,4587,1500,4579,11.313708498984761,10,3.2247243092041016,0.32247243092041017,1
1988,S1585-2_a,1508,4539,1497,4533,12.529964086141668,12,2.630555941709377,0.21921299514244807,1
1989,S1585-2_a,1508,4539,1502,4537,6.324555320336759,8,1.2573188296965883,0.15716485371207353,1
1990,S1585-2_a,1508,4539,1502,4540,6.082762530298219,8,1.1454450136508654,0.14318062670635817,1
1991,S1585-2_a,1508,4539,1510,4522,17.11724276862369,19,1.4325724736198502,0.07539855124315001,1
1992,S1585-2_a,1508,4539,1509,4520,19.026297590440446,21,1.4517090449822683,0.06912900214201277,1
1993,S1585-2_a,1508,4539,1506,4547,8.246211251235321,10,1.024312077692934,0.1024312077692934,1
1994,S1585-2_a,1514,4556,1498,4566,18.867962264113206,17,5.52738069948647,0.32514004114626294,1
1995,S1585-2_a,1514,4556,1501,4568,17.69180601295413,17,5.1136824923220345,0.3008048524895314,1
1996,S1585-2_a,1514,4556,1500,4579,26.92582403567252,29,10.664039851439743,0.3677255121186118,1
2000,S1585-2_a,1514,4556,1505,4563,11.40175425099138,12,3.5070544494813887,0.29225453745678237,1
2006,S1585-2_a,1509,4520,1501,4517,8.54400374531753,11,0.1769917958574866,0.016090163259771507,1
2007,S1585-2_a,1509,4520,1497,4533,17.69180601295413,29,4.004588882827915,0.13808927182165223,1
2008,S1585-2_a,1509,4520,1502,4537,18.384776310850235,25,2.6313517708151264,0.10525407083260506,1
2009,S1585-2_a,1509,4520,1502,4540,21.18962010041709,26,2.5359122779098096,0.09753508761191575,1
2010,S1585-2_a,1509,4520,1508,4539,19.026297590440446,21,1.4517090449822685,0.06912900214201279,1
2011,S1585-2_a,1509,4520,1506,4547,27.16615541441225,28,2.414779341951878,0.08624211935542422,1
2012,S1585-2_a,1510,4522,1497,4533,17.029386365926403,27,3.9854523114654974,0.1476093448690925,1
2013,S1585-2_a,1510,4522,1502,4537,17.0,23,2.6122151994527085,0.1135745738892482,1
2014,S1585-2_a,1510,4522,1502,4540,19.697715603592208,24,2.5167757065473917,0.10486565443947465,1
2015,S1585-2_a,1510,4522,1508,4539,17.11724276862369,19,1.4325724736198506,0.07539855124315004,1
2016,S1585-2_a,1510,4522,1506,4547,25.317977802344327,26,2.3956427705894607,0.09214010656113311,1
2078,S1585-2_a,1611,4747,1620,4742,10.295630140987,11,6.539505414773458,0.5945004922521325,1
2079,S1585-2_a,1611,4747,1617,4747,6.0,7,3.196675970630824,0.4566679958044034,1
2080,S1585-2_a,1615,4751,1631,4745,17.08800749063506,18,12.478574396739948,0.6932541331522193,1
2081,S1585-2_a,1615,4751,1617,4747,4.47213595499958,5,2.372413923674134,0.4744827847348268,1
2082,S1585-2_a,1615,4751,1629,4744,15.652475842498529,16,11.302778457907642,0.7064236536192277,1
2083,S1585-2_a,1613,4699,1621,4702,8.54400374531753,9,3.912618761475128,0.4347354179416809,1
2084,S1585-2_a,1614,4701,1621,4702,7.0710678118654755,8,3.3901661200496362,0.42377076500620453,1
2087,S1585-2_a,1616,4728,1621,4702,26.476404589747453,27,12.477512516928055,0.4621300932195576,1
2088,S1585-2_a,1616,4728,1618,4711,17.11724276862369,19,7.963907153622355,0.4191530080853871,1
2089,S1585-2_a,1616,4728,1618,4734,6.324555320336759,7,3.4249649348056836,0.4892807049722405,1
2093,S1585-2_a,1617,4726,1621,4702,24.331050121192877,25,11.676888334297091,0.4670755333718837,1
2094,S1585-2_a,1617,4726,1618,4711,15.033296378372908,17,7.163282970991391,0.4213695865289053,1
2107,S1585-2_a,1618,4734,1616,4728,6.324555320336759,7,3.4249649348056836,0.4892807049722405,1
2109,S1585-2_a,1618,4734,1617,4747,13.038404810405298,14,8.516297280055094,0.6083069485753638,1
2118,S1585-2_a,1629,4744,1622,4740,8.06225774829855,8,4.801619138557363,0.6002023923196704,1
2119,S1585-2_a,1629,4744,1620,4742,9.219544457292887,10,6.097816247766421,0.6097816247766421,1
2121,S1585-2_a,1629,4744,1615,4751,15.652475842498529,16,11.302778457907642,0.7064236536192277,1
2123,S1585-2_a,1631,4745,1642,4737,13.601470508735444,15,8.71689073393676,0.5811260489291173,1
2124,S1585-2_a,1631,4745,1640,4742,9.486832980505138,10,5.765658724297323,0.5765658724297322,1
2127,S1585-2_a,1631,4745,1615,4751,17.08800749063506,18,12.478574396739948,0.6932541331522193,1
2128,S1585-2_a,1639,4744,1621,4702,45.69463863518345,44,27.79820967676375,0.6317774926537216,1
2129,S1585-2_a,1639,4744,1618,4711,39.11521443121589,36,23.28460431345805,0.6467945642627236,1
2131,S1585-2_a,1639,4744,1642,4737,7.615773105863909,8,4.099727049823467,0.5124658812279334,1
2134,S1585-2_a,1640,4742,1621,4702,44.28317965096906,42,26.768211530251097,0.6373383697678833,1
2135,S1585-2_a,1640,4742,1618,4711,38.01315561749642,34,22.254606166945397,0.6545472402042763,1
2137,S1585-2_a,1640,4742,1642,4737,5.385164807134504,6,3.06972890331081,0.5116214838851351,1
2138,S1585-2_a,1640,4742,1631,4745,9.486832980505138,10,5.765658724297324,0.5765658724297323,1
2144,S1585-2_a,1790,4861,1795,4866,7.0710678118654755,6,3.134199950695231,0.5223666584492052,1
2146,S1585-2_a,1804,4874,1795,4866,12.041594578792296,10,4.925183992681818,0.4925183992681818,1
2150,S1585-2_a,1804,4876,1805,4883,7.0710678118654755,8,2.7691909860819246,0.3461488732602406,1
2151,S1585-2_a,1804,4876,1805,4880,4.123105625617661,5,1.8424061570838242,0.3684812314167648,1
2155,S1585-2_a,1805,4880,1804,4876,4.123105625617661,5,1.8424061570838242,0.3684812314167648,1
2159,S1585-2_a,1805,4883,1804,4876,7.0710678118654755,8,2.769190986081925,0.34614887326024063,1
2160,S1585-2_a,1805,4883,1807,4888,5.385164807134504,6,2.4452577935449065,0.40754296559081776,1
2165,S1585-2_a,1807,4888,1805,4883,5.385164807134504,6,2.445257793544906,0.40754296559081765,1
2168,S1585-2_a,1808,4890,1811,4893,4.242640687119285,4,2.0618534793431964,0.5154633698357991,1
2171,S1585-2_a,1816,4897,1811,4893,6.4031242374328485,6,2.165783513145696,0.360963918857616,1
2174,S1585-2_a,1828,4895,1827,4890,5.0990195135927845,6,1.9601274390301278,0.3266879065050213,1
2175,S1585-2_a,1828,4895,1844,4890,16.76305461424021,17,7.285851753466049,0.4285795149097676,1
2176,S1585-2_a,1828,4895,1836,4893,8.246211251235321,10,3.301591818012023,0.3301591818012023,1
2177,S1585-2_a,1828,4895,1836,4890,9.433981132056603,13,4.751337958141695,0.3654875352416689,1
2178,S1585-2_a,1828,4895,1849,4885,23.259406699226016,26,8.046258535761151,0.30947148214465964,1
2179,S1585-2_a,1828,4895,1858,4875,36.05551275463989,36,15.673404835027956,0.4353723565285543,1
2180,S1585-2_a,1828,4895,1852,4886,25.632011235952593,29,8.643582715608174,0.2980545764002819,1
2181,S1585-2_a,1828,4895,1846,4887,19.697715603592208,21,7.7327887491283525,0.3682280356727787,1
2182,S1585-2_a,1828,4895,1854,4893,26.076809620810597,28,10.632216669389486,0.37972202390676735,1
2184,S1585-2_a,1828,4895,1854,4895,26.0,28,10.216042906412532,0.364858675229019,1
2193,S1585-2_a,1830,4879,1835,4881,5.385164807134504,6,1.8650836927378087,0.31084728212296814,1
2199,S1585-2_a,1824,4886,1844,4890,20.396078054371138,22,9.686469161361986,0.44029405278918116,1
2200,S1585-2_a,1824,4886,1836,4893,13.892443989449804,14,5.681588032410649,0.4058277166007606,1
2201,S1585-2_a,1824,4886,1836,4890,12.649110640673518,14,6.138946423861138,0.4384961731329384,1
2202,S1585-2_a,1824,4886,1854,4893,30.805843601498726,33,13.032834077285425,0.39493436597834625,1
2203,S1585-2_a,1824,4886,1835,4896,14.866068747318506,14,5.352542274248245,0.3823244481605889,1
2204,S1585-2_a,1824,4886,1854,4895,31.32091952673165,33,12.616660314308472,0.38232303982752947,1
2205,S1585-2_a,1827,4890,1836,4893,9.486832980505138,10,5.244981729092046,0.5244981729092046,1
2206,S1585-2_a,1827,4890,1836,4890,9.0,10,5.702340120542533,0.5702340120542533,1
2207,S1585-2_a,1827,4890,1828,4895,5.0990195135927845,6,1.9601274390301278,0.3266879065050213,1
2208,S1585-2_a,1827,4890,1825,4896,6.324555320336759,8,2.6136283138099348,0.32670353922624185,1
2219,S1585-2_a,1835,4896,1824,4886,14.866068747318506,14,5.352542274248245,0.3823244481605889,1
2220,S1585-2_a,1835,4896,1844,4890,10.816653826391969,11,4.577785713027889,0.41616233754798987,1
2221,S1585-2_a,1835,4896,1835,4881,15.0,16,5.947362766864973,0.37171017292906083,1
2222,S1585-2_a,1835,4896,1849,4885,17.804493814764857,20,5.33819249532299,0.2669096247661495,1
2223,S1585-2_a,1835,4896,1858,4875,31.144823004794873,30,12.965338794589794,0.4321779598196598,1
2224,S1585-2_a,1835,4896,1852,4886,19.72308292331602,23,5.935516675170014,0.25806594239869624,1
2225,S1585-2_a,1835,4896,1846,4887,14.212670403551895,15,5.024722708690192,0.3349815139126795,1
2226,S1585-2_a,1835,4896,1854,4893,19.235384061671343,22,7.924150628951329,0.36018866495233315,1
2229,S1585-2_a,1835,4896,1842,4896,7.0,11,3.251152681337675,0.29555933466706136,1
2230,S1585-2_a,1835,4896,1854,4895,19.026297590440446,22,7.507976865974377,0.34127167572610806,1
2231,S1585-2_a,1836,4890,1824,4886,12.649110640673518,14,6.138946423861136,0.4384961731329383,1
2232,S1585-2_a,1836,4890,1827,4890,9.0,10,5.702340120542534,0.5702340120542534,1
2233,S1585-2_a,1836,4890,1844,4890,8.0,9,4.274398824282638,0.47493320269807093,1
2234,S1585-2_a,1836,4890,1835,4881,9.055385138137417,10,4.394317778054162,0.43943177780541615,1
2235,S1585-2_a,1836,4890,1849,4885,13.92838827718412,17,4.981724609591123,0.2930426240935955,1
2236,S1585-2_a,1836,4890,1858,4875,26.627053911388696,27,12.608870908857927,0.4669952188465899,1
2237,S1585-2_a,1836,4890,1852,4886,16.492422502470642,20,5.579048789438147,0.27895243947190734,1
2238,S1585-2_a,1836,4890,1846,4887,10.44030650891055,12,4.668254822958326,0.38902123524652715,1
2239,S1585-2_a,1836,4890,1854,4893,18.24828759089466,19,7.567682743219462,0.3982990917483928,1
2240,S1585-2_a,1836,4890,1828,4895,9.433981132056603,13,4.751337958141695,0.3654875352416689,1
2241,S1585-2_a,1836,4890,1842,4896,8.48528137423857,9,5.057994944324061,0.561999438258229,1
2242,S1585-2_a,1836,4890,1854,4895,18.681541692269406,19,7.15150898024251,0.3763952094864479,1
2246,S1585-2_a,1843,4904,1842,4896,8.06225774829855,9,2.228091013262628,0.247565668140292,1
2247,S1585-2_a,1843,4904,1845,4910,6.324555320336759,7,3.1582110942709765,0.45117301346728234,1
2263,S1585-2_a,1844,4890,1824,4886,20.396078054371138,22,9.686469161361986,0.44029405278918116,1
2264,S1585-2_a,1844,4890,1835,4881,12.727922061357855,13,4.415631211540514,0.3396639393492703,1
2265,S1585-2_a,1844,4890,1836,4893,8.54400374531753,9,4.006256950358612,0.4451396611509569,1
2266,S1585-2_a,1844,4890,1836,4890,8.0,9,4.274398824282638,0.47493320269807093,1
2267,S1585-2_a,1844,4890,1858,4875,20.518284528683193,20,8.39513167210221,0.4197565836051105,1
2268,S1585-2_a,1844,4890,1854,4893,10.44030650891055,11,3.34713463450833,0.30428496677348454,1
2269,S1585-2_a,1844,4890,1828,4895,16.76305461424021,17,7.2858517534660505,0.4285795149097677,1
2270,S1585-2_a,1844,4890,1835,4896,10.816653826391969,11,4.577785713027889,0.41616233754798987,1
2271,S1585-2_a,1844,4890,1842,4896,6.324555320336759,7,2.085843513809948,0.29797764482999256,1
2273,S1585-2_a,1844,4890,1854,4895,11.180339887498949,11,2.9309608715313775,0.2664509883210343,1
2274,S1585-2_a,1854,4888,1858,4892,5.656854249492381,5,1.4412281433663725,0.2882456286732745,1
2275,S1585-2_a,1854,4888,1854,4893,5.0,6,2.546638875248635,0.4244398125414392,1
2277,S1585-2_a,1854,4888,1856,4896,8.246211251235321,9,3.0336114748075826,0.337067941645287,1
2278,S1585-2_a,1854,4888,1854,4895,7.0,8,2.8928278039156448,0.3616034754894556,1
2287,S1585-2_a,1852,4923,1857,4919,6.4031242374328485,8,2.192414953765381,0.27405186922067265,1
2288,S1585-2_a,1857,4927,1860,4930,4.242640687119285,4,1.929586485357516,0.482396621339379,1
2299,S1585-2_a,1857,4919,1852,4923,6.4031242374328485,8,2.192414953765381,0.27405186922067265,1
2300,S1585-2_a,1857,4919,1871,4915,14.560219778561036,15,7.459886653644999,0.49732577690966656,1
2307,S1585-2_a,1862,4918,1866,4934,16.492422502470642,17,11.345528875009776,0.6673840514711633,1
2308,S1585-2_a,1862,4918,1871,4915,9.486832980505138,10,5.377967749384565,0.5377967749384565,1
2310,S1585-2_a,1858,4892,1861,4870,22.20360331117452,24,12.376374705068717,0.5156822793778632,1
2311,S1585-2_a,1858,4892,1854,4888,5.656854249492381,5,1.4412281433663725,0.2882456286732745,1
2325,S1585-2_a,1860,4930,1857,4927,4.242640687119285,4,1.929586485357516,0.482396621339379,1
2326,S1585-2_a,1860,4930,1866,4941,12.529964086141668,12,5.713874048936398,0.4761561707446998,1
2327,S1585-2_a,1860,4930,1871,4915,18.601075237738275,16,13.061585213867627,0.8163490758667267,1
2328,S1585-2_a,1867,4936,1866,4941,5.0990195135927845,6,2.604361046163244,0.4340601743605406,1
2335,S1585-2_a,1884,4853,1890,4863,11.661903789690601,14,2.6682543565678545,0.19058959689770388,1
2336,S1585-2_a,1884,4853,1901,4860,18.384776310850235,19,4.965954605684251,0.26136603187811847,1
2337,S1585-2_a,1884,4853,1891,4860,9.899494936611665,11,1.634771210414153,0.14861556458310482,1
2338,S1585-2_a,1884,4853,1889,4857,6.4031242374328485,7,1.333978699990324,0.19056838571290344,1
2341,S1585-2_a,1874,4867,1861,4870,13.341664064126334,14,7.047696470178854,0.503406890727061,1
2360,S1585-2_a,1875,4911,1886,4906,12.083045973594572,13,3.6150511131573007,0.2780808548582539,1
2361,S1585-2_a,1875,4911,1886,4903,13.601470508735444,16,4.5308477689368445,0.2831779855585528,1
2362,S1585-2_a,1875,4911,1885,4909,10.198039027185569,12,3.219160751681936,0.26826339597349463,1
2363,S1585-2_a,1875,4911,1884,4911,9.0,11,2.983481377879107,0.27122557980719153,1
2364,S1585-2_a,1875,4911,1881,4915,7.211102550927978,7,2.4375959292675615,0.3482279898953659,1
2365,S1585-2_a,1875,4911,1883,4914,8.54400374531753,9,2.559204061376298,0.28435600681958867,1
2366,S1585-2_a,1875,4911,1871,4915,5.656854249492381,7,2.5016680181873823,0.35738114545534033,1
2367,S1585-2_a,1877,4911,1886,4906,10.295630140987,11,2.973489789892089,0.2703172536265535,1
2368,S1585-2_a,1877,4911,1886,4903,12.041594578792296,14,3.8892864456716336,0.27780617469083096,1
2369,S1585-2_a,1877,4911,1885,4909,8.246211251235321,10,2.577599428416724,0.2577599428416724,1
2370,S1585-2_a,1877,4911,1884,4911,7.0,9,2.3585669445635835,0.26206299384039816,1
2371,S1585-2_a,1877,4911,1881,4915,5.656854249492381,5,1.8126814959520379,0.3625362991904076,1
2372,S1585-2_a,1877,4911,1883,4914,6.708203932499369,7,1.9342896280607746,0.2763270897229678,1
2378,S1585-2_a,1882,4879,1893,4882,11.40175425099138,17,5.283632489969426,0.3108019111746721,1
2386,S1585-2_a,1883,4868,1890,4863,8.602325267042627,9,3.3260452763523087,0.3695605862613676,1
2387,S1585-2_a,1883,4868,1901,4860,19.697715603592208,23,7.912503530339539,0.3440218926234582,1
2388,S1585-2_a,1883,4868,1891,4860,11.313708498984761,11,4.093608185160353,0.37214619865094123,1
2389,S1585-2_a,1883,4868,1889,4857,12.529964086141668,15,4.315046897054523,0.28766979313696817,1
2393,S1585-2_a,1887,4888,1882,4883,7.0710678118654755,6,2.5498493226692376,0.4249748871115396,1
2394,S1585-2_a,1887,4888,1875,4888,12.0,13,3.957101630425667,0.3043924331096667,1
2395,S1585-2_a,1887,4888,1879,4893,9.433981132056603,9,4.106884048712859,0.4563204498569843,1
2396,S1585-2_a,1887,4888,1881,4894,8.48528137423857,8,3.73527300657613,0.46690912582201627,1
2397,S1585-2_a,1887,4888,1885,4898,10.198039027185569,11,4.216244038925529,0.38329491262959353,1
2398,S1585-2_a,1887,4888,1876,4891,11.40175425099138,12,4.418364702674968,0.36819705855624735,1
2399,S1585-2_a,1887,4888,1883,4895,8.06225774829855,8,3.7030111170764526,0.4628763896345566,1
2400,S1585-2_a,1887,4888,1893,4882,8.48528137423857,8,2.4573335465357946,0.3071666933169743,1
2401,S1585-2_a,1887,4888,1894,4890,7.280109889280518,10,4.058489320764276,0.40584893207642764,1
2402,S1585-2_a,1887,4888,1892,4885,5.830951894845301,6,2.2279726910040507,0.37132878183400847,1
2403,S1585-2_a,1887,4890,1882,4883,8.602325267042627,8,2.682429124995762,0.33530364062447027,1
2404,S1585-2_a,1887,4890,1875,4888,12.165525060596439,13,3.9661962186956066,0.30509201682273895,1
2405,S1585-2_a,1887,4890,1879,4893,8.54400374531753,9,4.115978636982797,0.45733095966475523,1
2406,S1585-2_a,1887,4890,1881,4894,7.211102550927978,8,3.7443675948460693,0.46804594935575866,1
2407,S1585-2_a,1887,4890,1885,4898,8.246211251235321,10,4.177332733412562,0.41773327334125615,1
2408,S1585-2_a,1887,4890,1876,4891,11.045361017187261,12,4.427459290944908,0.36895494091207565,1
2409,S1585-2_a,1887,4890,1883,4895,6.4031242374328485,7,3.664099811563485,0.523442830223355,1
2410,S1585-2_a,1887,4890,1894,4890,7.0,8,4.046382704934789,0.5057978381168486,1
2411,S1585-2_a,1887,4890,1892,4885,7.0710678118654755,7,2.729512326079139,0.38993033229701984,1
2414,S1585-2_a,1889,4857,1881,4853,8.94427190999916,9,1.499585111813102,0.16662056797923355,1
2415,S1585-2_a,1889,4857,1884,4853,6.4031242374328485,7,1.333978699990324,0.19056838571290344,1
2416,S1585-2_a,1889,4857,1883,4868,12.529964086141668,15,4.315046897054523,0.28766979313696817,1
2417,S1585-2_a,1889,4857,1883,4871,15.231546211727817,18,4.524002517681104,0.2513334732045058,1
2418,S1585-2_a,1889,4857,1901,4860,12.36931687685298,13,3.6360422283035723,0.2796955560233517,1
2422,S1585-2_a,1890,4863,1881,4853,13.45362404707371,16,2.833860768390632,0.1771162980244145,1
2423,S1585-2_a,1890,4863,1884,4853,11.661903789690601,14,2.668254356567854,0.19058959689770386,1
2425,S1585-2_a,1890,4863,1883,4868,8.602325267042627,9,3.326045276352309,0.3695605862613677,1
2426,S1585-2_a,1890,4863,1883,4871,10.63014581273465,12,3.5350008969788904,0.2945834080815742,1
2427,S1585-2_a,1890,4863,1901,4860,11.40175425099138,16,4.935798612472191,0.30848741327951196,1
2449,S1585-2_a,1892,4885,1887,4890,7.0710678118654755,7,2.729512326079139,0.38993033229701984,1
2450,S1585-2_a,1892,4885,1887,4888,5.830951894845301,6,2.227972691004051,0.3713287818340085,1
2451,S1585-2_a,1892,4885,1882,4883,10.198039027185569,11,4.351014379437265,0.3955467617670241,1
2452,S1585-2_a,1892,4885,1894,4890,5.385164807134504,7,1.9991790571438928,0.28559700816341327,1
2459,S1585-2_a,1901,4860,1881,4853,21.18962010041709,21,5.131561017507028,0.24436004845271564,1
2460,S1585-2_a,1901,4860,1884,4853,18.384776310850235,19,4.96595460568425,0.2613660318781184,1
2461,S1585-2_a,1901,4860,1883,4868,19.697715603592208,23,7.912503530339538,0.34402189262345817,1
2462,S1585-2_a,1901,4860,1883,4871,21.095023109728988,26,8.12145915096612,0.3123638134986969,1
2463,S1585-2_a,1901,4860,1890,4863,11.40175425099138,16,4.93579861247219,0.3084874132795119,1
2464,S1585-2_a,1901,4860,1891,4860,10.0,13,3.9023154663184894,0.30017811279372997,1
2465,S1585-2_a,1901,4860,1889,4857,12.36931687685298,13,3.636042228303573,0.2796955560233518,1
2469,S1585-2_a,1904,4861,1926,4865,22.360679774997898,24,7.7091418703656664,0.32121424459856945,1
2473,S1585-2_a,1904,4861,1951,4866,47.265209192385896,50,8.737535016132197,0.17475070032264395,1
2474,S1585-2_a,1951,4866,1926,4865,25.019992006393608,32,1.0679054418584888,0.033372045058077775,1
2475,S1585-2_a,1951,4866,1904,4861,47.265209192385896,50,8.737535016132199,0.17475070032264398,1
2476,S1585-2_a,1951,4866,1975,4863,24.186773244895647,26,0.5393296099602218,0.02074344653693161,1
2477,S1585-2_a,1956,4866,1926,4865,30.01666203960727,36,1.108177251293563,0.030782701424821195,1
2478,S1585-2_a,1956,4866,1975,4863,19.235384061671343,20,0.477260253493333,0.023863012674666652,1
2484,S1585-2_a,1997,4868,2010,4870,13.152946437965905,14,0.3233015893172794,0.02309297066551996,1
2485,S1585-2_a,1926,4865,1904,4861,22.360679774997898,24,7.709141870365667,0.32121424459856945,1
2488,S1585-2_a,1926,4865,1951,4866,25.019992006393608,32,1.0679054418584892,0.03337204505807779,1
2489,S1585-2_a,1926,4865,1956,4866,30.01666203960727,36,1.1081772512935633,0.0307827014248212,1
2490,S1585-2_a,1926,4865,1975,4863,49.040799340956916,55,1.5250078637093074,0.02772741570380559,1
2491,S1585-2_a,860,3030,860,3039,9.0,11,0.26033958245272915,0.023667234768429923,1
2503,S1585-2_a,732,2465,740,2460,9.433981132056603,10,4.275653199946061,0.42756531999460606,1
2504,S1585-2_a,732,2465,732,2471,6.0,7,2.6071730945096108,0.3724532992156587,1
2505,S1585-2_a,732,2471,732,2465,6.0,7,2.6071730945096108,0.3724532992156587,1
2508,S1585-2_a,732,2471,735,2478,7.615773105863909,8,2.690013241518055,0.33625165518975686,1
2516,S1585-2_a,754,2458,746,2458,8.0,9,2.917260794250011,0.3241400882500012,1
2517,S1585-2_a,754,2458,751,2461,4.242640687119285,4,1.2225780875652,0.3056445218913,1
2518,S1585-2_a,754,2458,762,2459,8.06225774829855,9,2.094580247284075,0.23273113858711947,1
2525,S1585-2_a,761,2202,779,2212,20.591260281974,19,6.817119757260593,0.35879577669792595,1
2526,S1585-2_a,761,2202,764,2194,8.54400374531753,9,3.4038243654256735,0.37820270726951927,1
2527,S1585-2_a,761,2202,771,2210,12.806248474865697,11,3.6551714009033587,0.3322883091730326,1
2528,S1585-2_a,761,2202,770,2208,10.816653826391969,10,3.0978134833374074,0.3097813483337407,1
2529,S1585-2_a,761,2202,783,2216,26.076809620810597,23,8.672280556718963,0.3770556763790854,1
2530,S1585-2_a,764,2194,779,2212,23.430749027719962,26,10.218580647448267,0.3930223325941641,1
2531,S1585-2_a,764,2194,761,2202,8.54400374531753,9,3.4038243654256743,0.3782027072695194,1
2532,S1585-2_a,764,2194,765,2189,5.0990195135927845,6,2.7651939276056403,0.46086565460094003,1
2533,S1585-2_a,764,2194,771,2210,17.46424919657298,18,7.056632291091031,0.39203512728283507,1
2534,S1585-2_a,764,2194,770,2208,15.231546211727817,17,6.49927437352508,0.3823102572661812,1
2535,S1585-2_a,764,2194,783,2216,29.068883707497267,30,12.073741446906636,0.4024580482302212,1
2536,S1585-2_a,765,2189,764,2194,5.0990195135927845,6,2.7651939276056394,0.4608656546009399,1
2537,S1585-2_a,765,3439,770,3431,9.433981132056603,9,5.286062365603425,0.587340262844825,1
2538,S1585-2_a,765,3439,774,3429,13.45362404707371,12,5.802727504346645,0.48356062536222044,1
2539,S1585-2_a,765,3439,760,3432,8.602325267042627,9,3.2274293683456925,0.3586032631495214,1
2540,S1585-2_a,765,3439,763,3433,6.324555320336759,7,2.3889439784892614,0.34127771121275163,1
2541,S1585-2_a,765,3439,765,3435,4.0,5,1.9671715495809523,0.39343430991619044,1
2542,S1585-2_a,765,3439,766,3446,7.0710678118654755,8,3.4619650198385434,0.43274562747981793,1
2544,S1585-2_a,766,3446,766,3451,5.0,6,2.4272967512417956,0.4045494585402993,1
2545,S1585-2_a,766,3446,765,3439,7.0710678118654755,8,3.461965019838543,0.4327456274798179,1
2570,S1585-2_a,771,3149,767,3153,5.656854249492381,5,3.2033401766104768,0.6406680353220954,1
2572,S1585-2_a,771,3149,775,3143,7.211102550927978,7,3.640437322019023,0.5200624745741461,1
2573,S1585-2_a,771,3149,769,3152,3.605551275463989,4,2.1783292393711666,0.5445823098427917,1
2574,S1585-2_a,771,3149,779,3140,12.041594578792296,11,5.6552030542367016,0.5141093685669729,1
2575,S1585-2_a,771,3149,783,3138,16.278820596099706,15,7.362023802135434,0.49080158680902897,1
2577,S1585-2_a,773,3462,770,3460,3.605551275463989,4,1.897280285442625,0.47432007136065624,1
2578,S1585-2_a,773,3462,778,3454,9.433981132056603,9,5.97121112667972,0.6634679029644134,1
2597,S1585-2_a,775,3143,771,3149,7.211102550927978,7,3.6404373220190234,0.5200624745741462,1
2598,S1585-2_a,775,3143,779,3140,5.0,5,2.01855788816304,0.403711577632608,1
2599,S1585-2_a,775,3143,783,3138,9.433981132056603,9,3.725378636061772,0.41393095956241915,1
2600,S1585-2_a,779,2212,761,2202,20.591260281974,19,6.817119757260594,0.358795776697926,1
2601,S1585-2_a,779,2212,764,2194,23.430749027719962,26,10.218580647448269,0.3930223325941642,1
2602,S1585-2_a,779,2212,771,2210,8.246211251235321,9,3.8329616162777933,0.4258846240308659,1
2603,S1585-2_a,779,2212,770,2208,9.848857801796104,10,3.7319450326771166,0.37319450326771164,1
2604,S1585-2_a,779,2212,783,2216,5.656854249492381,6,1.8666672224741436,0.3111112037456906,1
2616,S1585-2_a,778,3454,773,3462,9.433981132056603,9,5.97121112667972,0.6634679029644134,1
2638,S1585-2_a,779,3140,775,3143,5.0,5,2.0185578881630395,0.4037115776326079,1
2639,S1585-2_a,779,3140,771,3149,12.041594578792296,11,5.655203054236702,0.514109368566973,1
2640,S1585-2_a,779,3140,783,3138,4.47213595499958,5,1.7529346715351557,0.35058693430703114,1
2641,S1585-2_a,783,2216,779,2212,5.656854249492381,6,1.8666672224741439,0.3111112037456906,1
2642,S1585-2_a,783,2216,761,2202,26.076809620810597,23,8.67228055671896,0.3770556763790852,1
2643,S1585-2_a,783,2216,764,2194,29.068883707497267,30,12.073741446906633,0.4024580482302211,1
2644,S1585-2_a,783,2216,771,2210,13.416407864998739,13,5.688122415736161,0.43754787813355084,1
2645,S1585-2_a,783,2216,770,2208,15.264337522473747,14,5.587105832135485,0.3990789880096775,1
2646,S1585-2_a,783,2216,787,2219,5.0,5,1.8087330226329335,0.3617466045265867,1
2647,S1585-2_a,783,2216,785,2222,6.324555320336759,7,1.7451402272443446,0.2493057467491921,1
2648,S1585-2_a,783,2216,789,2218,6.324555320336759,7,2.092514402580991,0.2989306289401416,1
2649,S1585-2_a,783,2216,793,2217,10.04987562112089,11,4.7788680170386755,0.434442547003516,1
2652,S1585-2_a,784,2462,780,2459,5.0,5,1.0277710618151135,0.20555421236302268,1
2653,S1585-2_a,783,3138,775,3143,9.433981132056603,9,3.7253786360617727,0.4139309595624192,1
2654,S1585-2_a,783,3138,771,3149,16.278820596099706,15,7.362023802135436,0.4908015868090291,1
2655,S1585-2_a,783,3138,779,3140,4.47213595499958,5,1.7529346715351557,0.35058693430703114,1
2656,S1585-2_a,783,3138,793,3134,10.770329614269007,11,6.441397915417389,0.5855816286743081,1
2657,S1585-2_a,784,3037,789,3036,5.0990195135927845,6,2.008276214030556,0.334712702338426,1
2658,S1585-2_a,784,3037,800,3022,21.93171219946131,20,11.880708576660531,0.5940354288330265,1
2659,S1585-2_a,787,3510,783,3504,7.211102550927978,7,2.578596992392719,0.36837099891324554,1
2660,S1585-2_a,787,3510,785,3507,3.605551275463989,4,1.6101881657981107,0.4025470414495277,1
2661,S1585-2_a,787,3510,778,3508,9.219544457292887,10,4.343488572337333,0.4343488572337333,1
2663,S1585-2_a,787,3510,789,3515,5.385164807134504,6,2.299412580781232,0.3832354301302053,1
2664,S1585-2_a,789,3515,787,3510,5.385164807134504,6,2.299412580781232,0.3832354301302053,1
2665,S1585-2_a,789,3515,783,3504,12.529964086141668,12,4.874784042084784,0.4062320035070653,1
2666,S1585-2_a,789,3515,785,3507,8.94427190999916,9,3.9063752154901747,0.4340416906100194,1
2667,S1585-2_a,789,3515,778,3508,13.038404810405298,14,6.498390683084908,0.46417076307749344,1
2669,S1585-2_a,789,3515,789,3524,9.0,10,4.137035539724514,0.4137035539724514,1
2671,S1585-2_a,793,3134,783,3138,10.770329614269007,11,6.441397915417389,0.5855816286743081,1
2672,S1585-2_a,793,3134,802,3134,9.0,10,4.560006187974127,0.4560006187974127,1
2675,S1585-2_a,795,2718,791,2719,4.123105625617661,5,1.0816001260198989,0.21632002520397978,1
2678,S1585-2_a,795,2718,798,2724,6.708203932499369,7,2.601797322288412,0.3716853317554874,1
2679,S1585-2_a,795,2910,806,2892,21.095023109728988,22,7.664028636100298,0.348364938004559,1
2680,S1585-2_a,795,2910,800,2897,13.92838827718412,15,4.515854939315373,0.3010569959543582,1
2681,S1585-2_a,795,2910,798,2902,8.54400374531753,11,3.0068895960230284,0.2733535996384571,1
2682,S1585-2_a,795,2910,817,2905,22.561028345356956,28,14.540297835979652,0.5192963512849876,1
2683,S1585-2_a,795,2910,818,2909,23.021728866442675,31,14.776294971254085,0.4766546764920673,1
2687,S1585-2_a,797,3480,790,3482,7.280109889280518,8,2.6951344950606333,0.33689181188257916,1
2688,S1585-2_a,797,3480,802,3476,6.4031242374328485,6,2.4330254435835315,0.40550424059725526,1
2690,S1585-2_a,798,2724,791,2719,8.602325267042627,10,3.6571350509561777,0.3657135050956178,1
2692,S1585-2_a,798,2724,795,2718,6.708203932499369,7,2.601797322288412,0.3716853317554874,1
2694,S1585-2_a,798,2724,802,2728,5.656854249492381,5,2.4369814097390368,0.4873962819478074,1
2696,S1585-2_a,799,3418,783,3425,17.46424919657298,17,10.544049164370112,0.6202381861394183,1
2697,S1585-2_a,799,3418,787,3425,13.892443989449804,13,8.90981879390159,0.6853706764539684,1
2701,S1585-2_a,802,3476,808,3474,6.324555320336759,7,1.6159608170868154,0.2308515452981165,1
2703,S1585-2_a,802,3476,797,3480,6.4031242374328485,6,2.4330254435835315,0.40550424059725526,1
2706,S1585-2_a,802,2728,798,2724,5.656854249492381,5,2.4369814097390368,0.4873962819478074,1
2707,S1585-2_a,802,2728,808,2747,19.924858845171276,20,11.376967605336638,0.5688483802668319,1
2708,S1585-2_a,802,2728,810,2739,13.601470508735444,12,8.156178856819313,0.6796815714016095,1
2716,S1585-2_a,801,3043,810,3048,10.295630140987,10,6.270409219204464,0.6270409219204465,1
2719,S1585-2_a,802,3134,793,3134,9.0,10,4.560006187974127,0.4560006187974127,1
2724,S1585-2_a,808,2995,817,2966,30.364452901377952,30,12.202385174616492,0.4067461724872164,1
2725,S1585-2_a,808,2995,819,2974,23.706539182259394,27,10.987021764708762,0.40692673202625046,1
2726,S1585-2_a,808,2995,825,2978,24.041630560342615,33,13.47840934770986,0.4084366469002988,1
2728,S1585-2_a,808,2995,811,2982,13.341664064126334,15,6.064653354372052,0.4043102236248035,1
2729,S1585-2_a,808,2995,806,2983,12.165525060596439,13,6.0832816102689975,0.46794473925146135,1
2730,S1585-2_a,808,2995,817,2972,24.698178070456937,26,10.870209574016577,0.4180849836160222,1
2733,S1585-2_a,808,2995,815,2999,8.06225774829855,8,1.8555700068306904,0.2319462508538363,1
2737,S1585-2_a,810,2739,802,2728,13.601470508735444,12,8.156178856819311,0.6796815714016092,1
2739,S1585-2_a,810,2739,815,2744,7.0710678118654755,6,2.8258863743556795,0.4709810623926132,1
2744,S1585-2_a,810,3048,837,3047,27.018512172212592,28,13.354673255357087,0.4769526162627531,1
2745,S1585-2_a,810,3048,821,3047,11.045361017187261,12,4.821656392469372,0.4018046993724476,1
2747,S1585-2_a,810,3048,817,3043,8.602325267042627,8,4.918887461023808,0.614860932627976,1
2748,S1585-2_a,810,3048,801,3043,10.295630140987,10,6.270409219204464,0.6270409219204465,1
2757,S1585-2_a,813,3043,821,3047,8.94427190999916,9,4.319729310935854,0.4799699234373171,1
2758,S1585-2_a,813,3043,817,3043,4.0,5,2.001137537988919,0.4002275075977838,1
2761,S1585-2_a,815,3418,817,3431,13.152946437965905,14,4.342457174495389,0.31017551246395636,1
2764,S1585-2_a,815,2744,808,2747,7.615773105863909,9,2.8884631751077148,0.3209403527897461,1
2765,S1585-2_a,815,2744,810,2739,7.0710678118654755,6,2.8258863743556795,0.4709810623926132,1
2766,S1585-2_a,815,2744,817,2749,5.385164807134504,6,1.7925317726958734,0.29875529544931223,1
2767,S1585-2_a,818,2534,822,2535,4.123105625617661,5,0.10590703746347663,0.021181407492695325,1
2769,S1585-2_a,817,2749,808,2747,9.219544457292887,10,2.6350177712192626,0.26350177712192624,1
2770,S1585-2_a,817,2749,815,2744,5.385164807134504,6,1.7925317726958734,0.29875529544931223,1
2772,S1585-2_a,817,2749,825,2755,10.0,10,1.745993397859729,0.17459933978597292,1
2773,S1585-2_a,817,2966,817,2961,5.0,6,1.604985981036453,0.2674976635060755,1
2775,S1585-2_a,817,2966,811,2982,17.08800749063506,17,6.504367007437997,0.382609823966941,1
2776,S1585-2_a,817,2966,806,2983,20.248456731316587,20,7.707977110789582,0.38539885553947906,1
2777,S1585-2_a,817,2966,817,2972,6.0,7,1.4260546683508672,0.20372209547869533,1
2778,S1585-2_a,817,2966,808,2995,30.364452901377952,30,12.202385174616492,0.4067461724872164,1
2784,S1585-2_a,817,3043,810,3048,8.602325267042627,8,4.91888746102381,0.6148609326279763,1
2785,S1585-2_a,817,3043,821,3047,5.656854249492381,5,2.336789160298167,0.46735783205963344,1
2786,S1585-2_a,817,3043,813,3043,4.0,5,2.0011375379889187,0.40022750759778375,1
2788,S1585-2_a,817,3431,815,3418,13.152946437965905,14,4.34245717449539,0.3101755124639564,1
2789,S1585-2_a,817,3431,815,3437,6.324555320336759,7,3.0254995630481862,0.432214223292598,1
2790,S1585-2_a,821,3047,837,3047,16.0,17,8.649799447088734,0.5088117321816902,1
2791,S1585-2_a,821,3047,810,3048,11.045361017187261,12,4.821656392469372,0.4018046993724476,1
2792,S1585-2_a,821,3047,813,3043,8.94427190999916,9,4.3197293109358545,0.47996992343731715,1
2793,S1585-2_a,821,3047,817,3043,5.656854249492381,5,2.336789160298167,0.46735783205963344,1
2799,S1585-2_a,820,3459,815,3437,22.561028345356956,27,5.063389839576861,0.18753295702136524,1
2800,S1585-2_a,820,3459,820,3466,7.0,8,0.2037691809016918,0.025471147612711475,1
2801,S1585-2_a,820,3459,815,3439,20.615528128088304,25,4.649251751425176,0.18597007005700703,1
2802,S1585-2_a,820,3459,827,3468,11.40175425099138,10,0.2933356375494055,0.02933356375494055,1
2804,S1585-2_a,819,3693,810,3699,10.816653826391969,10,4.739883132410255,0.4739883132410255,1
2809,S1585-2_a,820,3466,815,3437,29.427877939124322,33,5.2611520769617295,0.1594288508170221,1
2810,S1585-2_a,820,3466,815,3439,27.459060435491963,31,4.847013988810044,0.15635528996161432,1
2812,S1585-2_a,820,3466,820,3459,7.0,8,0.20376918090169185,0.025471147612711482,1
2813,S1585-2_a,820,3750,828,3756,10.0,9,5.5627822512235845,0.6180869168026205,1
2817,S1585-2_a,822,2535,818,2534,4.123105625617661,5,0.10590703746347663,0.021181407492695325,1
2818,S1585-2_a,823,2073,826,2079,6.708203932499369,7,2.9290736392809555,0.4184390913258508,1
2819,S1585-2_a,823,2073,830,2072,7.0710678118654755,8,3.2969533211399744,0.4121191651424968,1
2821,S1585-2_a,823,3733,816,3719,15.652475842498529,15,9.44462510720177,0.6296416738134513,1
2823,S1585-2_a,823,3733,850,3717,31.38470965295043,29,20.01388728277314,0.6901340442335566,1
2824,S1585-2_a,823,3733,839,3717,22.627416997969522,20,13.762499566789497,0.6881249783394748,1
2832,S1585-2_a,825,2978,819,2974,7.211102550927978,7,2.6512706915653954,0.37875295593791364,1
2833,S1585-2_a,825,2978,827,2982,4.47213595499958,5,1.9266105719711306,0.38532211439422615,1
2834,S1585-2_a,825,2978,811,2982,14.560219778561036,20,7.780391180531366,0.38901955902656826,1
2835,S1585-2_a,825,2978,806,2983,19.6468827043885,23,8.98400128388295,0.39060875147317176,1
2836,S1585-2_a,825,2978,817,2972,10.0,9,2.687580599027922,0.298620066558658,1
2837,S1585-2_a,825,2978,808,2995,24.041630560342615,33,13.47840934770986,0.4084366469002988,1
2843,S1585-2_a,824,3765,828,3756,9.848857801796104,10,6.204111810738412,0.6204111810738412,1
2845,S1585-2_a,824,3765,824,3777,12.0,13,7.333008379348911,0.5640775676422239,1
2846,S1585-2_a,826,2079,826,2083,4.0,5,1.6509552584441778,0.33019105168883556,1
2847,S1585-2_a,826,2079,830,2072,8.06225774829855,8,4.79205109070709,0.5990063863383862,1
2848,S1585-2_a,826,2079,823,2073,6.708203932499369,7,2.929073639280955,0.4184390913258507,1
2852,S1585-2_a,827,2982,825,2978,4.47213595499958,5,1.9266105719711308,0.38532211439422615,1
2854,S1585-2_a,827,2982,832,2985,5.830951894845301,6,1.6726935467259647,0.2787822577876608,1
2857,S1585-2_a,827,2982,837,2989,12.206555615733702,12,3.3621447968400378,0.2801787330700031,1
2861,S1585-2_a,828,3685,834,3685,6.0,7,2.41821756221431,0.34545965174490145,1
2862,S1585-2_a,828,3685,837,3683,9.219544457292887,10,3.8513209326801814,0.3851320932680181,1
2864,S1585-2_a,828,3685,847,3679,19.924858845171276,20,9.69918959879317,0.4849594799396585,1
2865,S1585-2_a,828,3685,849,3681,21.37755832643195,22,10.084143346880408,0.45837015213092763,1
2866,S1585-2_a,828,3685,839,3682,11.40175425099138,12,4.735778588698634,0.3946482157248861,1
2868,S1585-2_a,828,2202,808,2214,23.323807579381203,24,3.259146919218862,0.1357977883007859,1
2873,S1585-2_a,828,2202,800,2217,31.76476034853718,31,3.662781708418402,0.11815424865865813,1
2874,S1585-2_a,828,2202,793,2217,38.07886552931954,37,5.859948746744636,0.15837699315526044,1
2875,S1585-2_a,828,2202,803,2218,29.68164415931166,30,3.318159365600841,0.1106053121866947,1
2876,S1585-2_a,828,2202,806,2217,26.627053911388696,27,3.3003638543265037,0.12223569830838903,1
2878,S1585-2_a,828,2202,814,2218,21.2602916254693,34,4.405175957111969,0.12956399873858732,1
2885,S1585-2_a,828,3756,824,3765,9.848857801796104,10,6.204111810738412,0.6204111810738412,1
2886,S1585-2_a,828,3756,820,3750,10.0,9,5.5627822512235845,0.6180869168026205,1
2888,S1585-2_a,828,3756,840,3743,17.69180601295413,14,11.466856616779236,0.8190611869128025,1
2890,S1585-2_a,830,2072,826,2079,8.06225774829855,8,4.79205109070709,0.5990063863383862,1
2891,S1585-2_a,830,2072,833,2067,5.830951894845301,6,3.28078634011077,0.546797723351795,1
2892,S1585-2_a,830,2072,823,2073,7.0710678118654755,8,3.2969533211399744,0.4121191651424968,1
2893,S1585-2_a,830,2072,835,2056,16.76305461424021,17,6.848802238915708,0.4028707199362181,1
2894,S1585-2_a,830,2072,835,2064,9.433981132056603,9,4.286225117884626,0.47624723532051394,1
2895,S1585-2_a,830,2072,836,2062,11.661903789690601,12,5.135088078871849,0.4279240065726541,1
2914,S1585-2_a,835,2056,834,2049,7.0710678118654755,8,4.585610940116507,0.5732013675145634,1
2916,S1585-2_a,835,2056,830,2072,16.76305461424021,17,6.848802238915709,0.40287071993621815,1
2917,S1585-2_a,835,2056,833,2067,11.180339887498949,12,3.6847616966200167,0.30706347471833473,1
2918,S1585-2_a,835,2056,835,2064,8.0,9,2.5732071156696534,0.2859119017410726,1
2919,S1585-2_a,835,2056,836,2062,6.082762530298219,7,2.2415246027991365,0.32021780039987663,1
2925,S1585-2_a,837,3047,810,3048,27.018512172212592,28,13.354673255357088,0.47695261626275315,1
2926,S1585-2_a,837,3047,821,3047,16.0,17,8.64979944708873,0.5088117321816901,1
2929,S1585-2_a,837,3047,842,3041,7.810249675906654,7,3.2399296581738803,0.46284709402484003,1
2977,S1585-2_a,839,3717,823,3733,22.627416997969522,20,13.762499566789497,0.6881249783394748,1
2979,S1585-2_a,839,3717,850,3717,11.0,12,6.904507482177567,0.5753756235147972,1
2981,S1585-2_a,840,3743,828,3756,17.69180601295413,14,11.466856616779237,0.8190611869128027,1
2982,S1585-2_a,840,3743,816,3719,33.94112549695428,32,22.454123074517007,0.7016913460786565,1
3001,S1585-2_a,842,3041,837,3047,7.810249675906654,7,3.239929658173881,0.4628470940248401,1
3006,S1585-2_a,844,2022,848,2023,4.123105625617661,5,1.2553368085989463,0.2510673617197893,1
3007,S1585-2_a,844,2022,851,2030,10.63014581273465,11,2.92276585473964,0.26570598679451274,1
3008,S1585-2_a,844,2022,851,2027,8.602325267042627,8,2.6916273219544276,0.33645341524430344,1
3009,S1585-2_a,844,2022,862,2029,19.313207915827967,21,8.64048934501684,0.4114518735722305,1
3022,S1585-2_a,844,2992,839,2990,5.385164807134504,6,1.6524716140122875,0.2754119356687146,1
3024,S1585-2_a,844,2992,854,2997,11.180339887498949,11,5.09195759857122,0.4629052362337473,1
3029,S1585-2_a,843,3738,816,3719,33.015148038438355,34,23.534825052125058,0.6922007368272076,1
3031,S1585-2_a,843,3738,850,3717,22.135943621178654,22,15.16828992402743,0.6894677238194287,1
3047,S1585-2_a,847,2038,851,2052,14.560219778561036,16,7.04188118090503,0.44011757380656436,1
3048,S1585-2_a,847,2038,851,2030,8.94427190999916,10,2.153801753527559,0.21538017535275591,1
3049,S1585-2_a,847,2038,851,2033,6.4031242374328485,8,2.049781310315827,0.2562226637894784,1
3054,S1585-2_a,848,2023,844,2022,4.123105625617661,5,1.2553368085989463,0.2510673617197893,1
3055,S1585-2_a,848,2023,851,2030,7.615773105863909,8,1.738355012033038,0.21729437650412975,1
3056,S1585-2_a,848,2023,851,2027,5.0,5,1.5072164792478255,0.3014432958495651,1
3057,S1585-2_a,848,2023,862,2029,15.231546211727817,18,7.456078502310239,0.41422658346167995,1
3067,S1585-2_a,849,2943,839,2936,12.206555615733702,11,4.208378052044693,0.3825798229131539,1
3069,S1585-2_a,849,2943,837,2937,13.416407864998739,13,4.845937666546488,0.3727644358881914,1
3070,S1585-2_a,849,2943,845,2937,7.211102550927978,8,2.2340470769103242,0.27925588461379053,1
3071,S1585-2_a,849,2943,844,2940,5.830951894845301,6,1.9756149378930816,0.3292691563155136,1
3072,S1585-2_a,849,2943,854,2947,6.4031242374328485,6,2.587582332653137,0.43126372210885616,1
3082,S1585-2_a,851,2052,832,2047,19.6468827043885,20,11.871795575986443,0.5935897787993222,1
3083,S1585-2_a,851,2052,847,2038,14.560219778561036,16,7.041881180905028,0.44011757380656424,1
3084,S1585-2_a,851,2052,832,2043,21.02379604162864,22,13.5630141378143,0.6165006426279227,1
3085,S1585-2_a,851,2052,832,2041,21.95449840010015,21,14.273575474973404,0.6796940702368287,1
3087,S1585-2_a,851,2052,860,2045,11.40175425099138,10,4.063464384732537,0.4063464384732537,1
3090,S1585-2_a,852,2752,858,2748,7.211102550927978,8,4.032983595278771,0.5041229494098464,1
3091,S1585-2_a,852,2752,868,2754,16.1245154965971,18,6.649776483013376,0.36943202683407644,1
3092,S1585-2_a,852,2752,867,2749,15.297058540778355,21,6.952839614222402,0.33108760067725723,1
3093,S1585-2_a,852,2752,843,2751,9.055385138137417,10,2.758504030636316,0.2758504030636316,1
3096,S1585-2_a,852,2657,858,2650,9.219544457292887,14,1.539151412468194,0.109939386604871,1
3097,S1585-2_a,852,2657,860,2650,10.63014581273465,16,1.5565630133295207,0.09728518833309505,1
3098,S1585-2_a,852,2657,846,2662,7.810249675906654,8,2.731721732874547,0.3414652166093184,1
3099,S1585-2_a,852,2657,844,2666,12.041594578792296,12,3.332585984550078,0.2777154987125065,1
3108,S1585-2_a,850,3717,839,3717,11.0,12,6.904507482177567,0.5753756235147972,1
3109,S1585-2_a,850,3717,843,3738,22.135943621178654,22,15.168289924027436,0.6894677238194289,1
3120,S1585-2_a,854,2923,846,2923,8.0,9,2.325124503428364,0.258347167047596,1
3126,S1585-2_a,854,2997,844,2992,11.180339887498949,11,5.091957598571222,0.4629052362337474,1
3146,S1585-2_a,854,2947,849,2943,6.4031242374328485,6,2.587582332653137,0.43126372210885616,1
3164,S1585-2_a,858,2748,868,2754,11.661903789690601,15,3.266864734799399,0.21779098231995994,1
3165,S1585-2_a,858,2748,867,2749,9.055385138137417,10,3.1333303623107693,0.31333303623107694,1
3166,S1585-2_a,858,2748,852,2752,7.211102550927978,8,4.032983595278771,0.5041229494098464,1
3169,S1585-2_a,860,2045,851,2052,11.40175425099138,10,4.063464384732536,0.40634643847325363,1
3171,S1585-2_a,860,2045,863,2042,4.242640687119285,4,1.0709915647374024,0.2677478911843506,1
3172,S1585-2_a,860,3039,861,3028,11.045361017187261,12,0.24669044388283454,0.02055753699023621,1
3173,S1585-2_a,860,3039,859,3033,6.082762530298219,8,0.22693797966520868,0.028367247458151085,1
3174,S1585-2_a,860,3039,860,3030,9.0,11,0.26033958245272915,0.023667234768429923,1
3187,S1585-2_a,860,2315,865,2286,29.427877939124322,30,0.5606426750795761,0.018688089169319202,1
3188,S1585-2_a,862,2029,848,2023,15.231546211727817,18,7.4560785023102385,0.4142265834616799,1
3189,S1585-2_a,862,2029,844,2022,19.313207915827967,21,8.64048934501684,0.4114518735722305,1
3191,S1585-2_a,862,2029,851,2027,11.180339887498949,14,6.044230297017914,0.43173073550127955,1
3192,S1585-2_a,862,2029,867,2032,5.830951894845301,6,2.4980921672813157,0.41634869454688594,1
3198,S1585-2_a,863,2042,860,2045,4.242640687119285,4,1.0709915647374024,0.2677478911843506,1
3200,S1585-2_a,863,2042,873,2038,10.770329614269007,11,5.621549518826002,0.5110499562569092,1
3201,S1585-2_a,865,3705,855,3694,14.866068747318506,16,2.345269624391828,0.14657935152448925,1
3207,S1585-2_a,864,2914,866,2910,4.47213595499958,6,2.1132355990806806,0.35220593318011345,1
3210,S1585-2_a,864,2914,895,2943,42.44997055358225,77,13.499500374738806,0.17531818668491955,1
3225,S1585-2_a,867,2032,862,2029,5.830951894845301,6,2.4980921672813157,0.41634869454688594,1
3227,S1585-2_a,867,2032,873,2038,8.48528137423857,8,4.367174402993982,0.5458968003742477,1
3228,S1585-2_a,867,2032,886,2030,19.1049731745428,20,8.04996573746818,0.40249828687340894,1
3229,S1585-2_a,867,2032,884,2032,17.0,18,7.890975059380348,0.4383875032989082,1
3230,S1585-2_a,867,2032,880,2034,13.152946437965905,14,7.319268425426238,0.5228048875304456,1
3231,S1585-2_a,867,2032,892,2039,25.96150997149434,27,10.38956293339139,0.38479862716264407,1
3240,S1585-2_a,870,2738,873,2733,5.830951894845301,6,3.0229816008061183,0.5038302668010197,1
3245,S1585-2_a,870,2738,889,2776,42.485291572496,50,8.873667571229436,0.17747335142458873,1
3254,S1585-2_a,873,2038,867,2032,8.48528137423857,8,4.367174402993981,0.5458968003742476,1
3255,S1585-2_a,873,2038,863,2042,10.770329614269007,11,5.6215495188260025,0.5110499562569093,1
3256,S1585-2_a,873,2038,886,2030,15.264337522473747,14,4.757986074945094,0.33985614821036386,1
3257,S1585-2_a,873,2038,884,2032,12.529964086141668,12,4.598995396857265,0.38324961640477206,1
3258,S1585-2_a,873,2038,880,2034,8.06225774829855,8,4.027288762903154,0.5034110953628943,1
3259,S1585-2_a,873,2038,892,2039,19.026297590440446,21,7.097583270868308,0.3379801557556337,1
3263,S1585-2_a,873,3646,872,3613,33.015148038438355,34,1.2761399629160357,0.03753352832105988,1
3265,S1585-2_a,873,3646,871,3617,29.068883707497267,34,1.2980382052458679,0.03817759427193729,1
3272,S1585-2_a,873,2733,870,2738,5.830951894845301,6,3.0229816008061183,0.5038302668010197,1
3274,S1585-2_a,873,2733,889,2776,45.880278987817846,53,6.633173827557574,0.12515422316146366,1
3275,S1585-2_a,880,1974,893,1965,15.811388300841896,14,8.595795951760278,0.6139854251257342,1
3276,S1585-2_a,880,1974,886,1969,7.810249675906654,8,4.582280530607691,0.5727850663259614,1
3277,S1585-2_a,880,1974,894,1973,14.035668847618199,15,8.00308729957583,0.5335391533050553,1
3278,S1585-2_a,881,2891,866,2908,22.67156809750927,20,3.6516161558730453,0.18258080779365227,1
3279,S1585-2_a,884,3605,882,3566,39.05124837953327,40,0.26918908200498215,0.006729727050124553,1
3285,S1585-2_a,886,1969,897,1966,11.40175425099138,12,4.7981863557449,0.3998488629787416,1
3286,S1585-2_a,886,1969,893,1965,8.06225774829855,8,4.058625621795049,0.5073282027243812,1
3288,S1585-2_a,886,1969,900,1970,14.035668847618199,15,5.033552335220583,0.3355701556813722,1
3289,S1585-2_a,886,1969,880,1974,7.810249675906654,8,4.582280530607691,0.5727850663259614,1
3291,S1585-2_a,889,2776,870,2738,42.485291572496,50,8.873667571229442,0.17747335142458884,1
3292,S1585-2_a,889,2776,873,2733,45.880278987817846,53,6.633173827557576,0.12515422316146368,1
3297,S1585-2_a,887,2840,880,2806,34.713109915419565,35,9.109106425868639,0.2602601835962468,1
3299,S1585-2_a,890,2790,880,2806,18.867962264113206,18,3.62695270986633,0.20149737277035165,1
3311,S1585-2_a,895,2943,864,2914,42.44997055358225,74,13.76905511596243,0.1860683123778707,1
3313,S1585-2_a,895,2943,866,2908,45.45327270945405,67,11.642334375385465,0.17376618470724575,1
3322,S1585-2_a,895,3972,899,3987,15.524174696260024,16,8.184569416183317,0.5115355885114573,1
3323,S1585-2_a,895,3972,898,3960,12.36931687685298,14,6.06016933989424,0.43286923856387427,1
3327,S1585-2_a,898,3960,896,3938,22.090722034374522,23,9.919231942520836,0.43127095402264504,1
3331,S1585-2_a,898,3960,895,3972,12.36931687685298,14,6.060169339894241,0.4328692385638743,1
3332,S1585-2_a,898,3960,894,3948,12.649110640673518,13,6.956817761701429,0.5351398278231868,1
3333,S1585-2_a,898,3960,899,3987,27.018512172212592,28,14.200122169689038,0.5071472203460371,1
3337,S1585-2_a,899,3987,895,3972,15.524174696260024,16,8.184569416183317,0.5115355885114573,1
3338,S1585-2_a,899,3987,898,3960,27.018512172212592,28,14.20012216968904,0.5071472203460371,1
3397,S1585-2_a,913,1970,920,1970,7.0,8,2.2518896441579423,0.2814862055197428,1
3398,S1585-2_a,913,1970,903,1971,10.04987562112089,11,4.620137530138223,0.4200125027398384,1
3399,S1585-2_a,925,3760,915,3734,27.85677655436824,28,1.3406095567789924,0.04787891274210687,1
3401,S1585-2_a,930,1972,920,1970,10.198039027185569,11,4.071706990574044,0.3701551809612767,1
3402,S1585-2_a,930,1972,925,1971,5.0990195135927845,6,2.4336322621301596,0.40560537702169325,1
3403,S1585-2_a,930,1972,934,1972,4.0,5,1.1463181404142964,0.22926362808285927,1
3405,S1585-2_a,934,1972,930,1972,4.0,5,1.1463181404142966,0.22926362808285933,1
3406,S1585-2_a,934,1972,954,1977,20.615528128088304,21,13.343466380359978,0.6354031609695228,1
3411,S1585-2_a,937,1617,934,1631,14.317821063276353,15,4.569762018445034,0.3046508012296689,1
3412,S1585-2_a,937,1617,933,1628,11.704699910719626,12,4.177478234973027,0.34812318624775224,1
3413,S1585-2_a,937,1617,930,1626,11.40175425099138,12,4.008576841031865,0.33404807008598875,1
3429,S1585-2_a,937,3867,947,3889,24.166091947189145,23,1.1164138776810264,0.04853973381221854,1
3444,S1585-2_a,947,1690,930,1692,17.11724276862369,18,9.006151815583591,0.5003417675324218,1
3445,S1585-2_a,947,1690,933,1693,14.317821063276353,15,8.337573547388107,0.5558382364925405,1
3451,S1585-2_a,946,1728,934,1704,26.832815729997478,25,19.350199188857772,0.7740079675543109,1
3453,S1585-2_a,945,3915,941,3908,8.06225774829855,8,0.3700699769509908,0.04625874711887385,1
3454,S1585-2_a,945,3915,950,3908,8.602325267042627,9,1.965074798304873,0.218341644256097,1
3455,S1585-2_a,945,3915,962,3928,21.400934559032695,21,1.7080004782764688,0.08133335610840328,1
3456,S1585-2_a,945,3915,967,3938,31.827660925679098,32,2.0547330754261623,0.06421040860706757,1
3458,S1585-2_a,947,1874,962,1870,15.524174696260024,16,7.367186819305188,0.4604491762065743,1
3459,S1585-2_a,947,1874,964,1867,18.384776310850235,18,7.84013440887207,0.43556302271511504,1
3460,S1585-2_a,947,1874,941,1876,6.324555320336759,7,2.745328537832699,0.392189791118957,1
3461,S1585-2_a,947,1874,943,1878,5.656854249492381,6,2.630941530047394,0.438490255007899,1
3462,S1585-2_a,949,3900,948,3892,8.06225774829855,9,0.26341457998578416,0.02926828666508713,1
3463,S1585-2_a,949,3900,950,3908,8.06225774829855,9,0.43017058966675126,0.04779673218519458,1
3464,S1585-2_a,950,3908,949,3900,8.06225774829855,9,0.43017058966675126,0.04779673218519458,1
3465,S1585-2_a,950,3908,941,3908,9.0,15,2.330740561401437,0.15538270409342914,1
3466,S1585-2_a,950,3908,945,3915,8.602325267042627,9,1.965074798304873,0.218341644256097,1
3467,S1585-2_a,950,3908,958,3923,17.0,16,0.8752728804026484,0.054704555025165524,1
3472,S1585-2_a,951,1658,939,1666,14.422205101855956,13,9.160479457749512,0.7046522659807317,1
3473,S1585-2_a,951,1658,958,1658,7.0,8,2.122208442285287,0.2652760552856609,1
3476,S1585-2_a,951,1658,936,1666,17.0,16,9.643338538137874,0.6027086586336171,1
3489,S1585-2_a,954,1977,934,1972,20.615528128088304,21,13.343466380359972,0.6354031609695225,1
3498,S1585-2_a,958,3923,950,3908,17.0,16,0.8752728804026485,0.05470455502516553,1
3499,S1585-2_a,958,3923,962,3928,6.4031242374328485,6,0.4925944766672438,0.08209907944454063,1
3500,S1585-2_a,961,1539,962,1532,7.0710678118654755,8,3.1754879089445707,0.39693598861807133,1
3504,S1585-2_a,962,3928,945,3915,21.400934559032695,21,1.708000478276469,0.08133335610840328,1
3505,S1585-2_a,962,3928,958,3923,6.4031242374328485,6,0.49259447666724376,0.08209907944454063,1
3506,S1585-2_a,962,3928,967,3938,11.180339887498949,11,0.34712060616849116,0.0315564187425901,1
3507,S1585-2_a,962,1532,964,1528,4.47213595499958,6,2.240711999062685,0.37345199984378086,1
3508,S1585-2_a,962,1532,964,1525,7.280109889280518,8,2.8173044534414675,0.35216305668018344,1
3509,S1585-2_a,962,1532,966,1543,11.704699910719626,12,5.499554569218123,0.4582962141015103,1
3510,S1585-2_a,962,1532,966,1555,23.345235059857504,25,12.639772929538424,0.5055909171815369,1
3511,S1585-2_a,962,1532,964,1555,23.08679276123039,24,12.461903129819824,0.5192459637424927,1
3512,S1585-2_a,962,1532,961,1539,7.0710678118654755,8,3.1754879089445707,0.39693598861807133,1
3513,S1585-2_a,965,1516,970,1514,5.385164807134504,6,1.4692956385488534,0.24488260642480889,1
3514,S1585-2_a,965,1516,964,1522,6.082762530298219,7,2.055456541460906,0.2936366487801294,1
3515,S1585-2_a,966,1543,962,1532,11.704699910719626,12,5.499554569218122,0.45829621410151017,1
3516,S1585-2_a,966,1543,986,1555,23.323807579381203,21,13.981713053210774,0.6657958596767035,1
3518,S1585-2_a,966,1543,971,1548,7.0710678118654755,6,3.7617442911427585,0.6269573818571265,1
3522,S1585-2_a,965,1862,962,1870,8.54400374531753,9,2.254762536908882,0.2505291707676536,1
3523,S1585-2_a,965,1862,964,1867,5.0990195135927845,6,1.5692369331742877,0.26153948886238126,1
3524,S1585-2_a,965,1862,937,1868,28.635642126552707,32,14.596836016746668,0.45615112552333337,1
3525,S1585-2_a,965,1862,977,1877,19.209372712298546,17,11.841075433119208,0.6965338490070122,1
3526,S1585-2_a,970,1514,965,1516,5.385164807134504,6,1.4692956385488534,0.24488260642480889,1
3534,S1585-2_a,970,1594,964,1600,8.48528137423857,9,4.84783190503203,0.5386479894480033,1
3535,S1585-2_a,970,1594,969,1599,5.0990195135927845,6,2.3007323389319776,0.3834553898219963,1
3562,S1585-2_a,971,1548,966,1543,7.0710678118654755,6,3.7617442911427585,0.6269573818571265,1
3563,S1585-2_a,971,1548,986,1555,16.55294535724685,16,10.223257810044862,0.6389536131278039,1
3594,S1585-2_a,973,1567,968,1564,5.830951894845301,6,3.5332779888804113,0.5888796648134019,1
3595,S1585-2_a,973,1567,964,1564,9.486832980505138,10,4.194718444436308,0.41947184444363084,1
3597,S1585-2_a,973,1567,994,1580,24.698178070456937,22,11.38749368389461,0.5176133492679368,1
3598,S1585-2_a,973,1567,994,1576,22.847319317591726,22,11.694556496810984,0.5315707498550447,1
3599,S1585-2_a,973,1567,976,1572,5.830951894845301,6,2.4200488855283644,0.40334148092139405,1
3601,S1585-2_a,973,1567,995,1582,26.627053911388696,24,11.494393263052007,0.47893305262716696,1
3608,S1585-2_a,976,1572,968,1564,11.313708498984761,10,5.79833576107963,0.579833576107963,1
3609,S1585-2_a,976,1572,964,1564,14.422205101855956,14,6.459776216635527,0.46141258690253767,1
3610,S1585-2_a,976,1572,973,1567,5.830951894845301,6,2.4200488855283644,0.40334148092139405,1
3612,S1585-2_a,976,1572,994,1580,19.697715603592208,19,9.126814935561304,0.480358680819016,1
3613,S1585-2_a,976,1572,994,1576,18.439088914585774,19,9.433877748477679,0.4965198814988252,1
3615,S1585-2_a,976,1572,995,1582,21.470910553583888,21,9.233714514718702,0.43970069117708105,1
3621,S1585-2_a,976,3956,967,3938,20.12461179749811,20,0.5231644498069513,0.026158222490347566,1
3622,S1585-2_a,976,3956,969,3941,16.55294535724685,16,0.48408720161234253,0.03025545010077141,1
3623,S1585-2_a,976,3956,982,3963,9.219544457292887,9,0.49181432989923335,0.054646036655470374,1
3625,S1585-2_a,976,3956,984,3966,12.806248474865697,12,0.5522461773575735,0.046020514779797794,1
3626,S1585-2_a,977,1877,962,1870,16.55294535724685,16,10.834449841760092,0.6771531151100058,1
3627,S1585-2_a,977,1877,964,1867,16.401219466856727,14,10.355179634699013,0.7396556881927866,1
3628,S1585-2_a,977,1877,984,1880,7.615773105863909,8,2.3992741155847837,0.29990926444809796,1
3629,S1585-2_a,977,1877,984,1883,9.219544457292887,10,2.6064295074983392,0.2606429507498339,1
3630,S1585-2_a,977,1877,965,1862,19.209372712298546,17,11.84107543311921,0.6965338490070123,1
3634,S1585-2_a,980,1604,969,1599,12.083045973594572,13,6.633395499011058,0.5102611922316199,1
3636,S1585-2_a,980,1604,971,1603,9.055385138137417,10,4.994402301706854,0.4994402301706854,1
3637,S1585-2_a,980,1604,976,1610,7.211102550927978,7,3.661186953412784,0.5230267076303977,1
3638,S1585-2_a,980,1604,978,1613,9.219544457292887,10,4.527571707208498,0.4527571707208498,1
3645,S1585-2_a,980,1621,985,1633,13.0,18,1.8648850907272365,0.10360472726262425,1
3646,S1585-2_a,980,1621,978,1628,7.280109889280518,8,1.2876308043028617,0.1609538505378577,1
3647,S1585-2_a,980,1621,979,1615,6.082762530298219,7,2.745308141033987,0.39218687729056956,1
3648,S1585-2_a,980,1621,978,1613,8.246211251235321,9,3.359002918072833,0.373222546452537,1
3649,S1585-2_a,980,1621,984,1629,8.94427190999916,10,1.1268334396919761,0.11268334396919762,1
3650,S1585-2_a,980,1621,981,1629,8.06225774829855,9,1.2820169961863166,0.14244633290959074,1
3651,S1585-2_a,980,1621,987,1627,9.219544457292887,12,1.3636470002136316,0.11363725001780263,1
3653,S1585-2_a,980,1621,992,1621,12.0,20,2.3905706220208507,0.11952853110104253,1
3654,S1585-2_a,980,1621,989,1628,11.40175425099138,15,1.5585099388551795,0.1039006625903453,1
3659,S1585-2_a,980,1621,987,1634,14.7648230602334,20,1.73147922254072,0.086573961127036,1
3660,S1585-2_a,980,1621,988,1637,17.88854381999832,20,1.6820413859476213,0.08410206929738107,1
3668,S1585-2_a,986,1555,966,1543,23.323807579381203,21,13.981713053210774,0.6657958596767035,1
3670,S1585-2_a,986,1555,971,1548,16.55294535724685,16,10.223257810044862,0.6389536131278039,1
3671,S1585-2_a,986,1555,991,1563,9.433981132056603,9,3.652474386792845,0.40583048742142724,1
3709,S1585-2_a,1000,1813,1007,1823,12.206555615733702,20,2.562855508216865,0.12814277541084323,1
3710,S1585-2_a,1000,1813,1008,1828,17.0,17,2.5436843655183408,0.14962849208931417,1
3712,S1585-2_a,1010,1327,1013,1323,5.0,5,2.0068425711102784,0.40136851422205566,1
3713,S1585-2_a,1010,1327,1010,1332,5.0,6,2.5375317201535603,0.42292195335892674,1
3722,S1585-2_a,1013,1323,1010,1327,5.0,5,2.0068425711102784,0.40136851422205566,1
3732,S1585-2_a,1015,4010,1006,3997,15.811388300841896,14,0.3103084551250421,0.022164889651788724,1
3733,S1585-2_a,1015,4010,1018,4014,5.0,5,0.07696556228830043,0.015393112457660086,1
3734,S1585-2_a,1016,1342,1010,1332,11.661903789690601,11,7.064240080437133,0.642203643676103,1
3735,S1585-2_a,1016,1342,1012,1334,8.94427190999916,9,6.424658484972821,0.7138509427747579,1
3742,S1585-2_a,1018,4014,1044,4039,36.069377593742864,31,1.455837049073657,0.046962485453988935,1
3743,S1585-2_a,1018,4014,1026,4021,10.63014581273465,10,0.39124314125585774,0.03912431412558577,1
3744,S1585-2_a,1018,4014,1015,4010,5.0,5,0.07696556228830043,0.015393112457660086,1
3745,S1585-2_a,1018,4014,1028,4022,12.806248474865697,12,0.4224646680710631,0.035205389005921926,1
3758,S1585-2_a,1021,1878,1015,1849,29.614185789921695,33,4.1801337432981835,0.12667071949388434,1
3759,S1585-2_a,1021,1878,1026,1884,7.810249675906654,10,0.09224184006915069,0.009224184006915069,1
3760,S1585-2_a,1021,1878,1028,1885,9.899494936611665,12,0.11425108994974274,0.009520924162478562,1
3775,S1585-2_a,1024,1288,1027,1261,27.16615541441225,29,13.03841796449165,0.44960061946522933,1
3780,S1585-2_a,1024,1288,1028,1277,11.704699910719626,14,5.720593791235574,0.4086138422311124,1
3788,S1585-2_a,1027,1268,1027,1261,7.0,8,4.886277546254414,0.6107846932818017,1
3791,S1585-2_a,1027,1268,1022,1278,11.180339887498949,15,4.2031215388107,0.28020810258738005,1
3792,S1585-2_a,1027,1268,1025,1279,11.180339887498949,12,3.617889476173412,0.3014907896811177,1
3794,S1585-2_a,1041,1859,1028,1885,29.068883707497267,34,3.6089412921415858,0.10614533212181135,1
3795,S1585-2_a,1041,1859,1053,1880,24.186773244895647,29,1.0111456545744404,0.03486709153704967,1
3796,S1585-2_a,1041,1859,1046,1831,28.442925306655784,29,1.1965975945438534,0.04126198601875357,1
3797,S1585-2_a,1041,1859,1049,1873,16.1245154965971,21,0.7816763565215684,0.03722268364388421,1
3798,S1585-2_a,1041,1859,1048,1834,25.96150997149434,31,1.2437539151764094,0.04012109403794869,1
3799,S1585-2_a,1041,1859,1050,1875,18.35755975068582,23,0.8123639625769424,0.03532017228595402,1
3800,S1585-2_a,1044,4039,1018,4014,36.069377593742864,31,1.4558370490736572,0.04696248545398894,1
3801,S1585-2_a,1044,4039,1026,4021,25.45584412271571,23,1.0803429043063912,0.04697143062201701,1
3802,S1585-2_a,1044,4039,1028,4022,23.345235059857504,21,1.058603270660543,0.05040967955526395,1
3803,S1585-2_a,1044,4039,1052,4048,12.041594578792296,12,0.31206945973501354,0.026005788311251127,1
3814,S1585-2_a,1049,1160,1056,1161,7.0710678118654755,8,2.0456453609659366,0.2557056701207421,1
3821,S1585-2_a,1052,1338,1035,1338,17.0,18,4.205258401081066,0.23362546672672588,1
3822,S1585-2_a,1052,1338,1046,1336,6.324555320336759,8,0.899447461226527,0.11243093265331587,1
3823,S1585-2_a,1052,1338,1047,1339,5.0990195135927845,6,1.0114541135302204,0.16857568558837008,1
3827,S1585-2_a,1053,1880,1028,1885,25.495097567963924,35,3.4864411507219017,0.09961260430634004,1
3828,S1585-2_a,1053,1880,1041,1859,24.186773244895647,29,1.0111456545744404,0.03486709153704967,1
3829,S1585-2_a,1053,1880,1050,1875,5.830951894845301,7,0.21121610818456726,0.030173729740652466,1
3830,S1585-2_a,1052,4048,1044,4039,12.041594578792296,12,0.31206945973501354,0.026005788311251127,1
3857,S1585-2_a,1079,4272,1085,4282,11.661903789690601,11,5.680126776241243,0.5163751614764767,1
3858,S1585-2_a,1079,4272,1075,4268,5.656854249492381,6,2.436955068896334,0.406159178149389,1
3859,S1585-2_a,1079,4272,1078,4269,3.1622776601683795,4,1.384612224188157,0.3461530560470393,1
3862,S1585-2_a,1083,4259,1083,4265,6.0,8,1.6797689164763414,0.20997111455954268,1
3863,S1585-2_a,1083,4259,1085,4266,7.280109889280518,9,2.1378908067095557,0.2375434229677284,1
3864,S1585-2_a,1083,4259,1078,4269,11.180339887498949,12,3.2033336205596474,0.2669444683799706,1
3865,S1585-2_a,1083,4259,1081,4267,8.246211251235321,10,2.22052691057115,0.222052691057115,1
3868,S1585-2_a,1085,4282,1085,4266,16.0,17,9.039277815756947,0.531722224456291,1
3869,S1585-2_a,1085,4282,1079,4272,11.661903789690601,11,5.680126776241243,0.5163751614764767,1
3871,S1585-2_a,1085,4282,1089,4286,5.656854249492381,5,2.3526605811771266,0.47053211623542535,1
3881,S1585-2_a,1096,4276,1099,4279,4.242640687119285,5,1.840764034433354,0.3681528068866708,1
3882,S1585-2_a,1096,4276,1097,4270,6.082762530298219,7,3.3798744841247346,0.4828392120178192,1
3884,S1585-2_a,1098,4166,1098,4168,2.0,3,0.011656740905387855,0.003885580301795952,1
3885,S1585-2_a,1098,4168,1101,4172,5.0,6,0.0807711002848491,0.01346185004747485,1
3886,S1585-2_a,1098,4168,1098,4166,2.0,3,0.011656740905387855,0.003885580301795952,1
3887,S1585-2_a,1098,4265,1093,4260,7.0710678118654755,6,2.576328099733304,0.4293880166222173,1
3888,S1585-2_a,1098,4265,1095,4261,5.0,5,2.392952270274302,0.47859045405486034,1
3891,S1585-2_a,1098,4265,1097,4270,5.0990195135927845,6,2.4770561108700857,0.41284268514501427,1
3892,S1585-2_a,1098,4265,1106,4266,8.06225774829855,9,2.2816159779124416,0.25351288643471576,1
3893,S1585-2_a,1097,4270,1098,4265,5.0990195135927845,6,2.4770561108700853,0.4128426851450142,1
3897,S1585-2_a,1097,4270,1096,4276,6.082762530298219,7,3.3798744841247346,0.4828392120178192,1
3898,S1585-2_a,1097,4270,1099,4279,9.219544457292887,10,5.034185091830214,0.5034185091830213,1
3899,S1585-2_a,1097,4270,1106,4266,9.848857801796104,13,4.744069539142626,0.36492842608789433,1
3900,S1585-2_a,1101,4172,1098,4168,5.0,6,0.08077110028484911,0.013461850047474853,1
3901,S1585-2_a,1101,4172,1108,4184,13.892443989449804,14,0.27531911087361394,0.01966565077668671,1
3902,S1585-2_a,1101,4172,1111,4187,18.027756377319946,16,0.2922463944297994,0.01826539965186246,1
3906,S1585-2_a,1099,4279,1096,4276,4.242640687119285,5,1.8407640344333536,0.36815280688667074,1
3909,S1585-2_a,1099,4279,1097,4270,9.219544457292887,10,5.034185091830214,0.5034185091830213,1
3910,S1585-2_a,1099,4279,1103,4282,5.0,5,1.2714911705374057,0.25429823410748115,1
3914,S1585-2_a,1103,4282,1099,4279,5.0,5,1.2714911705374057,0.25429823410748115,1
3916,S1585-2_a,1103,4282,1110,4286,8.06225774829855,8,3.097980024790348,0.3872475030987935,1
3918,S1585-2_a,1111,982,1120,976,10.816653826391969,10,5.505343644603467,0.5505343644603468,1
3920,S1585-2_a,1111,982,1106,999,17.72004514666935,19,10.380714446244722,0.546353391907617,1
3921,S1585-2_a,1120,976,1146,989,29.068883707497267,27,13.897669746928871,0.5147285091455137,1
3922,S1585-2_a,1120,976,1142,986,24.166091947189145,24,12.143947022612275,0.5059977926088448,1
3923,S1585-2_a,1120,976,1141,983,22.135943621178654,22,11.82315816265965,0.5374162801208932,1
3924,S1585-2_a,1120,976,1111,982,10.816653826391969,10,5.505343644603467,0.5505343644603468,1
3925,S1585-2_a,1120,976,1153,986,34.48187929913333,34,17.197351119376776,0.5058044446875523,1
3926,S1585-2_a,1120,976,1156,983,36.6742416417845,37,18.387123530245095,0.4969492846012188,1
3929,S1585-2_a,1120,976,1106,999,26.92582403567252,25,15.00108594275925,0.60004343771037,1
3936,S1585-2_a,1130,4269,1111,4267,19.1049731745428,20,4.80891633662873,0.2404458168314365,1
3984,S1585-2_a,1151,4270,1154,4274,5.0,5,0.6639391816090712,0.13278783632181423,1
3985,S1585-2_a,1154,4274,1151,4270,5.0,5,0.6639391816090711,0.1327878363218142,1
4004,S1585-2_a,1159,917,1191,928,33.83784863137726,34,18.315898834102626,0.5387029068853714,1
4009,S1585-2_a,1157,4239,1134,4213,34.713109915419565,31,0.8654989171889187,0.027919319909319958,1
4070,S1585-2_a,1170,930,1180,930,10.0,11,4.665234239724482,0.4241122036113165,1
4072,S1585-2_a,1170,930,1189,950,27.586228448267445,24,13.674321662571563,0.5697634026071484,1
4073,S1585-2_a,1170,930,1191,928,21.095023109728988,22,10.395332043602346,0.47251509289101573,1
4087,S1585-2_a,1170,4376,1171,4382,6.082762530298219,7,2.54399901220503,0.3634284303150043,1
4088,S1585-2_a,1170,4376,1173,4372,5.0,5,2.1219658271896655,0.4243931654379331,1
4089,S1585-2_a,1173,4372,1183,4363,13.45362404707371,12,3.3306207591552877,0.2775517299296073,1
4091,S1585-2_a,1173,4372,1181,4366,10.0,10,3.221885368269995,0.3221885368269995,1
4092,S1585-2_a,1173,4372,1178,4368,6.4031242374328485,7,2.7864256037387323,0.3980608005341046,1
4093,S1585-2_a,1173,4372,1170,4376,5.0,5,2.1219658271896655,0.4243931654379331,1
4094,S1585-2_a,1176,861,1184,862,8.06225774829855,9,4.7163913717493875,0.524043485749932,1
4099,S1585-2_a,1183,873,1184,862,11.045361017187261,13,5.913147097192273,0.45485746901479024,1
4100,S1585-2_a,1183,873,1186,877,5.0,5,1.7256901636427902,0.34513803272855803,1
4103,S1585-2_a,1184,862,1176,861,8.06225774829855,9,4.716391371749388,0.5240434857499321,1
4104,S1585-2_a,1184,862,1183,873,11.045361017187261,13,5.9131470971922715,0.45485746901479013,1
4105,S1585-2_a,1184,862,1186,877,15.132745950421556,17,7.513740720586188,0.4419847482697758,1
4110,S1585-2_a,1186,877,1184,862,15.132745950421556,17,7.513740720586188,0.4419847482697758,1
4111,S1585-2_a,1186,877,1183,873,5.0,5,1.7256901636427902,0.34513803272855803,1
4121,S1585-2_a,1194,1059,1186,1055,8.94427190999916,9,0.2644557288126669,0.029383969868074098,1
4122,S1585-2_a,1194,1059,1189,1055,6.4031242374328485,6,0.24318213034808547,0.04053035505801424,1
4133,S1585-2_a,1195,961,1182,959,13.152946437965905,14,7.157049506507302,0.5112178218933787,1
4140,S1585-2_a,1196,4298,1205,4303,10.295630140987,11,0.1727442028785291,0.015704018443502644,1
4144,S1585-2_a,1196,4298,1199,4309,11.40175425099138,17,1.8344793895001894,0.10791055232354055,1
4146,S1585-2_a,1199,4309,1205,4303,8.48528137423857,20,1.9475515585531222,0.09737757792765611,1
4147,S1585-2_a,1199,4309,1196,4298,11.40175425099138,17,1.8344793895001894,0.10791055232354055,1
4179,S1585-2_a,1208,4275,1209,4263,12.041594578792296,16,0.41828252379907677,0.026142657737442298,1
4180,S1585-2_a,1208,4275,1212,4275,4.0,6,0.2615135587961213,0.04358559313268689,1
4181,S1585-2_a,1208,4275,1232,4281,24.73863375370596,33,2.1855192976309166,0.06622785750396717,1
4182,S1585-2_a,1209,4263,1208,4275,12.041594578792296,16,0.41828252379907677,0.026142657737442298,1
4184,S1585-2_a,1209,4263,1232,4281,29.206163733020468,34,1.9988993918600428,0.05879115858411891,1
4186,S1585-2_a,1212,4275,1208,4275,4.0,6,0.2615135587961213,0.04358559313268689,1
4187,S1585-2_a,1212,4275,1232,4281,20.8806130178211,30,1.9370335264741172,0.0645677842158039,1
4211,S1585-2_a,1248,4321,1235,4288,35.4682957019364,36,0.5269603963778908,0.014637788788274745,1
4212,S1585-2_a,1248,4321,1234,4284,39.56008088970496,39,0.5622083776264752,0.014415599426319878,1
4213,S1585-2_a,1248,4321,1232,4281,43.08131845707603,42,0.585201024666294,0.013933357730149856,1
4214,S1585-2_a,1248,4321,1237,4294,29.154759474226502,30,0.4371131036896525,0.014570436789655083,1
4215,S1585-2_a,1248,4321,1239,4296,26.570660511172846,28,0.4156314488829835,0.01484398031724941,1
4241,S1585-2_a,1300,720,1308,726,10.0,9,1.04404823617405,0.11600535957489444,1
4245,S1585-2_a,1308,726,1322,726,14.0,17,1.087186930223635,0.06395217236609618,1
4246,S1585-2_a,1308,726,1300,720,10.0,9,1.0440482361740502,0.11600535957489447,1
4250,S1585-2_a,1306,562,1319,560,13.152946437965905,14,5.861202529762665,0.4186573235544761,1
4251,S1585-2_a,1306,562,1316,562,10.0,11,4.214116814222182,0.3831015285656529,1
4252,S1585-2_a,1306,562,1312,568,8.48528137423857,7,2.8172841366760824,0.40246916238229746,1
4254,S1585-2_a,1306,562,1313,564,7.280109889280518,8,2.9553939058671346,0.3694242382333918,1
4256,S1585-2_a,1317,4410,1318,4416,6.082762530298219,7,0.1795922939047781,0.02565604198639687,1
4257,S1585-2_a,1317,4410,1338,4429,28.319604517012593,34,2.680545527204372,0.07883957432954036,1
4258,S1585-2_a,1318,4416,1317,4410,6.082762530298219,7,0.1795922939047781,0.02565604198639687,1
4260,S1585-2_a,1318,4416,1338,4429,23.853720883753127,29,2.508296505788568,0.08649298295822648,1
4261,S1585-2_a,1317,734,1322,726,9.433981132056603,15,0.9346635262255354,0.06231090174836903,1
4267,S1585-2_a,1319,560,1316,562,3.605551275463989,4,1.889575910916353,0.47239397772908825,1
4268,S1585-2_a,1319,560,1312,568,10.63014581273465,12,4.162858888084524,0.346904907340377,1
4269,S1585-2_a,1319,560,1306,562,13.152946437965905,14,5.861202529762664,0.41865732355447605,1
4271,S1585-2_a,1319,560,1313,564,7.211102550927978,8,3.184424312760657,0.3980530390950821,1
4279,S1585-2_a,1321,718,1322,723,5.0990195135927845,6,0.21765323527666758,0.03627553921277793,1
4280,S1585-2_a,1321,718,1322,726,8.06225774829855,9,0.31797414878360925,0.03533046097595658,1
4281,S1585-2_a,1323,746,1322,726,20.024984394500787,21,1.0994768060049784,0.05235603838118945,1
4288,S1585-2_a,1338,4429,1317,4410,28.319604517012593,34,2.6805455272043712,0.07883957432954034,1
4289,S1585-2_a,1338,4429,1318,4416,23.853720883753127,29,2.508296505788567,0.08649298295822645,1
4315,S1585-2_a,1422,4494,1427,4476,18.681541692269406,26,8.617179259309639,0.33142997151190917,1
4323,S1585-2_a,1427,4476,1422,4494,18.681541692269406,26,8.61717925930964,0.3314299715119092,1
4339,S1585-2_a,1487,4573,1488,4581,8.06225774829855,9,2.588740380376633,0.2876378200418481,1
4342,S1585-2_a,1487,4573,1494,4566,9.899494936611665,9,3.306890198942307,0.367432244326923,1
4343,S1585-2_a,1487,4573,1500,4579,14.317821063276353,15,7.794712901770258,0.5196475267846838,1
4345,S1585-2_a,1497,4533,1502,4537,6.4031242374328485,6,1.5326179644040923,0.25543632740068206,1
4346,S1585-2_a,1497,4533,1502,4540,8.602325267042627,8,1.870617935251478,0.23382724190643475,1
4347,S1585-2_a,1497,4533,1510,4522,17.029386365926403,27,3.9854523114654974,0.1476093448690925,1
4348,S1585-2_a,1497,4533,1509,4520,17.69180601295413,29,4.004588882827915,0.13808927182165223,1
4349,S1585-2_a,1497,4533,1508,4539,12.529964086141668,12,2.630555941709377,0.21921299514244807,1
4350,S1585-2_a,1497,4533,1506,4547,16.64331697709324,19,3.593626238678986,0.18913822308836767,1
4353,S1585-2_a,1500,4579,1487,4573,14.317821063276353,15,7.794712901770259,0.519647526784684,1
4357,S1585-2_a,1500,4579,1497,4572,7.615773105863909,8,4.135317976082186,0.5169147470102733,1
4358,S1585-2_a,1500,4579,1494,4566,14.317821063276353,15,7.467781017345913,0.49785206782306085,1
4359,S1585-2_a,1500,4579,1502,4583,4.47213595499958,5,1.382271916513668,0.27645438330273364,1
4360,S1585-2_a,1500,4579,1498,4566,13.152946437965905,14,6.286718468428683,0.44905131917347735,1
4361,S1585-2_a,1500,4579,1501,4568,11.045361017187261,12,5.649463408079413,0.4707886173399511,1
4362,S1585-2_a,1500,4579,1504,4566,13.601470508735444,15,6.197555262574126,0.4131703508382751,1
4365,S1585-2_a,1500,4579,1514,4554,28.653097563788805,30,11.0833234344308,0.3694441144810267,1
4366,S1585-2_a,1500,4579,1514,4556,26.92582403567252,29,10.664039851439744,0.3677255121186119,1
4368,S1585-2_a,1500,4579,1505,4563,16.76305461424021,18,7.253381062696916,0.4029656145942731,1
4372,S1585-2_a,1500,4579,1508,4590,13.601470508735444,12,3.9215574347281437,0.326796452894012,1
4373,S1585-2_a,1500,4579,1508,4587,11.313708498984761,10,3.224724309204102,0.3224724309204102,1
4376,S1585-2_a,1501,4517,1497,4518,4.123105625617661,6,0.1627752752848106,0.02712921254746843,1
4377,S1585-2_a,1501,4517,1494,4518,7.0710678118654755,8,0.1779674901735955,0.022245936271699438,1
4378,S1585-2_a,1501,4517,1509,4520,8.54400374531753,11,0.1769917958574866,0.016090163259771507,1
4383,S1585-2_a,1502,4583,1500,4579,4.47213595499958,5,1.382271916513668,0.27645438330273364,1
4387,S1585-2_a,1502,4583,1508,4590,9.219544457292887,9,2.640483546023978,0.2933870606693309,1
4388,S1585-2_a,1502,4583,1508,4587,7.211102550927978,7,1.9436504204999363,0.2776643457857052,1
4396,S1585-2_a,1510,4570,1509,4564,6.082762530298219,7,2.2638944892149877,0.32341349845928397,1
4399,S1585-2_a,1510,4570,1511,4566,4.123105625617661,5,1.7832474072039863,0.3566494814407973,1
4438,S1585-2_a,1618,4711,1621,4702,9.486832980505138,11,4.51463762570678,0.41042160233698,1
4439,S1585-2_a,1618,4711,1632,4723,18.439088914585774,16,9.457716828264633,0.5911073017665396,1
4440,S1585-2_a,1618,4711,1617,4726,15.033296378372908,17,7.163282970991391,0.4213695865289053,1
4441,S1585-2_a,1618,4711,1616,4728,17.11724276862369,19,7.963907153622355,0.4191530080853871,1
4442,S1585-2_a,1618,4711,1642,4737,35.38361202590826,29,19.322856600515735,0.6663054000177839,1
4443,S1585-2_a,1618,4711,1640,4742,38.01315561749642,34,22.254606166945393,0.6545472402042762,1
4444,S1585-2_a,1618,4711,1639,4744,39.11521443121589,36,23.28460431345805,0.6467945642627236,1
4446,S1585-2_a,1617,4747,1618,4734,13.038404810405298,14,8.516297280055095,0.6083069485753639,1
4448,S1585-2_a,1617,4747,1620,4742,5.830951894845301,6,3.524189233852717,0.5873648723087862,1
4450,S1585-2_a,1617,4747,1615,4751,4.47213595499958,5,2.372413923674134,0.4744827847348268,1
4452,S1585-2_a,1617,4747,1611,4747,6.0,7,3.196675970630824,0.4566679958044034,1
4453,S1585-2_a,1621,4702,1614,4701,7.0710678118654755,8,3.390166120049636,0.4237707650062045,1
4454,S1585-2_a,1621,4702,1613,4699,8.54400374531753,9,3.9126187614751275,0.43473541794168086,1
4456,S1585-2_a,1621,4702,1618,4711,9.486832980505138,11,4.514637625706779,0.41042160233697994,1
4457,S1585-2_a,1621,4702,1632,4723,23.706539182259394,24,13.971322191570335,0.582138424648764,1
4459,S1585-2_a,1621,4702,1617,4726,24.331050121192877,25,11.67688833429709,0.46707553337188357,1
4460,S1585-2_a,1621,4702,1616,4728,26.476404589747453,27,12.477512516928055,0.4621300932195576,1
4461,S1585-2_a,1621,4702,1642,4737,40.8166632639171,37,23.836461963821442,0.6442287017249039,1
4463,S1585-2_a,1621,4702,1640,4742,44.28317965096906,42,26.7682115302511,0.6373383697678834,1
4464,S1585-2_a,1621,4702,1639,4744,45.69463863518345,44,27.798209676763758,0.6317774926537217,1
4466,S1585-2_a,1620,4742,1622,4740,2.8284271247461903,3,1.7299636761122708,0.5766545587040902,1
4469,S1585-2_a,1620,4742,1617,4747,5.830951894845301,6,3.5241892338527174,0.5873648723087862,1
4470,S1585-2_a,1620,4742,1629,4744,9.219544457292887,10,6.09781624776642,0.609781624776642,1
4471,S1585-2_a,1620,4742,1611,4747,10.295630140987,11,6.539505414773458,0.5945004922521325,1
4475,S1585-2_a,1622,4740,1620,4742,2.8284271247461903,3,1.7299636761122708,0.5766545587040902,1
4476,S1585-2_a,1622,4740,1629,4744,8.06225774829855,8,4.8016191385573626,0.6002023923196703,1
4478,S1585-2_a,1632,4723,1621,4702,23.706539182259394,24,13.971322191570334,0.5821384246487639,1
4479,S1585-2_a,1632,4723,1618,4711,18.439088914585774,16,9.457716828264633,0.5911073017665396,1
4480,S1585-2_a,1632,4723,1651,4726,19.235384061671343,20,10.377053761963015,0.5188526880981508,1
4490,S1585-2_a,1642,4737,1621,4702,40.8166632639171,37,23.836461963821435,0.6442287017249037,1
4491,S1585-2_a,1642,4737,1618,4711,35.38361202590826,29,19.322856600515735,0.6663054000177839,1
4496,S1585-2_a,1642,4737,1640,4742,5.385164807134504,6,3.06972890331081,0.5116214838851351,1
4497,S1585-2_a,1642,4737,1639,4744,7.615773105863909,8,4.099727049823467,0.5124658812279334,1
4498,S1585-2_a,1642,4737,1631,4745,13.601470508735444,15,8.716890733936761,0.5811260489291175,1
4527,S1585-2_a,1651,4726,1632,4723,19.235384061671343,20,10.377053761963015,0.5188526880981508,1
4563,S1585-2_a,1795,4866,1790,4861,7.0710678118654755,6,3.1341999506952316,0.5223666584492053,1
4564,S1585-2_a,1795,4866,1804,4874,12.041594578792296,10,4.925183992681819,0.4925183992681819,1
4567,S1585-2_a,1811,4893,1808,4890,4.242640687119285,4,2.061853479343197,0.5154633698357992,1
4568,S1585-2_a,1811,4893,1816,4897,6.4031242374328485,6,2.1657835131456964,0.3609639188576161,1
4569,S1585-2_a,1835,4881,1830,4879,5.385164807134504,6,1.8650836927378087,0.31084728212296814,1
4570,S1585-2_a,1835,4881,1844,4890,12.727922061357855,13,4.415631211540515,0.3396639393492704,1
4571,S1585-2_a,1835,4881,1836,4893,12.041594578792296,13,5.682472069254282,0.4371132360964832,1
4572,S1585-2_a,1835,4881,1836,4890,9.055385138137417,10,4.394317778054162,0.43943177780541615,1
4573,S1585-2_a,1835,4881,1849,4885,14.560219778561036,16,4.774685467190905,0.2984178416994316,1
4575,S1585-2_a,1835,4881,1858,4875,23.769728648009426,26,12.401831766457711,0.47699352947914275,1
4576,S1585-2_a,1835,4881,1852,4886,17.72004514666935,19,5.372009647037929,0.28273734984410154,1
4577,S1585-2_a,1835,4881,1846,4887,12.529964086141668,13,4.513934370704301,0.34722572082340775,1
4578,S1585-2_a,1835,4881,1854,4893,22.47220505424423,22,7.686516772858617,0.34938712603902805,1
4579,S1585-2_a,1835,4881,1835,4896,15.0,16,5.947362766864973,0.37171017292906083,1
4580,S1585-2_a,1835,4881,1842,4896,16.55294535724685,19,6.49389613481016,0.34178400709527157,1
4582,S1585-2_a,1835,4881,1854,4895,23.600847442411894,22,7.270343009881665,0.33047013681280296,1
4593,S1585-2_a,1842,4896,1844,4890,6.324555320336759,7,2.085843513809948,0.29797764482999256,1
4594,S1585-2_a,1842,4896,1835,4881,16.55294535724685,19,6.493896134810158,0.34178400709527146,1
4595,S1585-2_a,1842,4896,1836,4890,8.48528137423857,9,5.057994944324061,0.561999438258229,1
4596,S1585-2_a,1842,4896,1849,4885,13.038404810405298,16,2.8462502961050493,0.17789064350656558,1
4597,S1585-2_a,1842,4896,1858,4875,26.40075756488817,26,10.473396595371852,0.40282294597584045,1
4598,S1585-2_a,1842,4896,1852,4886,14.142135623730951,19,3.4435744759520723,0.18124076189221433,1
4599,S1585-2_a,1842,4896,1846,4887,9.848857801796104,11,2.532780509472251,0.23025277358838644,1
4600,S1585-2_a,1842,4896,1854,4893,12.36931687685298,18,5.432208429733387,0.3017893572074104,1
4601,S1585-2_a,1842,4896,1835,4896,7.0,11,3.2511526813376745,0.2955593346670613,1
4603,S1585-2_a,1842,4896,1841,4903,7.0710678118654755,9,2.0180680210535864,0.22422978011706515,1
4604,S1585-2_a,1842,4896,1843,4904,8.06225774829855,9,2.228091013262628,0.247565668140292,1
4605,S1585-2_a,1842,4896,1845,4910,14.317821063276353,15,5.255105302463611,0.3503403534975741,1
4607,S1585-2_a,1842,4896,1854,4895,12.041594578792296,18,5.016034666756434,0.2786685925975797,1
4610,S1585-2_a,1845,4910,1841,4903,8.06225774829855,9,3.3131120358749033,0.36812355954165593,1
4611,S1585-2_a,1845,4910,1842,4896,14.317821063276353,15,5.25510530246361,0.35034035349757403,1
4612,S1585-2_a,1845,4910,1843,4904,6.324555320336759,7,3.1582110942709765,0.45117301346728234,1
4639,S1585-2_a,1858,4875,1844,4890,20.518284528683193,20,8.395131672102208,0.41975658360511037,1
4640,S1585-2_a,1858,4875,1835,4881,23.769728648009426,26,12.401831766457708,0.4769935294791426,1
4641,S1585-2_a,1858,4875,1836,4893,28.42534080710379,28,12.393810031920514,0.4426360725685898,1
4642,S1585-2_a,1858,4875,1836,4890,26.627053911388696,27,12.608870908857925,0.46699521884658984,1
4644,S1585-2_a,1858,4875,1861,4870,5.830951894845301,6,3.308343335580843,0.5513905559301405,1
4646,S1585-2_a,1858,4875,1846,4887,16.97056274847714,16,8.101872097282625,0.506367006080164,1
4651,S1585-2_a,1858,4875,1828,4895,36.05551275463989,36,15.673404835027954,0.43537235652855427,1
4652,S1585-2_a,1858,4875,1835,4896,31.144823004794873,30,12.965338794589792,0.43217795981965973,1
4653,S1585-2_a,1858,4875,1842,4896,26.40075756488817,26,10.473396595371852,0.40282294597584045,1
4657,S1585-2_a,1861,4870,1858,4875,5.830951894845301,6,3.308343335580843,0.5513905559301405,1
4659,S1585-2_a,1861,4870,1862,4891,21.02379604162864,22,11.280196745878396,0.5127362157217452,1
4661,S1585-2_a,1861,4870,1858,4892,22.20360331117452,24,12.376374705068713,0.515682279377863,1
4662,S1585-2_a,1861,4870,1874,4867,13.341664064126334,14,7.047696470178855,0.5034068907270611,1
4664,S1585-2_a,1866,4941,1867,4936,5.0990195135927845,6,2.604361046163244,0.4340601743605406,1
4665,S1585-2_a,1866,4941,1860,4930,12.529964086141668,12,5.713874048936398,0.4761561707446998,1
4666,S1585-2_a,1866,4941,1870,4945,5.656854249492381,7,1.7238562073094104,0.2462651724727729,1
4667,S1585-2_a,1866,4941,1866,4934,7.0,8,3.142002634083366,0.39275032926042075,1
4668,S1585-2_a,1870,4945,1866,4941,5.656854249492381,7,1.7238562073094106,0.24626517247277294,1
4673,S1585-2_a,1871,4915,1862,4918,9.486832980505138,10,5.377967749384566,0.5377967749384566,1
4674,S1585-2_a,1871,4915,1857,4919,14.560219778561036,15,7.459886653644999,0.49732577690966656,1
4675,S1585-2_a,1871,4915,1860,4930,18.601075237738275,16,13.061585213867627,0.8163490758667267,1
4678,S1585-2_a,1871,4915,1875,4911,5.656854249492381,7,2.501668018187382,0.3573811454553403,1
4679,S1585-2_a,1871,4915,1880,4918,9.486832980505138,10,3.039369145839788,0.3039369145839788,1
4681,S1585-2_a,1882,4883,1887,4890,8.602325267042627,8,2.6824291249957617,0.3353036406244702,1
4682,S1585-2_a,1882,4883,1887,4888,7.0710678118654755,6,2.5498493226692376,0.4249748871115396,1
4684,S1585-2_a,1882,4883,1875,4888,8.602325267042627,10,2.9931352933722555,0.29931352933722555,1
4685,S1585-2_a,1882,4883,1879,4893,10.44030650891055,11,3.857201544955975,0.35065468590508864,1
4686,S1585-2_a,1882,4883,1881,4894,11.045361017187261,12,4.206441141357349,0.35053676177977905,1
4687,S1585-2_a,1882,4883,1885,4898,15.297058540778355,16,6.096064995932518,0.38100406224578237,1
4688,S1585-2_a,1882,4883,1876,4891,10.0,9,3.5423010303015907,0.39358900336684344,1
4689,S1585-2_a,1882,4883,1893,4882,11.045361017187261,13,4.580375234969008,0.35233655653607754,1
4690,S1585-2_a,1882,4883,1894,4890,13.892443989449804,15,6.18153100919749,0.4121020672798327,1
4691,S1585-2_a,1882,4883,1892,4885,10.198039027185569,11,4.351014379437265,0.3955467617670241,1
4707,S1585-2_a,1894,4890,1887,4890,7.0,8,4.046382704934789,0.5057978381168486,1
4708,S1585-2_a,1894,4890,1887,4888,7.280109889280518,10,4.058489320764276,0.40584893207642764,1
4709,S1585-2_a,1894,4890,1882,4883,13.892443989449804,15,6.1815310091974895,0.4121020672798326,1
4710,S1585-2_a,1894,4890,1875,4888,19.1049731745428,20,7.73786153789284,0.38689307689464203,1
4711,S1585-2_a,1894,4890,1881,4894,13.601470508735444,14,7.107685990759923,0.5076918564828516,1
4712,S1585-2_a,1894,4890,1876,4891,18.027756377319946,19,8.199124610142142,0.4315328742180075,1
4713,S1585-2_a,1894,4890,1893,4882,8.06225774829855,9,2.0744232675835317,0.23049147417594795,1
4714,S1585-2_a,1894,4890,1892,4885,5.385164807134504,7,1.9991790571438928,0.28559700816341327,1
4725,S1585-2_a,1975,4863,1926,4865,49.040799340956916,55,1.5250078637093074,0.02772741570380559,1
4727,S1585-2_a,1975,4863,1951,4866,24.186773244895647,26,0.5393296099602218,0.02074344653693161,1
4728,S1585-2_a,1975,4863,1956,4866,19.235384061671343,20,0.47726025349333306,0.023863012674666652,1
4732,S1585-2_a,2010,4870,1997,4868,13.152946437965905,14,0.3233015893172793,0.023092970665519953,1
4736,S1585-2_a,2037,4877,2047,4881,10.770329614269007,11,0.10407364218301694,0.009461240198456086,1
4737,S1585-2_a,2047,4881,2037,4877,10.770329614269007,11,0.10407364218301696,0.009461240198456088,1
4738,S1585-2_a,2047,4881,2054,4881,7.0,8,0.2673117097177205,0.03341396371471506,1
4739,S1585-2_a,2054,4881,2047,4881,7.0,8,0.26731170971772045,0.033413963714715056,1
4771,S1585-2_a,740,2500,740,2490,10.0,12,2.7276825795668396,0.22730688163056997,1
4777,S1585-2_a,750,2465,746,2458,8.06225774829855,9,2.421011412122664,0.26900126801362934,1
4780,S1585-2_a,760,3432,763,3424,8.54400374531753,9,3.9043308837248167,0.43381454263609076,1
4781,S1585-2_a,760,3432,762,3422,10.198039027185569,11,4.039103175867073,0.36719119780609755,1
4782,S1585-2_a,760,3432,765,3439,8.602325267042627,9,3.2274293683456916,0.3586032631495213,1
4783,S1585-2_a,763,3433,763,3424,9.0,10,4.448793738713878,0.44487937387138776,1
4784,S1585-2_a,763,3433,762,3422,11.045361017187261,12,4.583566030856133,0.38196383590467775,1
4785,S1585-2_a,763,3433,770,3431,7.280109889280518,8,3.5989327560117137,0.4498665945014642,1
4786,S1585-2_a,763,3433,774,3429,11.704699910719626,12,4.221474512662543,0.3517895427218786,1
4787,S1585-2_a,763,3433,765,3439,6.324555320336759,7,2.388943978489261,0.3412777112127516,1
4788,S1585-2_a,765,3168,765,3155,13.0,14,7.283391501855555,0.5202422501325397,1
4789,S1585-2_a,765,3168,766,3158,10.04987562112089,11,5.8419770163985785,0.531088819672598,1
4790,S1585-2_a,766,3171,765,3155,16.0312195418814,17,8.205666995736099,0.4826862938668293,1
4792,S1585-2_a,766,3171,766,3158,13.0,14,6.764252510279123,0.48316089359136594,1
4799,S1585-2_a,765,3155,761,3167,12.649110640673518,15,7.967262555686475,0.531150837045765,1
4800,S1585-2_a,765,3155,765,3168,13.0,14,7.283391501855556,0.5202422501325398,1
4801,S1585-2_a,765,3155,766,3171,16.0312195418814,17,8.205666995736099,0.4826862938668293,1
4802,S1585-2_a,765,3155,764,3172,17.029386365926403,18,9.03645381509282,0.5020252119496011,1
4804,S1585-2_a,767,3153,771,3149,5.656854249492381,5,3.2033401766104768,0.6406680353220954,1
4837,S1585-2_a,790,3482,797,3480,7.280109889280518,8,2.6951344950606333,0.33689181188257916,1
4841,S1585-2_a,783,3504,787,3510,7.211102550927978,7,2.578596992392719,0.36837099891324554,1
4842,S1585-2_a,783,3504,789,3515,12.529964086141668,12,4.874784042084784,0.4062320035070653,1
4850,S1585-2_a,778,3508,787,3510,9.219544457292887,10,4.343488572337333,0.4343488572337333,1
4851,S1585-2_a,778,3508,789,3515,13.038404810405298,14,6.498390683084908,0.46417076307749344,1
4852,S1585-2_a,787,2219,783,2216,5.0,5,1.8087330226329335,0.3617466045265867,1
4853,S1585-2_a,787,2219,793,2217,6.324555320336759,7,3.4588858670524183,0.49412655243605974,1
4854,S1585-2_a,800,2217,828,2202,31.76476034853718,31,3.6627817084184024,0.11815424865865815,1
4855,S1585-2_a,800,2217,789,2218,11.045361017187261,12,4.8940494172845,0.40783745144037503,1
4857,S1585-2_a,800,2217,814,2218,14.035668847618199,16,1.5398419431898853,0.09624012144936783,1
4859,S1585-2_a,803,2218,828,2202,29.68164415931166,30,3.318159365600841,0.1106053121866947,1
4861,S1585-2_a,803,2218,814,2218,11.0,12,1.1935527688630403,0.09946273073858669,1
4868,S1585-2_a,814,2218,808,2214,7.211102550927978,10,1.2049199233774357,0.12049199233774358,1
4869,S1585-2_a,814,2218,828,2202,21.2602916254693,34,4.40517595711197,0.12956399873858734,1
4870,S1585-2_a,814,2218,800,2217,14.035668847618199,16,1.5398419431898855,0.09624012144936785,1
4871,S1585-2_a,814,2218,793,2217,21.02379604162864,22,3.7370089815161194,0.16986404461436908,1
4872,S1585-2_a,814,2218,803,2218,11.0,12,1.1935527688630403,0.09946273073858669,1
4874,S1585-2_a,814,2218,806,2217,8.06225774829855,10,1.1405925242261565,0.11405925242261565,1
4876,S1585-2_a,817,2109,825,2095,16.1245154965971,16,2.626229614100375,0.16413935088127343,1
4877,S1585-2_a,817,2109,825,2092,18.788294228055936,18,3.2567366112027907,0.18092981173348838,1
4878,S1585-2_a,817,2109,824,2099,12.206555615733702,11,2.5621786073607455,0.23292532794188595,1
4882,S1585-2_a,818,2107,825,2095,13.892443989449804,14,2.457980595452707,0.17557004253233624,1
4883,S1585-2_a,818,2107,825,2092,16.55294535724685,16,3.088487592555123,0.19303047453469518,1
4884,S1585-2_a,818,2107,824,2099,10.0,9,2.393929588713078,0.2659921765236753,1
4885,S1585-2_a,821,2105,825,2095,10.770329614269007,12,2.2008975444273187,0.18340812870227655,1
4886,S1585-2_a,821,2105,825,2092,13.601470508735444,14,2.8314045415297344,0.20224318153783818,1
4887,S1585-2_a,821,2105,824,2099,6.708203932499369,7,2.1368465376876897,0.30526379109824137,1
4888,S1585-2_a,818,2909,795,2910,23.021728866442675,31,14.776294971254083,0.4766546764920672,1
4889,S1585-2_a,818,2909,798,2902,21.18962010041709,23,11.833613998232376,0.5145049564448859,1
4890,S1585-2_a,818,2909,809,2900,12.727922061357855,12,4.405264430947595,0.3671053692456329,1
4925,S1585-2_a,825,2095,818,2107,13.892443989449804,14,2.457980595452706,0.17557004253233613,1
4926,S1585-2_a,825,2095,822,2103,8.54400374531753,10,1.4951291338382915,0.14951291338382916,1
4927,S1585-2_a,825,2095,821,2105,10.770329614269007,12,2.200897544427318,0.18340812870227652,1
4928,S1585-2_a,825,2095,817,2109,16.1245154965971,16,2.626229614100374,0.16413935088127338,1
4929,S1585-2_a,825,2092,818,2107,16.55294535724685,16,3.0884875925551216,0.1930304745346951,1
4930,S1585-2_a,825,2092,822,2103,11.40175425099138,12,2.1256361309407072,0.17713634424505895,1
4931,S1585-2_a,825,2092,821,2105,13.601470508735444,14,2.831404541529734,0.20224318153783813,1
4932,S1585-2_a,825,2092,817,2109,18.788294228055936,18,3.25673661120279,0.18092981173348832,1
4935,S1585-2_a,828,2755,839,2752,11.40175425099138,12,3.538896287204061,0.2949080239336717,1
4936,S1585-2_a,828,2755,835,2753,7.280109889280518,8,2.2785412951541453,0.28481766189426816,1
4937,S1585-2_a,828,2755,843,2751,15.524174696260024,16,3.932581294541637,0.24578633090885232,1
4938,S1585-2_a,834,2925,827,2921,8.06225774829855,8,2.183879557699097,0.2729849447123871,1
4945,S1585-2_a,834,2925,844,2923,10.198039027185569,11,2.791624713771736,0.25378406488833966,1
4972,S1585-2_a,837,2989,827,2982,12.206555615733702,12,3.3621447968400378,0.2801787330700031,1
4981,S1585-2_a,835,2064,830,2072,9.433981132056603,9,4.286225117884626,0.47624723532051394,1
4982,S1585-2_a,835,2064,835,2056,8.0,9,2.5732071156696534,0.2859119017410726,1
4983,S1585-2_a,837,3683,828,3685,9.219544457292887,10,3.8513209326801814,0.3851320932680181,1
4984,S1585-2_a,837,3683,847,3679,10.770329614269007,11,6.171601325472508,0.5610546659520462,1
4986,S1585-2_a,837,3683,849,3681,12.165525060596439,13,6.556555073559747,0.5043503902738267,1
4990,S1585-2_a,839,2752,828,2755,11.40175425099138,12,3.538896287204061,0.2949080239336717,1
4991,S1585-2_a,839,2752,831,2755,8.54400374531753,9,3.1283291540280604,0.34759212822534,1
5002,S1585-2_a,837,2937,845,2937,8.0,9,3.073195776870423,0.34146619743004697,1
5003,S1585-2_a,837,2937,844,2940,7.615773105863909,9,2.9161812612735467,0.3240201401415052,1
5004,S1585-2_a,837,2937,849,2943,13.416407864998739,13,4.845937666546488,0.3727644358881914,1
5017,S1585-2_a,845,2937,839,2936,6.082762530298219,7,2.4356361623686276,0.3479480231955182,1
5019,S1585-2_a,845,2937,837,2937,8.0,9,3.0731957768704223,0.3414661974300469,1
5020,S1585-2_a,845,2937,849,2943,7.211102550927978,8,2.2340470769103242,0.27925588461379053,1
5023,S1585-2_a,851,2030,848,2023,7.615773105863909,8,1.7383550120330384,0.2172943765041298,1
5024,S1585-2_a,851,2030,847,2038,8.94427190999916,10,2.1538017535275595,0.21538017535275594,1
5025,S1585-2_a,851,2030,844,2022,10.63014581273465,11,2.92276585473964,0.26570598679451274,1
5033,S1585-2_a,861,3028,860,3039,11.045361017187261,12,0.2466904438828345,0.02055753699023621,1
5038,S1585-2_a,859,3033,860,3039,6.082762530298219,8,0.22693797966520868,0.028367247458151085,1
5045,S1585-2_a,872,3613,871,3606,7.0710678118654755,8,0.19809583540757714,0.024761979425947142,1
5047,S1585-2_a,872,3613,873,3646,33.015148038438355,34,1.2761399629160355,0.03753352832105987,1
5048,S1585-2_a,884,2032,867,2032,17.0,18,7.890975059380348,0.4383875032989082,1
5049,S1585-2_a,884,2032,873,2038,12.529964086141668,12,4.598995396857266,0.3832496164047721,1
5050,S1585-2_a,884,2032,892,2039,10.63014581273465,10,2.5498594483159494,0.2549859448315949,1
5051,S1585-2_a,897,1966,886,1969,11.40175425099138,12,4.7981863557449,0.3998488629787416,1
5052,S1585-2_a,900,1970,886,1969,14.035668847618199,15,5.033552335220582,0.33557015568137216,1
5055,S1585-2_a,911,2057,905,2051,8.48528137423857,8,1.5163023141368028,0.18953778926710035,1
5076,S1585-2_a,930,1692,947,1690,17.11724276862369,18,9.006151815583593,0.5003417675324218,1
5077,S1585-2_a,930,1692,934,1704,12.649110640673518,13,6.555907512991557,0.5043005779224274,1
5078,S1585-2_a,930,1692,933,1701,9.486832980505138,10,5.231369989614578,0.5231369989614578,1
5080,S1585-2_a,933,1628,937,1617,11.704699910719626,12,4.177478234973027,0.34812318624775224,1
5090,S1585-2_a,936,1666,951,1658,17.0,16,9.643338538137876,0.6027086586336172,1
5092,S1585-2_a,941,1876,947,1874,6.324555320336759,7,2.745328537832699,0.392189791118957,1
5093,S1585-2_a,941,1876,937,1868,8.94427190999916,10,2.5323805492086544,0.25323805492086543,1
5102,S1585-2_a,958,1594,962,1600,7.211102550927978,8,1.9339865737399276,0.24174832171749094,1
5103,S1585-2_a,958,1594,964,1600,8.48528137423857,9,2.29897779827318,0.25544197758590886,1
5104,S1585-2_a,958,1594,969,1599,12.083045973594572,14,5.007910359350651,0.3577078828107608,1
5105,S1585-2_a,958,1594,971,1603,15.811388300841896,16,5.770878603194377,0.36067991269964855,1
5106,S1585-2_a,958,1594,976,1610,24.08318915758459,22,10.931835936764816,0.4969016334893098,1
5107,S1585-2_a,958,1594,978,1613,27.586228448267445,25,11.798220690560528,0.47192882762242117,1
5108,S1585-2_a,964,1525,962,1532,7.280109889280518,8,2.8173044534414675,0.35216305668018344,1
5110,S1585-2_a,968,1564,973,1567,5.830951894845301,6,3.5332779888804122,0.588879664813402,1
5112,S1585-2_a,968,1564,994,1580,30.528675044947494,27,14.87028318245869,0.5507512289799515,1
5113,S1585-2_a,968,1564,994,1576,28.635642126552707,27,15.177345995375065,0.562123925754632,1
5114,S1585-2_a,968,1564,976,1572,11.313708498984761,10,5.798335761079631,0.5798335761079632,1
5116,S1585-2_a,968,1564,995,1582,32.449961479175904,29,14.977182761616088,0.5164545779867616,1
5121,S1585-2_a,978,1613,962,1593,25.612496949731394,26,11.798192745105439,0.4537766440425169,1
5122,S1585-2_a,978,1613,958,1594,27.586228448267445,25,11.798220690560532,0.4719288276224213,1
5123,S1585-2_a,978,1613,957,1598,25.80697580112788,24,11.548547337345376,0.48118947238939064,1
5127,S1585-2_a,978,1613,962,1600,20.615528128088304,19,9.955476821995784,0.5239724643155675,1
5128,S1585-2_a,978,1613,964,1600,19.1049731745428,17,9.613602803339807,0.5655060472552828,1
5129,S1585-2_a,978,1613,969,1599,16.64331697709324,15,7.877086190705672,0.5251390793803782,1
5131,S1585-2_a,978,1613,971,1603,12.206555615733702,11,6.183502015732997,0.562136546884818,1
5134,S1585-2_a,978,1613,985,1633,21.18962010041709,26,5.218887122062611,0.2007264277716389,1
5135,S1585-2_a,978,1613,978,1628,15.0,16,4.641632835638236,0.2901020522273898,1
5136,S1585-2_a,978,1613,980,1621,8.246211251235321,9,3.3590029180728327,0.37322254645253694,1
5137,S1585-2_a,978,1613,980,1604,9.219544457292887,10,4.527571707208498,0.4527571707208498,1
5138,S1585-2_a,978,1613,984,1629,17.08800749063506,18,4.480835471027351,0.24893530394596397,1
5139,S1585-2_a,978,1613,981,1629,16.278820596099706,17,4.636019027521691,0.272707001618923,1
5140,S1585-2_a,978,1613,987,1627,16.64331697709324,20,4.717649031549007,0.23588245157745033,1
5142,S1585-2_a,978,1613,992,1621,16.1245154965971,28,5.744572653356225,0.2051633090484366,1
5143,S1585-2_a,978,1613,989,1628,18.601075237738275,23,4.912511970190554,0.2135874769648067,1
5148,S1585-2_a,978,1613,987,1634,22.847319317591726,28,5.085481253876093,0.18162433049557475,1
5149,S1585-2_a,978,1613,988,1637,26.0,28,5.036043417282994,0.17985869347439265,1
5166,S1585-2_a,978,1628,979,1615,13.038404810405298,14,4.027938058599391,0.28770986132852794,1
5167,S1585-2_a,978,1628,980,1621,7.280109889280518,8,1.287630804302862,0.16095385053785774,1
5168,S1585-2_a,978,1628,978,1613,15.0,16,4.641632835638236,0.2901020522273898,1
5176,S1585-2_a,981,1629,979,1615,14.142135623730951,15,4.022324250482845,0.2681549500321897,1
5177,S1585-2_a,981,1629,980,1621,8.06225774829855,9,1.2820169961863166,0.14244633290959074,1
5178,S1585-2_a,981,1629,978,1613,16.278820596099706,17,4.636019027521692,0.27270700161892303,1
5184,S1585-2_a,985,1633,979,1615,18.973665961010276,24,4.605192345023766,0.19188301437599023,1
5185,S1585-2_a,985,1633,980,1621,13.0,18,1.8648850907272367,0.10360472726262426,1
5186,S1585-2_a,985,1633,978,1613,21.18962010041709,26,5.218887122062611,0.2007264277716389,1
5192,S1585-2_a,987,1634,979,1615,20.615528128088304,26,4.471786476837249,0.1719917875706634,1
5193,S1585-2_a,987,1634,980,1621,14.7648230602334,20,1.7314792225407198,0.086573961127036,1
5194,S1585-2_a,987,1634,978,1613,22.847319317591726,28,5.085481253876095,0.18162433049557483,1
5200,S1585-2_a,988,1637,979,1615,23.769728648009426,26,4.42234864024415,0.17009033231708268,1
5201,S1585-2_a,988,1637,980,1621,17.88854381999832,20,1.6820413859476209,0.08410206929738104,1
5202,S1585-2_a,988,1637,978,1613,26.0,28,5.036043417282996,0.1798586934743927,1
5224,S1585-2_a,992,1621,979,1615,14.317821063276353,26,5.1308778763173795,0.19734145678143766,1
5225,S1585-2_a,992,1621,980,1621,12.0,20,2.3905706220208502,0.11952853110104251,1
5226,S1585-2_a,992,1621,978,1613,16.1245154965971,28,5.744572653356225,0.2051633090484366,1
5239,S1585-2_a,994,1580,968,1564,30.528675044947494,27,14.87028318245869,0.5507512289799515,1
5240,S1585-2_a,994,1580,964,1564,34.0,31,15.531723638014586,0.5010233431617609,1
5241,S1585-2_a,994,1580,973,1567,24.698178070456937,22,11.38749368389461,0.5176133492679368,1
5242,S1585-2_a,994,1580,976,1572,19.697715603592208,19,9.126814935561304,0.480358680819016,1
5256,S1585-2_a,1025,1279,1027,1261,18.110770276274835,19,8.480524235738464,0.44634338082834024,1
5257,S1585-2_a,1025,1279,1027,1268,11.180339887498949,12,3.617889476173412,0.3014907896811177,1
5262,S1585-2_a,1028,1277,1027,1261,16.0312195418814,17,7.415140417882147,0.4361847304636557,1
5265,S1585-2_a,1028,1277,1024,1288,11.704699910719626,14,5.720593791235572,0.4086138422311123,1
5271,S1585-2_a,1023,1342,1010,1332,16.401219466856727,15,9.489321339005704,0.6326214226003802,1
5272,S1585-2_a,1023,1342,1012,1334,13.601470508735444,12,8.812872943460993,0.7344060786217494,1
5276,S1585-2_a,1047,1339,1054,1328,13.038404810405298,15,4.067471660270582,0.2711647773513721,1
5277,S1585-2_a,1047,1339,1052,1338,5.0990195135927845,6,1.0114541135302204,0.16857568558837008,1
5278,S1585-2_a,1047,1339,1035,1338,12.041594578792296,14,3.678882779089245,0.2627773413635175,1
5285,S1585-2_a,1075,4268,1079,4272,5.656854249492381,6,2.436955068896334,0.406159178149389,1
5286,S1585-2_a,1078,4269,1083,4259,11.180339887498949,12,3.203333620559648,0.26694446837997066,1
5287,S1585-2_a,1078,4269,1079,4272,3.1622776601683795,4,1.384612224188157,0.3461530560470393,1
5288,S1585-2_a,1081,4267,1083,4259,8.246211251235321,10,2.2205269105711496,0.22205269105711495,1
5289,S1585-2_a,1083,4265,1083,4259,6.0,8,1.6797689164763414,0.20997111455954268,1
5290,S1585-2_a,1085,4266,1083,4259,7.280109889280518,9,2.1378908067095557,0.2375434229677284,1
5294,S1585-2_a,1085,4266,1085,4282,16.0,17,9.039277815756948,0.5317222244562911,1
5296,S1585-2_a,1070,1167,1070,1178,11.0,12,5.8706153067551545,0.4892179422295962,1
5298,S1585-2_a,1070,1167,1061,1181,16.64331697709324,20,9.856411923503398,0.4928205961751699,1
5299,S1585-2_a,1070,1167,1062,1183,17.88854381999832,20,9.892668593521032,0.4946334296760516,1
5300,S1585-2_a,1072,1169,1070,1178,9.219544457292887,10,4.8704624909642575,0.48704624909642574,1
5302,S1585-2_a,1072,1169,1061,1181,16.278820596099706,18,8.8562591077125,0.49201439487291665,1
5303,S1585-2_a,1072,1169,1062,1183,17.204650534085253,18,8.892515777730134,0.49402865431834075,1
5304,S1585-2_a,1083,1179,1074,1172,11.40175425099138,10,5.037541070058009,0.5037541070058009,1
5313,S1585-2_a,1093,4260,1098,4265,7.0710678118654755,6,2.5763280997333045,0.4293880166222174,1
5317,S1585-2_a,1111,4187,1101,4172,18.027756377319946,16,0.2922463944297994,0.01826539965186246,1
5328,S1585-2_a,1120,4270,1111,4267,9.486832980505138,10,2.633740849772737,0.2633740849772737,1
5334,S1585-2_a,1132,4208,1113,4188,27.586228448267445,31,0.6023103963031271,0.01942936762268152,1
5338,S1585-2_a,1133,4211,1113,4188,30.479501308256342,34,0.6440141502837184,0.018941592655403485,1
5361,S1585-2_a,1181,4366,1173,4372,10.0,10,3.2218853682699953,0.32218853682699955,1
5363,S1585-2_a,1183,4363,1173,4372,13.45362404707371,12,3.3306207591552877,0.2775517299296073,1
5369,S1585-2_a,1234,4284,1248,4321,39.56008088970496,39,0.5622083776264752,0.014415599426319878,1
5370,S1585-2_a,1235,4288,1248,4321,35.4682957019364,36,0.5269603963778908,0.014637788788274745,1
5371,S1585-2_a,1237,4294,1248,4321,29.154759474226502,30,0.4371131036896524,0.01457043678965508,1
5373,S1585-2_a,1244,693,1236,695,8.246211251235321,9,3.917873675719234,0.43531929730213714,1
5383,S1585-2_a,1313,564,1319,560,7.211102550927978,8,3.1844243127606573,0.39805303909508216,1
5384,S1585-2_a,1313,564,1306,562,7.280109889280518,8,2.955393905867134,0.36942423823339177,1
5430,S1585-2_a,1504,4566,1500,4579,13.601470508735444,15,6.1975552625741255,0.413170350838275,1
5433,S1585-2_a,1504,4566,1514,4554,15.620499351813308,16,5.237779876769501,0.3273612422980938,1
5436,S1585-2_a,1505,4563,1500,4579,16.76305461424021,18,7.253381062696914,0.40296561459427305,1
5439,S1585-2_a,1505,4563,1514,4554,12.727922061357855,13,3.9263380324724433,0.30202600249788025,1
5440,S1585-2_a,1505,4563,1514,4556,11.40175425099138,12,3.5070544494813887,0.29225453745678237,1
5447,S1585-2_a,1507,4562,1514,4554,10.63014581273465,10,3.347067097386294,0.3347067097386294,1
5455,S1585-2_a,1509,4564,1514,4554,11.180339887498949,11,3.379152741162286,0.30719570374202604,1
5459,S1585-2_a,1509,4564,1510,4570,6.082762530298219,7,2.2638944892149873,0.3234134984592839,1
5463,S1585-2_a,1508,4590,1502,4583,9.219544457292887,9,2.6404835460239777,0.29338706066933085,1
5464,S1585-2_a,1508,4590,1500,4579,13.601470508735444,12,3.9215574347281428,0.3267964528940119,1
5473,S1585-2_a,1514,4554,1498,4566,20.0,18,5.946664282477524,0.33037023791541803,1
5474,S1585-2_a,1514,4554,1501,4568,19.1049731745428,18,5.532966075313088,0.30738700418406045,1
5475,S1585-2_a,1514,4554,1500,4579,28.653097563788805,30,11.083323434430795,0.3694441144810265,1
5476,S1585-2_a,1514,4554,1504,4566,15.620499351813308,16,5.237779876769501,0.3273612422980938,1
5478,S1585-2_a,1514,4554,1509,4564,11.180339887498949,11,3.379152741162286,0.30719570374202604,1
5479,S1585-2_a,1514,4554,1505,4563,12.727922061357855,13,3.9263380324724433,0.30202600249788025,1
5480,S1585-2_a,1514,4554,1507,4562,10.63014581273465,10,3.3470670973862946,0.3347067097386295,1
5493,S1585-2_a,1825,4896,1827,4890,6.324555320336759,8,2.6136283138099348,0.32670353922624185,1
5495,S1585-2_a,1836,4893,1824,4886,13.892443989449804,14,5.681588032410649,0.4058277166007606,1
5496,S1585-2_a,1836,4893,1827,4890,9.486832980505138,10,5.244981729092046,0.5244981729092046,1
5497,S1585-2_a,1836,4893,1844,4890,8.54400374531753,9,4.006256950358612,0.4451396611509569,1
5498,S1585-2_a,1836,4893,1835,4881,12.041594578792296,13,5.682472069254282,0.4371132360964832,1
5499,S1585-2_a,1836,4893,1849,4885,15.264337522473747,18,4.766663732653713,0.2648146518140952,1
5500,S1585-2_a,1836,4893,1858,4875,28.42534080710379,28,12.393810031920516,0.4426360725685899,1
5501,S1585-2_a,1836,4893,1852,4886,17.46424919657298,21,5.363987912500737,0.25542799583336845,1
5502,S1585-2_a,1836,4893,1846,4887,11.661903789690601,13,4.453193946020916,0.34255338046314737,1
5503,S1585-2_a,1836,4893,1854,4893,18.0,20,7.352621866282052,0.3676310933141026,1
5504,S1585-2_a,1836,4893,1828,4895,8.246211251235321,10,3.301591818012023,0.3301591818012023,1
5505,S1585-2_a,1836,4893,1854,4895,18.110770276274835,20,6.9364481033051,0.346822405165255,1
5506,S1585-2_a,1841,4903,1842,4896,7.0710678118654755,9,2.0180680210535864,0.22422978011706515,1
5507,S1585-2_a,1841,4903,1845,4910,8.06225774829855,9,3.313112035874904,0.36812355954165604,1
5508,S1585-2_a,1846,4887,1835,4881,12.529964086141668,13,4.5139343707043,0.3472257208234077,1
5509,S1585-2_a,1846,4887,1836,4893,11.661903789690601,13,4.453193946020916,0.34255338046314737,1
5510,S1585-2_a,1846,4887,1836,4890,10.44030650891055,12,4.668254822958325,0.38902123524652704,1
5511,S1585-2_a,1846,4887,1858,4875,16.97056274847714,16,8.101872097282627,0.5063670060801642,1
5512,S1585-2_a,1846,4887,1854,4893,10.0,9,3.5752709829260017,0.3972523314362224,1
5513,S1585-2_a,1846,4887,1828,4895,19.697715603592208,21,7.732788749128354,0.3682280356727788,1
5514,S1585-2_a,1846,4887,1835,4896,14.212670403551895,15,5.0247227086901916,0.33498151391267944,1
5515,S1585-2_a,1846,4887,1842,4896,9.848857801796104,11,2.532780509472251,0.23025277358838644,1
5517,S1585-2_a,1846,4887,1854,4895,11.313708498984761,9,3.1590972199490492,0.351010802216561,1
5518,S1585-2_a,1849,4885,1835,4881,14.560219778561036,16,4.774685467190905,0.2984178416994316,1
5519,S1585-2_a,1849,4885,1836,4893,15.264337522473747,18,4.766663732653715,0.26481465181409525,1
5520,S1585-2_a,1849,4885,1836,4890,13.92838827718412,17,4.981724609591124,0.29304262409359555,1
5522,S1585-2_a,1849,4885,1828,4895,23.259406699226016,26,8.046258535761153,0.3094714821446597,1
5523,S1585-2_a,1849,4885,1835,4896,17.804493814764857,20,5.338192495322991,0.26690962476614954,1
5524,S1585-2_a,1849,4885,1842,4896,13.038404810405298,16,2.8462502961050498,0.1778906435065656,1
5526,S1585-2_a,1849,4885,1854,4895,11.180339887498949,19,3.6226971711765543,0.19066827216718707,1
5527,S1585-2_a,1852,4886,1835,4881,17.72004514666935,19,5.372009647037928,0.2827373498441015,1
5528,S1585-2_a,1852,4886,1836,4893,17.46424919657298,21,5.363987912500738,0.25542799583336845,1
5529,S1585-2_a,1852,4886,1836,4890,16.492422502470642,20,5.579048789438147,0.27895243947190734,1
5531,S1585-2_a,1852,4886,1828,4895,25.632011235952593,29,8.643582715608176,0.29805457640028193,1
5532,S1585-2_a,1852,4886,1835,4896,19.72308292331602,23,5.935516675170014,0.25806594239869624,1
5533,S1585-2_a,1852,4886,1842,4896,14.142135623730951,19,3.4435744759520728,0.18124076189221436,1
5534,S1585-2_a,1854,4893,1824,4886,30.805843601498726,33,13.032834077285424,0.3949343659783462,1
5535,S1585-2_a,1854,4893,1844,4890,10.44030650891055,11,3.34713463450833,0.30428496677348454,1
5536,S1585-2_a,1854,4893,1835,4881,22.47220505424423,22,7.686516772858615,0.34938712603902794,1
5537,S1585-2_a,1854,4893,1836,4893,18.0,20,7.3526218662820515,0.3676310933141026,1
5538,S1585-2_a,1854,4893,1836,4890,18.24828759089466,19,7.567682743219459,0.39829909174839256,1
5539,S1585-2_a,1854,4893,1846,4887,10.0,9,3.5752709829260017,0.3972523314362224,1
5540,S1585-2_a,1854,4893,1854,4888,5.0,6,2.546638875248635,0.4244398125414392,1
5541,S1585-2_a,1854,4893,1828,4895,26.076809620810597,28,10.632216669389488,0.3797220239067674,1
5542,S1585-2_a,1854,4893,1835,4896,19.235384061671343,22,7.9241506289513275,0.3601886649523331,1
5543,S1585-2_a,1854,4893,1842,4896,12.36931687685298,18,5.432208429733387,0.3017893572074104,1
5545,S1585-2_a,1854,4895,1824,4886,31.32091952673165,33,12.616660314308474,0.3823230398275295,1
5546,S1585-2_a,1854,4895,1844,4890,11.180339887498949,11,2.9309608715313775,0.2664509883210343,1
5547,S1585-2_a,1854,4895,1835,4881,23.600847442411894,22,7.270343009881663,0.33047013681280285,1
5548,S1585-2_a,1854,4895,1836,4893,18.110770276274835,20,6.9364481033051,0.346822405165255,1
5549,S1585-2_a,1854,4895,1836,4890,18.681541692269406,19,7.151508980242507,0.3763952094864478,1
5550,S1585-2_a,1854,4895,1849,4885,11.180339887498949,19,3.6226971711765534,0.19066827216718701,1
5551,S1585-2_a,1854,4895,1846,4887,11.313708498984761,9,3.1590972199490492,0.351010802216561,1
5552,S1585-2_a,1854,4895,1854,4888,7.0,8,2.8928278039156443,0.36160347548945554,1
5553,S1585-2_a,1854,4895,1828,4895,26.0,28,10.216042906412536,0.36485867522901916,1
5554,S1585-2_a,1854,4895,1835,4896,19.026297590440446,22,7.507976865974376,0.341271675726108,1
5556,S1585-2_a,1854,4895,1842,4896,12.041594578792296,18,5.016034666756435,0.27866859259757976,1
5563,S1585-2_a,1856,4896,1854,4888,8.246211251235321,9,3.0336114748075826,0.337067941645287,1
5580,S1585-2_a,1862,4891,1861,4870,21.02379604162864,22,11.2801967458784,0.5127362157217454,1
5591,S1585-2_a,1875,4888,1887,4890,12.165525060596439,13,3.9661962186956066,0.30509201682273895,1
5592,S1585-2_a,1875,4888,1887,4888,12.0,13,3.957101630425667,0.3043924331096667,1
5593,S1585-2_a,1875,4888,1882,4883,8.602325267042627,10,2.9931352933722555,0.29931352933722555,1
5594,S1585-2_a,1875,4888,1894,4890,19.1049731745428,20,7.737861537892842,0.3868930768946421,1
5596,S1585-2_a,1876,4891,1887,4890,11.045361017187261,12,4.427459290944908,0.36895494091207565,1
5597,S1585-2_a,1876,4891,1887,4888,11.40175425099138,12,4.418364702674969,0.36819705855624746,1
5598,S1585-2_a,1876,4891,1882,4883,10.0,9,3.5423010303015916,0.3935890033668435,1
5599,S1585-2_a,1876,4891,1894,4890,18.027756377319946,19,8.199124610142142,0.4315328742180075,1
5600,S1585-2_a,1879,4893,1887,4890,8.54400374531753,9,4.115978636982798,0.45733095966475534,1
5601,S1585-2_a,1879,4893,1887,4888,9.433981132056603,9,4.106884048712859,0.4563204498569843,1
5602,S1585-2_a,1879,4893,1882,4883,10.44030650891055,11,3.8572015449559753,0.3506546859050887,1
5603,S1585-2_a,1881,4894,1887,4890,7.211102550927978,8,3.7443675948460697,0.4680459493557587,1
5604,S1585-2_a,1881,4894,1887,4888,8.48528137423857,8,3.73527300657613,0.46690912582201627,1
5605,S1585-2_a,1881,4894,1882,4883,11.045361017187261,12,4.20644114135735,0.35053676177977916,1
5606,S1585-2_a,1881,4894,1894,4890,13.601470508735444,14,7.107685990759925,0.5076918564828518,1
5608,S1585-2_a,1883,4895,1887,4890,6.4031242374328485,7,3.6640998115634855,0.523442830223355,1
5609,S1585-2_a,1883,4895,1887,4888,8.06225774829855,8,3.7030111170764526,0.4628763896345566,1
5610,S1585-2_a,1885,4898,1887,4890,8.246211251235321,10,4.1773327334125625,0.41773327334125626,1
5611,S1585-2_a,1885,4898,1887,4888,10.198039027185569,11,4.216244038925529,0.38329491262959353,1
5612,S1585-2_a,1885,4898,1882,4883,15.297058540778355,16,6.096064995932519,0.3810040622457824,1
5615,S1585-2_a,1886,4903,1875,4911,13.601470508735444,16,4.530847768936845,0.28317798555855284,1
5616,S1585-2_a,1886,4903,1877,4911,12.041594578792296,14,3.889286445671633,0.27780617469083096,1
5617,S1585-2_a,1886,4906,1875,4911,12.083045973594572,13,3.615051113157301,0.27808085485825396,1
5618,S1585-2_a,1886,4906,1877,4911,10.295630140987,11,2.9734897898920893,0.27031725362655357,1
5619,S1585-2_a,1885,4909,1875,4911,10.198039027185569,12,3.2191607516819354,0.26826339597349463,1
5620,S1585-2_a,1885,4909,1877,4911,8.246211251235321,10,2.5775994284167236,0.25775994284167236,1
5621,S1585-2_a,1884,4911,1875,4911,9.0,11,2.9834813778791065,0.2712255798071915,1
5622,S1585-2_a,1884,4911,1877,4911,7.0,9,2.3585669445635835,0.26206299384039816,1
5623,S1585-2_a,1883,4914,1875,4911,8.54400374531753,9,2.559204061376298,0.28435600681958867,1
5624,S1585-2_a,1883,4914,1877,4911,6.708203932499369,7,1.9342896280607746,0.2763270897229678,1
5625,S1585-2_a,1881,4915,1875,4911,7.211102550927978,7,2.437595929267561,0.34822798989536585,1
5626,S1585-2_a,1881,4915,1877,4911,5.656854249492381,5,1.812681495952038,0.36253629919040764,1
5629,S1585-2_a,1880,4918,1871,4915,9.486832980505138,10,3.0393691458397885,0.30393691458397887,1
5633,S1585-2_a,1866,4934,1862,4918,16.492422502470642,17,11.345528875009776,0.6673840514711633,1
5634,S1585-2_a,1866,4934,1866,4941,7.0,8,3.142002634083366,0.39275032926042075,1
5655,S1585-2_a,1881,4853,1890,4863,13.45362404707371,16,2.8338607683906325,0.17711629802441453,1
5656,S1585-2_a,1881,4853,1901,4860,21.18962010041709,21,5.131561017507029,0.24436004845271567,1
5657,S1585-2_a,1881,4853,1891,4860,12.206555615733702,13,1.800377622236931,0.13849058632591776,1
5658,S1585-2_a,1881,4853,1889,4857,8.94427190999916,9,1.499585111813102,0.16662056797923355,1
5661,S1585-2_a,1883,4875,1893,4882,12.206555615733702,15,4.853344253893848,0.3235562835929232,1
5662,S1585-2_a,1883,4875,1894,4878,11.40175425099138,12,4.45517161137509,0.3712643009479242,1
5669,S1585-2_a,1883,4871,1890,4863,10.63014581273465,12,3.53500089697889,0.2945834080815742,1
5670,S1585-2_a,1883,4871,1901,4860,21.095023109728988,26,8.12145915096612,0.3123638134986969,1
5671,S1585-2_a,1883,4871,1891,4860,13.601470508735444,14,4.302563805786934,0.3073259861276382,1
5672,S1585-2_a,1883,4871,1889,4857,15.231546211727817,18,4.5240025176811045,0.25133347320450583,1
5675,S1585-2_a,1891,4860,1881,4853,12.206555615733702,13,1.8003776222369312,0.1384905863259178,1
5676,S1585-2_a,1891,4860,1884,4853,9.899494936611665,11,1.6347712104141532,0.14861556458310485,1
5678,S1585-2_a,1891,4860,1883,4868,11.313708498984761,11,4.093608185160353,0.37214619865094123,1
5679,S1585-2_a,1891,4860,1883,4871,13.601470508735444,14,4.302563805786934,0.3073259861276382,1
5680,S1585-2_a,1891,4860,1901,4860,10.0,13,3.9023154663184894,0.30017811279372997,1
5683,S1585-2_a,1893,4882,1887,4888,8.48528137423857,8,2.457333546535794,0.30716669331697427,1
5684,S1585-2_a,1893,4882,1882,4879,11.40175425099138,17,5.283632489969426,0.3108019111746721,1
5685,S1585-2_a,1893,4882,1882,4883,11.045361017187261,13,4.580375234969008,0.35233655653607754,1
5686,S1585-2_a,1893,4882,1883,4875,12.206555615733702,15,4.853344253893848,0.3235562835929232,1
5689,S1585-2_a,1893,4882,1894,4890,8.06225774829855,9,2.0744232675835317,0.23049147417594795,1
5692,S1585-2_a,1894,4878,1883,4875,11.40175425099138,12,4.45517161137509,0.3712643009479242,1
2114,S1585-2_a,1620,4738,1622,4740,2.8284271247461903,3,1.8701738516645405,0.6233912838881802,0
4473,S1585-2_a,1622,4740,1620,4738,2.8284271247461903,3,1.8701738516645405,0.6233912838881802,0
3751,S1585-2_a,1019,1318,1021,1321,3.605551275463989,4,1.5644923165881655,0.39112307914704136,0
3763,S1585-2_a,1021,1321,1019,1318,3.605551275463989,4,1.5644923165881655,0.39112307914704136,0
1505,S1585-2_a,1077,4082,1077,4086,4.0,5,0.04086721440868893,0.008173442881737786,0
2041,S1585-2_a,1531,4569,1531,4573,4.0,5,1.5994225478847932,0.31988450957695863,0
2116,S1585-2_a,1620,4738,1620,4742,4.0,5,2.8545297577060555,0.5709059515412112,0
2377,S1585-2_a,1882,4879,1882,4883,4.0,5,1.5672093354926893,0.31344186709853783,0
3855,S1585-2_a,1077,4086,1077,4082,4.0,5,0.04086721440868893,0.008173442881737786,0
4427,S1585-2_a,1531,4573,1531,4569,4.0,5,1.5994225478847932,0.31988450957695863,0
4467,S1585-2_a,1620,4742,1620,4738,4.0,5,2.8545297577060555,0.5709059515412112,0
4683,S1585-2_a,1882,4883,1882,4879,4.0,5,1.5672093354926893,0.31344186709853783,0
3965,S1585-2_a,1144,921,1148,922,4.123105625617661,5,2.210079662519972,0.4420159325039944,0
3981,S1585-2_a,1148,922,1144,921,4.123105625617661,5,2.210079662519972,0.4420159325039944,0
2049,S1585-2_a,1602,4630,1605,4627,4.242640687119285,4,2.2869771570492254,0.5717442892623064,0
2068,S1585-2_a,1605,4627,1602,4630,4.242640687119285,4,2.2869771570492254,0.5717442892623064,0
2444,S1585-2_a,1892,4868,1895,4865,4.242640687119285,4,1.2565057438774245,0.31412643596935613,0
4724,S1585-2_a,1895,4865,1892,4868,4.242640687119285,4,1.2565057438774245,0.31412643596935613,0
241,S1585-2_a,810,2414,808,2418,4.47213595499958,8,0.08921676980022117,0.011152096225027646,0
243,S1585-2_a,808,2418,810,2414,4.47213595499958,8,0.08921676980022118,0.011152096225027648,0
755,S1585-2_a,894,3948,892,3952,4.47213595499958,5,1.5258897289064617,0.3051779457812923,0
2249,S1585-2_a,1842,4917,1838,4919,4.47213595499958,5,2.775088560896549,0.5550177121793098,0
3306,S1585-2_a,892,3952,894,3948,4.47213595499958,5,1.5258897289064615,0.3051779457812923,0
4586,S1585-2_a,1838,4919,1842,4917,4.47213595499958,5,2.775088560896549,0.5550177121793098,0
169,S1585-2_a,791,2721,795,2718,5.0,6,1.3278771417743127,0.22131285696238545,0
714,S1585-2_a,873,3604,873,3609,5.0,6,0.1691242778590378,0.028187379643172968,0
718,S1585-2_a,873,3609,873,3604,5.0,6,0.1691242778590378,0.028187379643172968,0
1172,S1585-2_a,976,1633,972,1636,5.0,5,1.8976467831509727,0.37952935663019455,0
1439,S1585-2_a,1047,4131,1043,4128,5.0,5,2.0076331421669127,0.40152662843338255,0
2101,S1585-2_a,1618,4635,1615,4631,5.0,5,1.995336616515512,0.3990673233031024,0
2677,S1585-2_a,795,2718,791,2721,5.0,6,1.327877141774313,0.22131285696238548,0
2774,S1585-2_a,817,2966,820,2962,5.0,5,2.450919018810947,0.4901838037621894,0
3112,S1585-2_a,852,3357,852,3362,5.0,6,0.12363671520245384,0.020606119200408973,0
3113,S1585-2_a,852,3362,852,3357,5.0,6,0.12363671520245384,0.020606119200408973,0
3220,S1585-2_a,865,2951,870,2951,5.0,6,2.500972523658376,0.4168287539430627,0
3250,S1585-2_a,870,2951,865,2951,5.0,6,2.500972523658376,0.4168287539430627,0
3540,S1585-2_a,972,1636,976,1633,5.0,5,1.8976467831509727,0.37952935663019455,0
3807,S1585-2_a,1043,4128,1047,4131,5.0,5,2.007633142166913,0.4015266284333826,0
4283,S1585-2_a,1326,548,1329,552,5.0,5,1.6240937139677647,0.32481874279355294,0
4286,S1585-2_a,1329,552,1326,548,5.0,5,1.6240937139677647,0.32481874279355294,0
4435,S1585-2_a,1615,4631,1618,4635,5.0,5,1.995336616515512,0.3990673233031024,0
4895,S1585-2_a,820,2962,817,2966,5.0,5,2.4509190188109464,0.4901838037621893,0
223,S1585-2_a,804,3703,809,3702,5.0990195135927845,6,1.676545626195173,0.2794242710325288,0
240,S1585-2_a,807,2413,808,2418,5.0990195135927845,6,0.11610282040550857,0.019350470067584762,0
244,S1585-2_a,808,2418,807,2413,5.0990195135927845,6,0.11610282040550857,0.019350470067584762,0
741,S1585-2_a,893,2041,898,2040,5.0990195135927845,6,1.7059171094383874,0.28431951823973123,0
742,S1585-2_a,893,2041,898,2042,5.0990195135927845,7,1.973214472600581,0.281887781800083,0
761,S1585-2_a,897,3948,896,3943,5.0990195135927845,6,1.6749982285134661,0.27916637141891104,0
794,S1585-2_a,896,3943,897,3948,5.0990195135927845,6,1.6749982285134661,0.27916637141891104,0
796,S1585-2_a,898,2040,893,2041,5.0990195135927845,6,1.7059171094383874,0.28431951823973123,0
799,S1585-2_a,898,2042,893,2041,5.0990195135927845,7,1.973214472600581,0.281887781800083,0
1814,S1585-2_a,1236,695,1241,694,5.0990195135927845,6,2.9068389211714853,0.4844731535285809,0
1825,S1585-2_a,1241,694,1236,695,5.0990195135927845,6,2.906838921171485,0.48447315352858084,0
2256,S1585-2_a,1844,4915,1845,4910,5.0990195135927845,6,1.5943380767496411,0.26572301279160687,0
4614,S1585-2_a,1845,4910,1844,4915,5.0990195135927845,6,1.5943380767496411,0.26572301279160687,0
4867,S1585-2_a,809,3702,804,3703,5.0990195135927845,6,1.6765456261951732,0.27942427103252887,0
127,S1585-2_a,792,3482,797,3480,5.385164807134504,6,2.3433597850452137,0.3905599641742023,0
754,S1585-2_a,894,3948,896,3943,5.385164807134504,6,1.6738941633262128,0.2789823605543688,0
778,S1585-2_a,896,3938,901,3940,5.385164807134504,6,2.445772603151416,0.4076287671919027,0
792,S1585-2_a,896,3943,894,3948,5.385164807134504,6,1.673894163326213,0.2789823605543688,0
1905,S1585-2_a,1492,4570,1497,4572,5.385164807134504,6,3.3722817589922345,0.5620469598320391,0
1916,S1585-2_a,1497,4572,1492,4570,5.385164807134504,6,3.3722817589922354,0.5620469598320392,0
2218,S1585-2_a,1833,4921,1838,4919,5.385164807134504,7,1.9242252098418302,0.27488931569169,0
2428,S1585-2_a,1890,4863,1895,4865,5.385164807134504,6,1.93252929074393,0.32208821512398833,0
2429,S1585-2_a,1890,4863,1892,4868,5.385164807134504,6,2.631580747041008,0.43859679117350137,0
2440,S1585-2_a,1892,4868,1890,4863,5.385164807134504,6,2.631580747041008,0.43859679117350137,0
2686,S1585-2_a,797,3480,792,3482,5.385164807134504,6,2.3433597850452137,0.3905599641742023,0
3365,S1585-2_a,901,3940,896,3938,5.385164807134504,6,2.445772603151416,0.4076287671919027,0
3943,S1585-2_a,1130,4269,1135,4271,5.385164807134504,6,1.630029351594619,0.27167155859910314,0
3951,S1585-2_a,1135,4271,1130,4269,5.385164807134504,6,1.6300293515946191,0.2716715585991032,0
4584,S1585-2_a,1838,4919,1833,4921,5.385164807134504,7,1.9242252098418302,0.27488931569169,0
4720,S1585-2_a,1895,4865,1890,4863,5.385164807134504,6,1.93252929074393,0.32208821512398833,0
396,S1585-2_a,830,3193,834,3189,5.656854249492381,6,0.09090608355899851,0.015151013926499752,0
397,S1585-2_a,824,3470,820,3466,5.656854249492381,6,0.09051556329559302,0.015085927215932169,0
1629,S1585-2_a,1149,990,1153,986,5.656854249492381,5,2.7169265811153887,0.5433853162230777,0
1635,S1585-2_a,1153,986,1149,990,5.656854249492381,5,2.7169265811153887,0.5433853162230777,0
2811,S1585-2_a,820,3466,824,3470,5.656854249492381,6,0.09051556329559302,0.015085927215932169,0
2920,S1585-2_a,834,3189,830,3193,5.656854249492381,6,0.09090608355899853,0.015151013926499755,0
4272,S1585-2_a,1322,544,1326,548,5.656854249492381,5,1.28564960607944,0.257129921215888,0
4284,S1585-2_a,1326,548,1322,544,5.656854249492381,5,1.28564960607944,0.257129921215888,0
39,S1585-2_a,756,3145,759,3150,5.830951894845301,7,3.392889412545312,0.48469848750647315,0
224,S1585-2_a,804,3703,809,3706,5.830951894845301,6,2.0568250881156143,0.3428041813526024,0
268,S1585-2_a,809,3706,804,3703,5.830951894845301,6,2.0568250881156143,0.3428041813526024,0
657,S1585-2_a,857,3002,854,2997,5.830951894845301,7,3.2524026149570835,0.4646289449938691,0
790,S1585-2_a,896,3943,901,3940,5.830951894845301,6,2.2075550694919883,0.36792584491533137,0
805,S1585-2_a,911,2067,908,2062,5.830951894845301,7,1.1803940299022555,0.16862771855746508,0
1463,S1585-2_a,1062,1160,1067,1163,5.830951894845301,6,2.6375259327088956,0.4395876554514826,0
1485,S1585-2_a,1067,1163,1062,1160,5.830951894845301,6,2.637525932708896,0.43958765545148265,0
1904,S1585-2_a,1492,4570,1487,4573,5.830951894845301,6,2.3863747900033703,0.3977291316672284,0
2228,S1585-2_a,1835,4896,1838,4901,5.830951894845301,6,1.650844243620168,0.275140707270028,0
2243,S1585-2_a,1838,4901,1835,4896,5.830951894845301,6,1.6508442436201682,0.27514070727002804,0
2347,S1585-2_a,1878,4864,1883,4861,5.830951894845301,6,2.2983675739106375,0.38306126231843957,0
2412,S1585-2_a,1887,4890,1890,4895,5.830951894845301,6,2.5975073546637892,0.4329178924439649,0
2520,S1585-2_a,759,3150,756,3145,5.830951894845301,7,3.392889412545312,0.48469848750647315,0
2746,S1585-2_a,810,3048,813,3043,5.830951894845301,6,3.29823455624228,0.5497057593737134,0
2756,S1585-2_a,813,3043,810,3048,5.830951894845301,6,3.2982345562422797,0.5497057593737132,0
2985,S1585-2_a,840,3743,843,3738,5.830951894845301,6,2.04326325782804,0.3405438763046733,0
3033,S1585-2_a,843,3738,840,3743,5.830951894845301,6,2.04326325782804,0.3405438763046733,0
3130,S1585-2_a,854,2997,857,3002,5.830951894845301,7,3.252402614957083,0.46462894499386903,0
3369,S1585-2_a,901,3940,896,3943,5.830951894845301,6,2.2075550694919883,0.36792584491533137,0
4340,S1585-2_a,1487,4573,1492,4570,5.830951894845301,6,2.3863747900033703,0.3977291316672284,0
4634,S1585-2_a,1851,4900,1854,4895,5.830951894845301,6,2.870515789097864,0.47841929818297735,0
4694,S1585-2_a,1883,4861,1878,4864,5.830951894845301,6,2.2983675739106375,0.38306126231843957,0
4700,S1585-2_a,1890,4895,1887,4890,5.830951894845301,6,2.5975073546637897,0.43291789244396495,0
4703,S1585-2_a,1890,4895,1885,4898,5.830951894845301,7,2.622873155503797,0.374696165071971,0
5053,S1585-2_a,908,2062,911,2067,5.830951894845301,7,1.1803940299022555,0.16862771855746508,0
5560,S1585-2_a,1854,4895,1851,4900,5.830951894845301,6,2.8705157890978645,0.4784192981829774,0
5613,S1585-2_a,1885,4898,1890,4895,5.830951894845301,7,2.622873155503797,0.374696165071971,0
281,S1585-2_a,812,2221,806,2221,6.0,9,1.0010614029973688,0.11122904477748542,0
1851,S1585-2_a,1316,544,1322,544,6.0,7,2.0974514240285873,0.2996359177183696,0
4274,S1585-2_a,1322,544,1316,544,6.0,7,2.0974514240285873,0.2996359177183696,0
4502,S1585-2_a,1645,4726,1651,4726,6.0,7,2.8252193160497265,0.4036027594356752,0
4532,S1585-2_a,1651,4726,1645,4726,6.0,7,2.825219316049726,0.40360275943567514,0
4863,S1585-2_a,806,2221,812,2221,6.0,9,1.0010614029973688,0.11122904477748542,0
395,S1585-2_a,830,3193,829,3187,6.082762530298219,8,0.11547628745262924,0.014434535931578655,0
450,S1585-2_a,831,2154,825,2155,6.082762530298219,7,1.77513327325168,0.25359046760738285,0
1374,S1585-2_a,1022,1344,1023,1350,6.082762530298219,7,2.0792634680088704,0.2970376382869815,0
2830,S1585-2_a,825,2155,831,2154,6.082762530298219,7,1.77513327325168,0.25359046760738285,0
2896,S1585-2_a,829,3187,830,3193,6.082762530298219,8,0.11547628745262925,0.014434535931578656,0
3786,S1585-2_a,1023,1350,1022,1344,6.082762530298219,7,2.07926346800887,0.29703763828698143,0
456,S1585-2_a,846,2156,852,2158,6.324555320336759,7,0.6777350804765098,0.09681929721092997,0
619,S1585-2_a,852,2158,846,2156,6.324555320336759,7,0.6777350804765099,0.09681929721092998,0
688,S1585-2_a,866,2908,864,2914,6.324555320336759,7,2.133797096734385,0.3048281566763407,0
887,S1585-2_a,937,1868,939,1874,6.324555320336759,7,1.875425604595168,0.26791794351359544,0
925,S1585-2_a,939,1874,937,1868,6.324555320336759,7,1.875425604595168,0.26791794351359544,0
1079,S1585-2_a,966,1555,968,1561,6.324555320336759,7,1.1404977057466668,0.16292824367809525,0
1099,S1585-2_a,968,1561,966,1555,6.324555320336759,7,1.1404977057466668,0.16292824367809525,0
1373,S1585-2_a,1022,1344,1016,1342,6.324555320336759,7,2.280754025191845,0.325822003598835,0
1807,S1585-2_a,1226,692,1232,694,6.324555320336759,7,2.809408503648195,0.40134407194974214,0
1810,S1585-2_a,1232,694,1226,692,6.324555320336759,7,2.809408503648196,0.40134407194974225,0
3153,S1585-2_a,858,3636,856,3642,6.324555320336759,7,0.09515653818798116,0.013593791169711595,0
3158,S1585-2_a,856,3642,858,3636,6.324555320336759,7,0.09515653818798114,0.013593791169711591,0
3208,S1585-2_a,864,2914,866,2908,6.324555320336759,7,2.133797096734385,0.3048281566763407,0
3738,S1585-2_a,1016,1342,1022,1344,6.324555320336759,7,2.280754025191845,0.325822003598835,0
762,S1585-2_a,897,3948,892,3952,6.4031242374328485,7,2.025909250088267,0.2894156071554667,0
1433,S1585-2_a,1047,1342,1052,1338,6.4031242374328485,8,1.4272714751430051,0.17840893439287564,0
2045,S1585-2_a,1600,4631,1605,4627,6.4031242374328485,6,2.9589142094837433,0.49315236824729053,0
2051,S1585-2_a,1602,4630,1607,4626,6.4031242374328485,7,3.182912266803402,0.454701752400486,0
2066,S1585-2_a,1605,4627,1600,4631,6.4031242374328485,6,2.958914209483743,0.4931523682472905,0
2072,S1585-2_a,1607,4626,1602,4630,6.4031242374328485,7,3.1829122668034016,0.45470175240048594,0
2244,S1585-2_a,1838,4901,1842,4896,6.4031242374328485,7,1.6937718548081515,0.24196740782973594,0
2352,S1585-2_a,1878,4864,1883,4868,6.4031242374328485,8,1.326772589508517,0.16584657368856462,0
2385,S1585-2_a,1883,4868,1878,4864,6.4031242374328485,8,1.3267725895085167,0.1658465736885646,0
3308,S1585-2_a,892,3952,897,3948,6.4031242374328485,7,2.025909250088267,0.2894156071554667,0
3501,S1585-2_a,961,1539,966,1543,6.4031242374328485,6,2.4004581451246048,0.4000763575207675,0
3520,S1585-2_a,966,1543,961,1539,6.4031242374328485,6,2.4004581451246048,0.4000763575207675,0
3826,S1585-2_a,1052,1338,1047,1342,6.4031242374328485,8,1.4272714751430051,0.17840893439287564,0
4413,S1585-2_a,1527,4578,1531,4573,6.4031242374328485,6,3.0862347097091543,0.5143724516181923,0
4426,S1585-2_a,1531,4573,1527,4578,6.4031242374328485,6,3.0862347097091543,0.5143724516181923,0
4602,S1585-2_a,1842,4896,1838,4901,6.4031242374328485,7,1.6937718548081515,0.24196740782973594,0
4633,S1585-2_a,1851,4900,1856,4896,6.4031242374328485,7,2.8377787228554947,0.40539696040792783,0
4702,S1585-2_a,1890,4895,1886,4900,6.4031242374328485,6,2.40002299448866,0.4000038324147767,0
4705,S1585-2_a,1890,4895,1894,4890,6.4031242374328485,6,2.73525199317852,0.45587533219642,0
4715,S1585-2_a,1894,4890,1890,4895,6.4031242374328485,6,2.73525199317852,0.45587533219642,0
4722,S1585-2_a,1895,4865,1891,4860,6.4031242374328485,6,2.129428096979149,0.35490468282985815,0
5568,S1585-2_a,1856,4896,1851,4900,6.4031242374328485,7,2.8377787228554947,0.40539696040792783,0
5614,S1585-2_a,1886,4900,1890,4895,6.4031242374328485,6,2.40002299448866,0.4000038324147767,0
5681,S1585-2_a,1891,4860,1895,4865,6.4031242374328485,6,2.129428096979149,0.35490468282985815,0
1521,S1585-2_a,1100,4288,1103,4282,6.708203932499369,7,2.121622719475635,0.3030889599250907,0
1740,S1585-2_a,1181,948,1187,951,6.708203932499369,9,2.3983550138088656,0.2664838904232073,0
1749,S1585-2_a,1187,951,1181,948,6.708203932499369,9,2.398355013808866,0.26648389042320736,0
2435,S1585-2_a,1891,4872,1894,4878,6.708203932499369,8,1.927271721152976,0.240908965144122,0
3541,S1585-2_a,972,1636,975,1630,6.708203932499369,7,2.279673027442364,0.32566757534890917,0
3913,S1585-2_a,1103,4282,1100,4288,6.708203932499369,7,2.121622719475635,0.3030889599250907,0
5158,S1585-2_a,975,1630,972,1636,6.708203932499369,7,2.279673027442364,0.32566757534890917,0
5694,S1585-2_a,1894,4878,1891,4872,6.708203932499369,8,1.9272717211529757,0.24090896514412197,0
265,S1585-2_a,809,3476,802,3476,7.0,8,1.9505605257116134,0.24382006571395168,0
677,S1585-2_a,864,2138,871,2138,7.0,8,0.17209294086877483,0.021511617608596854,0
2380,S1585-2_a,1883,4868,1883,4861,7.0,9,2.6960548626884444,0.29956165140982716,0
2702,S1585-2_a,802,3476,809,3476,7.0,8,1.9505605257116134,0.24382006571395168,0
2932,S1585-2_a,839,2719,839,2712,7.0,8,4.6421571661011205,0.5802696457626401,0
2961,S1585-2_a,839,2712,839,2719,7.0,8,4.6421571661011205,0.5802696457626401,0
3260,S1585-2_a,871,2138,864,2138,7.0,8,0.17209294086877483,0.021511617608596854,0
3736,S1585-2_a,1016,1342,1023,1342,7.0,8,2.4412414713948056,0.3051551839243507,0
4696,S1585-2_a,1883,4861,1883,4868,7.0,9,2.696054862688444,0.2995616514098271,0
5273,S1585-2_a,1023,1342,1016,1342,7.0,8,2.4412414713948056,0.3051551839243507,0
452,S1585-2_a,846,2156,853,2155,7.0710678118654755,8,0.6601654760406922,0.08252068450508653,0
625,S1585-2_a,853,2155,846,2156,7.0710678118654755,8,0.6601654760406923,0.08252068450508654,0
676,S1585-2_a,860,2139,861,2146,7.0710678118654755,8,0.13343039052080874,0.016678798815101092,0
806,S1585-2_a,911,2067,910,2060,7.0710678118654755,8,1.256706574643872,0.157088321830484,0
1589,S1585-2_a,1123,4270,1130,4269,7.0710678118654755,8,2.04861024039105,0.2560762800488813,0
1970,S1585-2_a,1508,4549,1515,4548,7.0710678118654755,8,3.005365985494951,0.37567074818686885,0
2183,S1585-2_a,1828,4895,1835,4896,7.0710678118654755,9,2.903209119699525,0.32257879107772497,0
2227,S1585-2_a,1835,4896,1828,4895,7.0710678118654755,9,2.903209119699525,0.32257879107772497,0
2492,S1585-2_a,724,2358,729,2353,7.0710678118654755,7,1.2593320003658803,0.17990457148084005,0
2497,S1585-2_a,729,2353,724,2358,7.0710678118654755,7,1.2593320003658806,0.17990457148084008,0
3181,S1585-2_a,861,2146,860,2139,7.0710678118654755,8,0.13343039052080877,0.016678798815101096,0
3575,S1585-2_a,973,1622,980,1621,7.0710678118654755,8,2.3771833583415103,0.2971479197926888,0
3642,S1585-2_a,980,1621,973,1622,7.0710678118654755,8,2.3771833583415107,0.29714791979268884,0
3937,S1585-2_a,1130,4269,1123,4270,7.0710678118654755,8,2.04861024039105,0.2560762800488813,0
5054,S1585-2_a,910,2060,911,2067,7.0710678118654755,8,1.256706574643872,0.157088321830484,0
5466,S1585-2_a,1515,4548,1508,4549,7.0710678118654755,8,3.005365985494951,0.37567074818686885,0
179,S1585-2_a,806,2217,812,2221,7.211102550927978,8,0.9354651528769397,0.11693314410961746,0
221,S1585-2_a,804,3703,810,3699,7.211102550927978,8,2.121984461658409,0.26524805770730114,0
274,S1585-2_a,810,3699,804,3703,7.211102550927978,8,2.1219844616584096,0.2652480577073012,0
282,S1585-2_a,812,2221,806,2217,7.211102550927978,8,0.9354651528769395,0.11693314410961744,0
1441,S1585-2_a,1047,4134,1043,4128,7.211102550927978,8,2.4875355524000953,0.3109419440500119,0
1801,S1585-2_a,1208,949,1202,953,7.211102550927978,7,2.9846841052975526,0.4263834436139361,0
2255,S1585-2_a,1844,4915,1838,4919,7.211102550927978,7,3.307607839820939,0.4725154056887056,0
2413,S1585-2_a,1889,4857,1883,4861,7.211102550927978,8,3.586199535038321,0.4482749418797901,0
3004,S1585-2_a,842,3041,848,3037,7.211102550927978,7,4.274243631319616,0.6106062330456595,0
3081,S1585-2_a,848,3037,842,3041,7.211102550927978,7,4.2742436313196155,0.6106062330456593,0
3808,S1585-2_a,1043,4128,1047,4134,7.211102550927978,8,2.487535552400095,0.31094194405001185,0
4173,S1585-2_a,1202,953,1208,949,7.211102550927978,7,2.984684105297553,0.42638344361393615,0
4395,S1585-2_a,1510,4570,1504,4566,7.211102550927978,8,3.1366102112596916,0.39207627640746145,0
4587,S1585-2_a,1838,4919,1844,4915,7.211102550927978,7,3.30760783982094,0.4725154056887057,0
4699,S1585-2_a,1883,4861,1889,4857,7.211102550927978,8,3.586199535038321,0.4482749418797901,0
5435,S1585-2_a,1504,4566,1510,4570,7.211102550927978,8,3.1366102112596908,0.39207627640746134,0
1367,S1585-2_a,1029,1275,1027,1268,7.280109889280518,8,2.341254687418623,0.2926568359273279,0
1971,S1585-2_a,1508,4549,1515,4551,7.280109889280518,8,3.27067182991674,0.4088339787395925,0
2421,S1585-2_a,1890,4863,1883,4861,7.280109889280518,8,4.049616240694954,0.5062020300868693,0
2897,S1585-2_a,829,3187,827,3194,7.280109889280518,11,0.15982394919410106,0.01452944992673646,0
3319,S1585-2_a,894,3842,901,3844,7.280109889280518,8,3.4432630360825627,0.43040787951032033,0
3351,S1585-2_a,901,3844,894,3842,7.280109889280518,8,3.4432630360825636,0.43040787951032045,0
3697,S1585-2_a,997,1630,1004,1628,7.280109889280518,8,2.9936853602529556,0.37421067003161945,0
3789,S1585-2_a,1027,1268,1029,1275,7.280109889280518,8,2.341254687418623,0.2926568359273279,0
4698,S1585-2_a,1883,4861,1890,4863,7.280109889280518,8,4.049616240694954,0.5062020300868693,0
4933,S1585-2_a,827,3194,829,3187,7.280109889280518,11,0.15982394919410106,0.01452944992673646,0
5255,S1585-2_a,1004,1628,997,1630,7.280109889280518,8,2.993685360252956,0.3742106700316195,0
5468,S1585-2_a,1515,4551,1508,4549,7.280109889280518,8,3.2706718299167394,0.40883397873959243,0
170,S1585-2_a,791,2721,798,2724,7.615773105863909,11,3.873052302659296,0.3520956638781178,0
883,S1585-2_a,934,3860,937,3867,7.615773105863909,8,0.07196555538559565,0.008995694423199457,0
1023,S1585-2_a,958,1661,951,1658,7.615773105863909,9,2.3048319716748935,0.25609244129721037,0
1352,S1585-2_a,1017,1250,1010,1247,7.615773105863909,8,2.515161216571673,0.3143951520714591,0
1501,S1585-2_a,1073,1177,1080,1180,7.615773105863909,8,4.191425456079525,0.5239281820099406,0
1507,S1585-2_a,1080,1180,1073,1177,7.615773105863909,8,4.191425456079525,0.5239281820099406,0
2250,S1585-2_a,1842,4917,1845,4910,7.615773105863909,8,2.03888817891819,0.25486102236477376,0
2693,S1585-2_a,798,2724,791,2721,7.615773105863909,11,3.8730523026592962,0.35209566387811786,0
2831,S1585-2_a,825,2155,828,2162,7.615773105863909,8,4.144155172026543,0.5180193965033179,0
2851,S1585-2_a,828,2162,825,2155,7.615773105863909,8,4.144155172026543,0.5180193965033179,0
3428,S1585-2_a,937,3867,934,3860,7.615773105863909,8,0.07196555538559565,0.008995694423199457,0
3475,S1585-2_a,951,1658,958,1661,7.615773105863909,9,2.304831971674894,0.2560924412972104,0
3711,S1585-2_a,1010,1247,1017,1250,7.615773105863909,8,2.5151612165716735,0.3143951520714592,0
4613,S1585-2_a,1845,4910,1842,4917,7.615773105863909,8,2.0388881789181896,0.2548610223647737,0
4626,S1585-2_a,1851,4900,1854,4893,7.615773105863909,8,3.6703603083306695,0.4587950385413337,0
5544,S1585-2_a,1854,4893,1851,4900,7.615773105863909,8,3.6703603083306695,0.4587950385413337,0
649,S1585-2_a,855,3711,850,3717,7.810249675906654,7,3.4592796527170706,0.49418280753101007,0
1062,S1585-2_a,962,1870,956,1875,7.810249675906654,8,3.8285719434656387,0.47857149293320483,0
1102,S1585-2_a,968,1561,973,1567,7.810249675906654,7,3.717023083436251,0.5310032976337501,0
1972,S1585-2_a,1508,4549,1514,4554,7.810249675906654,7,3.174491710562096,0.4534988157945851,0
2466,S1585-2_a,1901,4860,1895,4865,7.810249675906654,8,4.581148831733787,0.5726436039667234,0
2521,S1585-2_a,759,3150,765,3155,7.810249675906654,8,4.71113258044026,0.5888915725550325,0
3107,S1585-2_a,850,3717,855,3711,7.810249675906654,7,3.459279652717071,0.4941828075310101,0
3206,S1585-2_a,864,2914,869,2920,7.810249675906654,7,4.119639026924584,0.5885198609892263,0
3232,S1585-2_a,869,2920,864,2914,7.810249675906654,7,4.119639026924584,0.5885198609892263,0
3490,S1585-2_a,956,1875,962,1870,7.810249675906654,8,3.8285719434656387,0.47857149293320483,0
3573,S1585-2_a,973,1622,978,1628,7.810249675906654,10,1.910336053260401,0.1910336053260401,0
3589,S1585-2_a,973,1567,968,1561,7.810249675906654,7,3.717023083436251,0.5310032976337501,0
3698,S1585-2_a,997,1630,1003,1625,7.810249675906654,7,2.748768516881744,0.39268121669739203,0
3721,S1585-2_a,1013,1323,1019,1318,7.810249675906654,8,3.449205393231623,0.43115067415395286,0
3752,S1585-2_a,1019,1318,1013,1323,7.810249675906654,8,3.449205393231623,0.43115067415395286,0
4721,S1585-2_a,1895,4865,1901,4860,7.810249675906654,8,4.5811488317337865,0.5726436039667233,0
4798,S1585-2_a,765,3155,759,3150,7.810249675906654,8,4.71113258044026,0.5888915725550325,0
5165,S1585-2_a,978,1628,973,1622,7.810249675906654,10,1.910336053260401,0.1910336053260401,0
5254,S1585-2_a,1003,1625,997,1630,7.810249675906654,7,2.748768516881744,0.39268121669739203,0
5477,S1585-2_a,1514,4554,1508,4549,7.810249675906654,7,3.1744917105620964,0.45349881579458523,0
134,S1585-2_a,779,3510,787,3510,8.0,9,4.152660344558601,0.4614067049509557,0
1328,S1585-2_a,1005,1630,997,1630,8.0,9,3.5187512428865806,0.3909723603207312,0
2662,S1585-2_a,787,3510,779,3510,8.0,9,4.152660344558601,0.4614067049509557,0
3699,S1585-2_a,997,1630,1005,1630,8.0,9,3.5187512428865806,0.3909723603207312,0
150,S1585-2_a,792,3700,800,3701,8.06225774829855,9,3.6936640111285266,0.41040711234761407,0
183,S1585-2_a,808,2214,812,2221,8.06225774829855,8,0.9997925520282188,0.12497406900352735,0
218,S1585-2_a,800,3701,792,3700,8.06225774829855,9,3.6936640111285275,0.4104071123476142,0
255,S1585-2_a,809,2750,817,2749,8.06225774829855,10,2.7159180030101955,0.27159180030101954,0
276,S1585-2_a,812,2221,808,2214,8.06225774829855,8,0.9997925520282188,0.12497406900352735,0
984,S1585-2_a,962,1593,970,1594,8.06225774829855,9,4.8797132939732535,0.5421903659970282,0
1595,S1585-2_a,1131,4204,1124,4200,8.06225774829855,12,0.2996327712140309,0.024969397601169244,0
1804,S1585-2_a,1224,693,1232,694,8.06225774829855,9,3.60749289362168,0.40083254373574223,0
1812,S1585-2_a,1232,694,1224,693,8.06225774829855,9,3.6074928936216804,0.4008325437357423,0
2044,S1585-2_a,1600,4631,1601,4639,8.06225774829855,9,4.1551725862537365,0.4616858429170818,0
2052,S1585-2_a,1601,4639,1600,4631,8.06225774829855,9,4.155172586253737,0.4616858429170819,0
2125,S1585-2_a,1631,4745,1639,4744,8.06225774829855,9,4.937673876274433,0.5486304306971592,0
2132,S1585-2_a,1639,4744,1631,4745,8.06225774829855,9,4.937673876274432,0.5486304306971591,0
2192,S1585-2_a,1820,4879,1824,4886,8.06225774829855,9,2.0709424399543774,0.2301047155504864,0
2198,S1585-2_a,1824,4886,1820,4879,8.06225774829855,9,2.0709424399543774,0.2301047155504864,0
2334,S1585-2_a,1884,4853,1883,4861,8.06225774829855,9,3.2393080739675844,0.3599231193297316,0
2431,S1585-2_a,1891,4872,1883,4871,8.06225774829855,9,4.203210700409145,0.4670234111565717,0
2442,S1585-2_a,1892,4868,1891,4860,8.06225774829855,9,3.252001883567447,0.36133354261860523,0
2771,S1585-2_a,817,2749,809,2750,8.06225774829855,10,2.715918003010196,0.2715918003010196,0
3012,S1585-2_a,843,2053,851,2052,8.06225774829855,9,3.877817559123489,0.4308686176803877,0
3086,S1585-2_a,851,2052,843,2053,8.06225774829855,9,3.877817559123489,0.4308686176803877,0
3532,S1585-2_a,970,1594,962,1593,8.06225774829855,9,4.8797132939732535,0.5421903659970282,0
3705,S1585-2_a,997,1630,993,1637,8.06225774829855,8,3.1755261734626736,0.3969407716828342,0
3931,S1585-2_a,1124,4200,1131,4204,8.06225774829855,12,0.2996327712140309,0.024969397601169244,0
4693,S1585-2_a,1883,4861,1884,4853,8.06225774829855,9,3.2393080739675844,0.3599231193297316,0
5208,S1585-2_a,993,1637,997,1630,8.06225774829855,8,3.1755261734626736,0.3969407716828342,0
5674,S1585-2_a,1883,4871,1891,4872,8.06225774829855,9,4.203210700409145,0.4670234111565717,0
5682,S1585-2_a,1891,4860,1892,4868,8.06225774829855,9,3.2520018835674467,0.3613335426186052,0
253,S1585-2_a,808,2747,810,2739,8.246211251235321,9,3.392189442185611,0.37690993802062345,0
618,S1585-2_a,852,2158,844,2156,8.246211251235321,9,0.7802406841739924,0.08669340935266583,0
652,S1585-2_a,856,3005,854,2997,8.246211251235321,9,3.8047747287749605,0.42275274764166226,0
1258,S1585-2_a,989,1628,997,1630,8.246211251235321,9,4.125635069442792,0.45840389660475467,0
1733,S1585-2_a,1181,948,1189,950,8.246211251235321,10,2.369848294337781,0.2369848294337781,0
1764,S1585-2_a,1189,950,1181,948,8.246211251235321,10,2.3698482943377814,0.23698482943377813,0
1843,S1585-2_a,1314,542,1322,544,8.246211251235321,9,2.5936639007084903,0.28818487785649893,0
2551,S1585-2_a,765,3467,767,3459,8.246211251235321,9,5.75091747876553,0.6389908309739477,0
2738,S1585-2_a,810,2739,808,2747,8.246211251235321,9,3.3921894421856105,0.3769099380206234,0
3128,S1585-2_a,854,2997,856,3005,8.246211251235321,9,3.8047747287749605,0.42275274764166226,0
3571,S1585-2_a,973,1622,975,1630,8.246211251235321,9,1.7135771860864142,0.19039746512071268,0
3696,S1585-2_a,997,1630,989,1628,8.246211251235321,9,4.125635069442791,0.45840389660475456,0
3719,S1585-2_a,1013,1323,1021,1321,8.246211251235321,9,3.6171278323188476,0.40190309247987194,0
3764,S1585-2_a,1021,1321,1013,1323,8.246211251235321,9,3.617127832318847,0.4019030924798719,0
4273,S1585-2_a,1322,544,1314,542,8.246211251235321,9,2.5936639007084903,0.28818487785649893,0
4692,S1585-2_a,1883,4861,1881,4853,8.246211251235321,11,3.4049144857903624,0.3095376805263966,0
4807,S1585-2_a,767,3459,765,3467,8.246211251235321,9,5.75091747876553,0.6389908309739477,0
4964,S1585-2_a,844,2156,852,2158,8.246211251235321,9,0.7802406841739925,0.08669340935266584,0
5153,S1585-2_a,975,1630,973,1622,8.246211251235321,9,1.7135771860864142,0.19039746512071268,0
5650,S1585-2_a,1881,4853,1883,4861,8.246211251235321,11,3.4049144857903624,0.3095376805263966,0
3912,S1585-2_a,1103,4282,1097,4288,8.48528137423857,8,3.5427766720248837,0.44284708400311046,0
5309,S1585-2_a,1097,4288,1103,4282,8.48528137423857,8,3.542776672024884,0.4428470840031105,0
18,S1585-2_a,740,2490,743,2498,8.54400374531753,9,2.381904973477496,0.26465610816416624,0
451,S1585-2_a,831,2154,828,2162,8.54400374531753,10,3.189778444674559,0.3189778444674559,0
2519,S1585-2_a,759,3150,767,3153,8.54400374531753,9,5.235369781700446,0.5817077535222718,0
2850,S1585-2_a,828,2162,831,2154,8.54400374531753,10,3.189778444674559,0.3189778444674559,0
2915,S1585-2_a,835,2056,843,2053,8.54400374531753,9,4.75888693301496,0.5287652147794399,0
3015,S1585-2_a,843,2053,835,2056,8.54400374531753,9,4.75888693301496,0.5287652147794399,0
4635,S1585-2_a,1851,4900,1859,4897,8.54400374531753,9,2.9706391605448337,0.33007101783831483,0
4770,S1585-2_a,743,2498,740,2490,8.54400374531753,9,2.3819049734774964,0.2646561081641663,0
4803,S1585-2_a,767,3153,759,3150,8.54400374531753,9,5.235369781700445,0.5817077535222717,0
4864,S1585-2_a,806,2221,814,2218,8.54400374531753,11,1.2061887743465856,0.10965352494059868,0
4873,S1585-2_a,814,2218,806,2221,8.54400374531753,11,1.2061887743465858,0.10965352494059871,0
5575,S1585-2_a,1859,4897,1851,4900,8.54400374531753,9,2.9706391605448337,0.33007101783831483,0
78,S1585-2_a,770,3460,765,3467,8.602325267042627,8,6.454994629693308,0.8068743287116635,0
1082,S1585-2_a,966,1555,971,1548,8.602325267042627,8,5.5022976769539715,0.6877872096192464,0
1524,S1585-2_a,1090,4254,1083,4259,8.602325267042627,8,3.8678101889796936,0.4834762736224617,0
2047,S1585-2_a,1600,4631,1607,4626,8.602325267042627,8,3.7827351765539396,0.47284189706924246,0
2070,S1585-2_a,1607,4626,1600,4631,8.602325267042627,8,3.782735176553939,0.4728418970692424,0
2353,S1585-2_a,1878,4864,1883,4871,8.602325267042627,10,1.5256416725212634,0.15256416725212635,0
2550,S1585-2_a,765,3467,770,3460,8.602325267042627,8,6.454994629693307,0.8068743287116634,0
3564,S1585-2_a,971,1548,966,1555,8.602325267042627,8,5.5022976769539715,0.6877872096192464,0
3860,S1585-2_a,1083,4259,1090,4254,8.602325267042627,8,3.867810188979694,0.48347627362246176,0
4397,S1585-2_a,1510,4570,1505,4563,8.602325267042627,8,2.992323721643657,0.37404046520545714,0
5443,S1585-2_a,1505,4563,1510,4570,8.602325267042627,8,2.9923237216436567,0.3740404652054571,0
5668,S1585-2_a,1883,4871,1878,4864,8.602325267042627,10,1.5256416725212634,0.15256416725212635,0
746,S1585-2_a,894,1973,886,1969,8.94427190999916,9,4.184164692072949,0.4649071880081055,0
757,S1585-2_a,897,3948,901,3940,8.94427190999916,9,3.6527272814762908,0.405858586830699,0
772,S1585-2_a,900,3930,896,3938,8.94427190999916,9,3.9528677869437217,0.4392075318826357,0
779,S1585-2_a,896,3938,900,3930,8.94427190999916,9,3.9528677869437217,0.4392075318826357,0
1326,S1585-2_a,1001,1622,997,1630,8.94427190999916,10,2.919234045854906,0.2919234045854906,0
2248,S1585-2_a,1843,4904,1851,4900,8.94427190999916,10,5.3403266468315955,0.5340326646831596,0
2392,S1585-2_a,1883,4868,1891,4872,8.94427190999916,9,4.2418872641139975,0.4713208071237775,0
2430,S1585-2_a,1891,4872,1883,4868,8.94427190999916,9,4.2418872641139975,0.4713208071237775,0
2433,S1585-2_a,1891,4872,1899,4876,8.94427190999916,9,3.2515851768775703,0.3612872418752856,0
3290,S1585-2_a,886,1969,894,1973,8.94427190999916,9,4.184164692072949,0.4649071880081055,0
3373,S1585-2_a,901,3940,897,3948,8.94427190999916,9,3.6527272814762903,0.4058585868306989,0
3700,S1585-2_a,997,1630,1001,1622,8.94427190999916,10,2.919234045854906,0.2919234045854906,0
4629,S1585-2_a,1851,4900,1843,4904,8.94427190999916,10,5.340326646831596,0.5340326646831597,0
5699,S1585-2_a,1899,4876,1891,4872,8.94427190999916,9,3.2515851768775708,0.36128724187528566,0
2391,S1585-2_a,1883,4868,1892,4868,9.0,10,4.00766212349528,0.400766212349528,0
2438,S1585-2_a,1892,4868,1883,4868,9.0,10,4.00766212349528,0.400766212349528,0
219,S1585-2_a,800,3701,809,3702,9.055385138137417,10,2.5445217534691773,0.2544521753469177,0
520,S1585-2_a,835,2941,844,2940,9.055385138137417,12,3.278342728949382,0.2731952274124485,0
572,S1585-2_a,844,2940,835,2941,9.055385138137417,12,3.2783427289493825,0.27319522741244856,0
624,S1585-2_a,853,2155,844,2156,9.055385138137417,10,0.762671079738175,0.0762671079738175,0
1385,S1585-2_a,1026,1341,1035,1340,9.055385138137417,10,2.9064325644056552,0.29064325644056554,0
1418,S1585-2_a,1035,1340,1026,1341,9.055385138137417,10,2.9064325644056552,0.29064325644056554,0
1520,S1585-2_a,1100,4288,1099,4279,9.055385138137417,10,3.312642595799604,0.3312642595799604,0
1961,S1585-2_a,1506,4547,1515,4548,9.055385138137417,11,2.9219536708890734,0.2656321518990067,0
2027,S1585-2_a,1530,4564,1531,4573,9.055385138137417,10,2.634388242356429,0.2634388242356429,0
2048,S1585-2_a,1602,4630,1601,4639,9.055385138137417,10,4.969849314785627,0.4969849314785627,0
2053,S1585-2_a,1601,4639,1602,4630,9.055385138137417,10,4.969849314785627,0.4969849314785627,0
2214,S1585-2_a,1829,4920,1838,4919,9.055385138137417,10,2.9664546718984193,0.2966454671898419,0
3457,S1585-2_a,947,1874,956,1875,9.055385138137417,10,4.526224723626064,0.4526224723626064,0
3493,S1585-2_a,956,1875,947,1874,9.055385138137417,10,4.526224723626064,0.4526224723626064,0
3706,S1585-2_a,997,1630,996,1639,9.055385138137417,11,3.1772016130197334,0.28883651027452123,0
3779,S1585-2_a,1024,1288,1025,1279,9.055385138137417,11,4.600836778146034,0.4182578889223667,0
3793,S1585-2_a,1027,1268,1028,1277,9.055385138137417,10,2.5525056583170933,0.25525056583170935,0
3908,S1585-2_a,1099,4279,1100,4288,9.055385138137417,10,3.3126425957996037,0.33126425957996036,0
4423,S1585-2_a,1531,4573,1530,4564,9.055385138137417,10,2.6343882423564287,0.26343882423564285,0
4585,S1585-2_a,1838,4919,1829,4920,9.055385138137417,10,2.9664546718984193,0.2966454671898419,0
4701,S1585-2_a,1890,4895,1881,4894,9.055385138137417,10,4.52360316640906,0.45236031664090603,0
4866,S1585-2_a,809,3702,800,3701,9.055385138137417,10,2.5445217534691773,0.2544521753469177,0
4960,S1585-2_a,844,2156,853,2155,9.055385138137417,10,0.7626710797381749,0.0762671079738175,0
5209,S1585-2_a,996,1639,997,1630,9.055385138137417,11,3.1772016130197334,0.28883651027452123,0
5259,S1585-2_a,1025,1279,1024,1288,9.055385138137417,11,4.600836778146033,0.41825788892236665,0
5263,S1585-2_a,1028,1277,1027,1268,9.055385138137417,10,2.5525056583170933,0.25525056583170935,0
5465,S1585-2_a,1515,4548,1506,4547,9.055385138137417,11,2.9219536708890734,0.2656321518990067,0
5607,S1585-2_a,1881,4894,1890,4895,9.055385138137417,10,4.52360316640906,0.45236031664090603,0
1148,S1585-2_a,979,1615,973,1622,9.219544457292887,9,4.480738594820016,0.49785984386889065,0
1924,S1585-2_a,1501,4568,1510,4570,9.219544457292887,10,3.2634575967099417,0.32634575967099416,0
1973,S1585-2_a,1508,4549,1514,4556,9.219544457292887,8,3.6466703699510568,0.4558337962438821,0
1998,S1585-2_a,1514,4556,1508,4549,9.219544457292887,8,3.646670369951057,0.45583379624388215,0
2001,S1585-2_a,1514,4556,1507,4562,9.219544457292887,8,2.846796817051647,0.3558496021314559,0
2651,S1585-2_a,784,2462,791,2468,9.219544457292887,9,3.003132906250752,0.3336814340278613,0
2670,S1585-2_a,791,2468,784,2462,9.219544457292887,9,3.003132906250752,0.3336814340278613,0
3345,S1585-2_a,899,3835,901,3844,9.219544457292887,10,2.90238315597778,0.290238315597778,0
3346,S1585-2_a,901,3844,899,3835,9.219544457292887,10,2.90238315597778,0.290238315597778,0
3574,S1585-2_a,973,1622,979,1615,9.219544457292887,9,4.480738594820016,0.49785984386889065,0
3652,S1585-2_a,980,1621,989,1623,9.219544457292887,17,1.8182603825035115,0.10695649308844185,0
3707,S1585-2_a,997,1630,991,1637,9.219544457292887,9,3.49185906194008,0.38798434021556444,0
3861,S1585-2_a,1083,4259,1092,4257,9.219544457292887,10,4.225157144871488,0.42251571448714886,0
3907,S1585-2_a,1099,4279,1097,4288,9.219544457292887,11,4.733796548348852,0.4303451407589866,0
4393,S1585-2_a,1510,4570,1501,4568,9.219544457292887,10,3.2634575967099417,0.32634575967099416,0
5207,S1585-2_a,991,1637,997,1630,9.219544457292887,9,3.49185906194008,0.38798434021556444,0
5215,S1585-2_a,989,1623,980,1621,9.219544457292887,17,1.8182603825035117,0.10695649308844186,0
5308,S1585-2_a,1097,4288,1099,4279,9.219544457292887,11,4.733796548348852,0.4303451407589866,0
5312,S1585-2_a,1092,4257,1083,4259,9.219544457292887,10,4.225157144871488,0.42251571448714886,0
5448,S1585-2_a,1507,4562,1514,4556,9.219544457292887,8,2.8467968170516462,0.3558496021314558,0
17,S1585-2_a,735,2478,743,2473,9.433981132056603,9,4.8734923807696315,0.5414991534188479,0
394,S1585-2_a,824,3195,829,3187,9.433981132056603,12,0.23025184793786221,0.019187653994821852,0
539,S1585-2_a,845,3087,850,3079,9.433981132056603,10,0.31074935619583405,0.031074935619583403,0
602,S1585-2_a,850,3079,845,3087,9.433981132056603,10,0.310749356195834,0.0310749356195834,0
645,S1585-2_a,855,3709,850,3717,9.433981132056603,9,3.7862634043986207,0.420695933822069,0
1211,S1585-2_a,977,1644,972,1636,9.433981132056603,9,3.026911885176038,0.33632354279733756,0
1481,S1585-2_a,1062,1183,1070,1178,9.433981132056603,10,4.2329984275688535,0.42329984275688537,0
1498,S1585-2_a,1070,1178,1062,1183,9.433981132056603,10,4.2329984275688535,0.42329984275688537,0
1688,S1585-2_a,1182,959,1187,951,9.433981132056603,9,4.821397733802889,0.5357108593114321,0
1756,S1585-2_a,1187,951,1182,959,9.433981132056603,9,4.821397733802888,0.535710859311432,0
1799,S1585-2_a,1208,949,1203,941,9.433981132056603,9,5.138722437838948,0.570969159759883,0
1999,S1585-2_a,1514,4556,1509,4564,9.433981132056603,9,2.878882460827638,0.3198758289808487,0
2073,S1585-2_a,1607,4626,1615,4631,9.433981132056603,14,3.20670449516714,0.22905032108336715,0
2376,S1585-2_a,1879,4920,1871,4915,9.433981132056603,9,3.068395042883444,0.3409327825426049,0
2515,S1585-2_a,743,2473,735,2478,9.433981132056603,9,4.873492380769632,0.541499153418848,0
2552,S1585-2_a,765,3467,773,3462,9.433981132056603,9,6.697649162429915,0.7441832402699906,0
2576,S1585-2_a,773,3462,765,3467,9.433981132056603,9,6.697649162429916,0.7441832402699906,0
2898,S1585-2_a,829,3187,824,3195,9.433981132056603,12,0.2302518479378622,0.01918765399482185,0
3106,S1585-2_a,850,3717,855,3709,9.433981132056603,9,3.7862634043986203,0.42069593382206893,0
3555,S1585-2_a,972,1636,977,1644,9.433981132056603,9,3.0269118851760384,0.3363235427973376,0
4163,S1585-2_a,1203,941,1208,949,9.433981132056603,9,5.138722437838949,0.5709691597598832,0
4433,S1585-2_a,1615,4631,1620,4639,9.433981132056603,9,3.197679926362041,0.3552977695957823,0
4434,S1585-2_a,1615,4631,1607,4626,9.433981132056603,14,3.2067044951671395,0.22905032108336712,0
4680,S1585-2_a,1871,4915,1879,4920,9.433981132056603,9,3.0683950428834437,0.34093278254260484,0
5456,S1585-2_a,1509,4564,1514,4556,9.433981132056603,9,2.878882460827638,0.3198758289808487,0
5487,S1585-2_a,1620,4639,1615,4631,9.433981132056603,9,3.197679926362041,0.3552977695957823,0
280,S1585-2_a,812,2221,803,2218,9.486832980505138,10,0.9884253975138234,0.09884253975138234,0
1381,S1585-2_a,1026,1341,1035,1338,9.486832980505138,10,2.994851147830723,0.29948511478307227,0
1410,S1585-2_a,1035,1338,1026,1341,9.486832980505138,10,2.994851147830723,0.29948511478307227,0
1472,S1585-2_a,1061,1181,1070,1178,9.486832980505138,10,4.19674175755122,0.419674175755122,0
1497,S1585-2_a,1070,1178,1061,1181,9.486832980505138,10,4.19674175755122,0.419674175755122,0
2439,S1585-2_a,1892,4868,1883,4871,9.486832980505138,10,3.9689855597904273,0.3968985559790427,0
4860,S1585-2_a,803,2218,812,2221,9.486832980505138,10,0.9884253975138233,0.09884253975138232,0
5673,S1585-2_a,1883,4871,1892,4868,9.486832980505138,10,3.9689855597904273,0.3968985559790427,0
468,S1585-2_a,834,2049,843,2053,9.848857801796104,10,7.062062338286483,0.7062062338286483,0
767,S1585-2_a,896,3929,900,3920,9.848857801796104,10,4.038840397961066,0.40388403979610665,0
791,S1585-2_a,896,3943,892,3952,9.848857801796104,10,3.0693682858991513,0.3069368285899151,0
1658,S1585-2_a,1160,4294,1169,4298,9.848857801796104,10,4.038199737220544,0.40381997372205436,0
1962,S1585-2_a,1506,4547,1515,4551,9.848857801796104,12,3.337324503530739,0.2781103752942283,0
3011,S1585-2_a,843,2053,834,2049,9.848857801796104,10,7.062062338286482,0.7062062338286482,0
3305,S1585-2_a,892,3952,896,3943,9.848857801796104,10,3.069368285899151,0.3069368285899151,0
3353,S1585-2_a,900,3920,896,3929,9.848857801796104,10,4.038840397961067,0.4038840397961067,0
3356,S1585-2_a,900,3920,909,3916,9.848857801796104,10,6.421687026679164,0.6421687026679164,0
3392,S1585-2_a,909,3916,900,3920,9.848857801796104,10,6.421687026679164,0.6421687026679164,0
4084,S1585-2_a,1169,4298,1160,4294,9.848857801796104,10,4.038199737220544,0.40381997372205436,0
4606,S1585-2_a,1842,4896,1851,4900,9.848857801796104,10,6.102645375554058,0.6102645375554058,0
4628,S1585-2_a,1851,4900,1842,4896,9.848857801796104,10,6.102645375554058,0.6102645375554058,0
5467,S1585-2_a,1515,4551,1506,4547,9.848857801796104,12,3.337324503530739,0.2781103752942283,0
62,S1585-2_a,763,3424,770,3431,9.899494936611665,8,6.001580686151058,0.7501975857688823,0
107,S1585-2_a,770,3431,763,3424,9.899494936611665,8,6.001580686151058,0.7501975857688823,0
1076,S1585-2_a,964,1555,971,1548,9.899494936611665,9,5.826607953952049,0.6474008837724499,0
1630,S1585-2_a,1149,990,1156,983,9.899494936611665,9,4.210923007720232,0.46788033419113684,0
1644,S1585-2_a,1156,983,1149,990,9.899494936611665,9,4.210923007720233,0.46788033419113695,0
2853,S1585-2_a,827,2982,834,2989,9.899494936611665,9,2.5255072945208026,0.2806119216134225,0
3565,S1585-2_a,971,1548,964,1555,9.899494936611665,9,5.826607953952049,0.6474008837724499,0
4965,S1585-2_a,834,2989,827,2982,9.899494936611665,9,2.5255072945208026,0.2806119216134225,0
37,S1585-2_a,751,2467,743,2473,10.0,9,5.801869279420845,0.6446521421578716,0
80,S1585-2_a,770,3460,778,3454,10.0,9,6.306262906198137,0.7006958784664596,0
162,S1585-2_a,793,3037,801,3043,10.0,9,6.542019613667433,0.7268910681852704,0
771,S1585-2_a,900,3930,900,3920,10.0,11,4.162562999031575,0.3784148180937796,0
803,S1585-2_a,904,2066,912,2072,10.0,9,4.0018036900247616,0.4446448544471957,0
807,S1585-2_a,912,2072,904,2066,10.0,9,4.0018036900247616,0.4446448544471957,0
1482,S1585-2_a,1062,1183,1054,1189,10.0,9,4.614857838646171,0.5127619820717968,0
1511,S1585-2_a,1087,4268,1093,4260,10.0,9,3.9474890835670564,0.4386098981741174,0
2419,S1585-2_a,1889,4857,1895,4865,10.0,11,2.0118617881928214,0.1828965261993474,0
2513,S1585-2_a,743,2473,751,2467,10.0,9,5.8018692794208455,0.6446521421578717,0
2613,S1585-2_a,778,3454,770,3460,10.0,9,6.306262906198137,0.7006958784664596,0
2715,S1585-2_a,801,3043,793,3037,10.0,9,6.542019613667433,0.7268910681852704,0
3307,S1585-2_a,892,3952,898,3960,10.0,9,5.4906944890984875,0.6100771654553875,0
3330,S1585-2_a,898,3960,892,3952,10.0,9,5.490694489098488,0.6100771654553876,0
3355,S1585-2_a,900,3920,900,3930,10.0,11,4.162562999031575,0.3784148180937796,0
3543,S1585-2_a,972,1636,978,1628,10.0,9,2.4590323855105756,0.2732258206122862,0
3813,S1585-2_a,1049,1160,1059,1160,10.0,11,2.575133299169199,0.2341030271971999,0
3841,S1585-2_a,1054,1189,1062,1183,10.0,9,4.614857838646171,0.5127619820717968,0
4697,S1585-2_a,1883,4861,1883,4871,10.0,11,2.8949239457011906,0.26317490415465367,0
4723,S1585-2_a,1895,4865,1889,4857,10.0,11,2.0118617881928214,0.1828965261993474,0
5170,S1585-2_a,978,1628,972,1636,10.0,9,2.459032385510575,0.2732258206122861,0
5281,S1585-2_a,1059,1160,1049,1160,10.0,11,2.5751332991691984,0.23410302719719986,0
5291,S1585-2_a,1085,4266,1093,4260,10.0,10,3.7153007914002316,0.3715300791400232,0
5314,S1585-2_a,1093,4260,1085,4266,10.0,10,3.7153007914002316,0.3715300791400232,0
5316,S1585-2_a,1093,4260,1087,4268,10.0,9,3.9474890835670564,0.4386098981741174,0
5663,S1585-2_a,1883,4871,1883,4861,10.0,11,2.8949239457011906,0.26317490415465367,0
639,S1585-2_a,856,3699,855,3709,10.04987562112089,20,4.364786711632872,0.2182393355816436,0
644,S1585-2_a,855,3709,856,3699,10.04987562112089,20,4.364786711632872,0.2182393355816436,0
769,S1585-2_a,900,3930,901,3940,10.04987562112089,11,5.179298570981738,0.4708453246347034,0
1386,S1585-2_a,1026,1341,1016,1342,10.04987562112089,11,3.1611387472611963,0.28737624975101783,0
1915,S1585-2_a,1497,4572,1487,4573,10.04987562112089,11,4.825793832717395,0.4387085302470359,0
3362,S1585-2_a,901,3940,900,3930,10.04987562112089,11,5.179298570981737,0.47084532463470335,0
3737,S1585-2_a,1016,1342,1026,1341,10.04987562112089,11,3.161138747261196,0.2873762497510178,0
3940,S1585-2_a,1130,4269,1120,4270,10.04987562112089,11,2.5189662270967115,0.22899692973606467,0
4341,S1585-2_a,1487,4573,1497,4572,10.04987562112089,11,4.825793832717395,0.4387085302470359,0
5329,S1585-2_a,1120,4270,1130,4269,10.04987562112089,11,2.518966227096712,0.22899692973606472,0
74,S1585-2_a,769,3152,759,3150,10.198039027185569,11,6.493002311912278,0.5902729374465707,0
217,S1585-2_a,800,3701,810,3699,10.198039027185569,12,2.9899605889324135,0.24916338241103445,0
273,S1585-2_a,810,3699,800,3701,10.198039027185569,12,2.989960588932414,0.2491633824110345,0
1363,S1585-2_a,1022,1278,1024,1288,10.198039027185569,11,4.3461318273675955,0.3951028933970541,0
1450,S1585-2_a,1054,1328,1052,1338,10.198039027185569,11,4.355542120040918,0.3959583745491744,0
1516,S1585-2_a,1087,4268,1097,4270,10.198039027185569,11,6.5355185650952725,0.5941380513722975,0
1708,S1585-2_a,1180,932,1170,930,10.198039027185569,11,4.724193428641117,0.42947212987646516,0
1737,S1585-2_a,1181,948,1179,958,10.198039027185569,11,6.673879752642812,0.6067163411493466,0
2351,S1585-2_a,1878,4864,1876,4854,10.198039027185569,11,3.756149938257075,0.3414681762051886,0
2434,S1585-2_a,1891,4872,1893,4882,10.198039027185569,11,2.3254443636717337,0.2114040330610667,0
2448,S1585-2_a,1892,4868,1894,4878,10.198039027185569,12,3.136261049125363,0.2613550874271136,0
2453,S1585-2_a,1892,4885,1890,4895,10.198039027185569,11,4.2771179080974955,0.38882890073613596,0
2523,S1585-2_a,759,3150,769,3152,10.198039027185569,11,6.493002311912278,0.5902729374465707,0
3778,S1585-2_a,1024,1288,1022,1278,10.198039027185569,11,4.3461318273675955,0.3951028933970541,0
3820,S1585-2_a,1052,1338,1054,1328,10.198039027185569,11,4.355542120040918,0.3959583745491744,0
3896,S1585-2_a,1097,4270,1087,4268,10.198039027185569,11,6.5355185650952725,0.5941380513722975,0
4069,S1585-2_a,1170,930,1180,932,10.198039027185569,11,4.724193428641117,0.42947212987646516,0
4499,S1585-2_a,1645,4726,1647,4716,10.198039027185569,11,5.844339186097083,0.5313035623724621,0
4521,S1585-2_a,1647,4716,1645,4726,10.198039027185569,11,5.844339186097083,0.5313035623724621,0
4706,S1585-2_a,1890,4895,1892,4885,10.198039027185569,11,4.2771179080974955,0.38882890073613596,0
5354,S1585-2_a,1179,958,1181,948,10.198039027185569,11,6.6738797526428115,0.6067163411493465,0
5642,S1585-2_a,1876,4854,1878,4864,10.198039027185569,11,3.756149938257075,0.3414681762051886,0
5688,S1585-2_a,1893,4882,1891,4872,10.198039027185569,11,2.3254443636717332,0.21140403306106667,0
5693,S1585-2_a,1894,4878,1892,4868,10.198039027185569,12,3.136261049125363,0.2613550874271136,0
220,S1585-2_a,800,3701,809,3706,10.295630140987,10,2.9248012153896186,0.29248012153896186,0
267,S1585-2_a,809,3706,800,3701,10.295630140987,10,2.9248012153896186,0.29248012153896186,0
1245,S1585-2_a,982,3963,987,3954,10.295630140987,11,2.343550641511714,0.21305005831924673,0
2349,S1585-2_a,1878,4864,1873,4855,10.295630140987,13,3.746166384685071,0.2881666449757747,0
3576,S1585-2_a,973,1622,978,1613,10.295630140987,11,4.749243175350085,0.43174937957728043,0
3644,S1585-2_a,980,1621,975,1630,10.295630140987,13,1.277726429334519,0.09828664841034761,0
3678,S1585-2_a,987,3954,982,3963,10.295630140987,11,2.3435506415117144,0.21305005831924675,0
5130,S1585-2_a,978,1613,973,1622,10.295630140987,11,4.749243175350084,0.4317493795772803,0
5155,S1585-2_a,975,1630,980,1621,10.295630140987,13,1.2777264293345187,0.0982866484103476,0
5638,S1585-2_a,1873,4855,1878,4864,10.295630140987,13,3.7461663846850706,0.28816664497577466,0
651,S1585-2_a,856,3005,853,3015,10.44030650891055,11,6.670289603578709,0.6063899639617009,0
1192,S1585-2_a,987,1627,997,1630,10.44030650891055,28,4.185402094857924,0.14947864624492585,0
3137,S1585-2_a,853,3015,856,3005,10.44030650891055,11,6.670289603578707,0.6063899639617006,0
3694,S1585-2_a,997,1630,987,1627,10.44030650891055,28,4.185402094857924,0.14947864624492585,0
749,S1585-2_a,894,3948,901,3940,10.63014581273465,10,3.7911250671508494,0.37911250671508495,0
1473,S1585-2_a,1061,1181,1054,1189,10.63014581273465,9,4.599779639412383,0.5110866266013759,0
1512,S1585-2_a,1087,4268,1095,4261,10.63014581273465,10,4.193301761801201,0.4193301761801201,0
1528,S1585-2_a,1095,4261,1087,4268,10.63014581273465,10,4.193301761801201,0.4193301761801201,0
1755,S1585-2_a,1187,951,1179,958,10.63014581273465,10,5.64689197700872,0.564689197700872,0
2312,S1585-2_a,1858,4892,1851,4900,10.63014581273465,9,4.378357666452926,0.4864841851614362,0
2446,S1585-2_a,1892,4868,1899,4876,10.63014581273465,12,4.5684473151124685,0.38070394292603904,0
2514,S1585-2_a,743,2473,750,2465,10.63014581273465,9,5.921682941877216,0.6579647713196907,0
3371,S1585-2_a,901,3940,894,3948,10.63014581273465,10,3.791125067150849,0.3791125067150849,0
3578,S1585-2_a,973,1622,981,1629,10.63014581273465,14,1.9150943404274492,0.13679245288767494,0
3695,S1585-2_a,997,1630,989,1623,10.63014581273465,33,4.640015477147802,0.14060652961053946,0
3741,S1585-2_a,1016,1342,1023,1350,10.63014581273465,12,4.1967658119878095,0.34973048433231746,0
3785,S1585-2_a,1023,1350,1016,1342,10.63014581273465,12,4.1967658119878095,0.34973048433231746,0
3840,S1585-2_a,1054,1189,1061,1181,10.63014581273465,9,4.599779639412383,0.5110866266013759,0
4134,S1585-2_a,1195,961,1202,953,10.63014581273465,10,4.332887135869599,0.43328871358695986,0
4177,S1585-2_a,1202,953,1195,961,10.63014581273465,10,4.3328871358695995,0.43328871358696,0
4625,S1585-2_a,1851,4900,1858,4892,10.63014581273465,9,4.378357666452925,0.4864841851614361,0
4779,S1585-2_a,750,2465,743,2473,10.63014581273465,9,5.921682941877215,0.6579647713196906,0
5175,S1585-2_a,981,1629,973,1622,10.63014581273465,14,1.9150943404274492,0.13679245288767494,0
5217,S1585-2_a,989,1623,997,1630,10.63014581273465,33,4.640015477147804,0.14060652961053952,0
5359,S1585-2_a,1179,958,1187,951,10.63014581273465,10,5.646891977008719,0.5646891977008719,0
5698,S1585-2_a,1899,4876,1892,4868,10.63014581273465,12,4.5684473151124685,0.38070394292603904,0
519,S1585-2_a,835,2941,845,2937,10.770329614269007,13,3.476712934230516,0.2674394564792705,0
642,S1585-2_a,855,3709,865,3705,10.770329614269007,13,2.8865107348102086,0.22203928729309297,0
2069,S1585-2_a,1605,4627,1615,4631,10.770329614269007,16,4.139610414455587,0.2587256509034742,0
2085,S1585-2_a,1614,4701,1618,4711,10.770329614269007,11,5.231901846645153,0.4756274406041048,0
3199,S1585-2_a,863,2042,867,2032,10.770329614269007,11,6.512706975678124,0.592064270516193,0
3203,S1585-2_a,865,3705,855,3709,10.770329614269007,13,2.886510734810208,0.22203928729309294,0
3226,S1585-2_a,867,2032,863,2042,10.770329614269007,11,6.512706975678124,0.592064270516193,0
3704,S1585-2_a,997,1630,987,1634,10.770329614269007,12,3.253492664535749,0.27112438871131245,0
4432,S1585-2_a,1615,4631,1605,4627,10.770329614269007,16,4.1396104144555865,0.25872565090347416,0
4436,S1585-2_a,1618,4711,1614,4701,10.770329614269007,11,5.231901846645154,0.4756274406041049,0
4514,S1585-2_a,1647,4716,1651,4726,10.770329614269007,11,5.681891240397329,0.5165355673088481,0
4525,S1585-2_a,1651,4726,1647,4716,10.770329614269007,11,5.681891240397328,0.516535567308848,0
5007,S1585-2_a,845,2937,835,2941,10.770329614269007,13,3.4767129342305165,0.2674394564792705,0
5195,S1585-2_a,987,1634,997,1630,10.770329614269007,12,3.253492664535749,0.27112438871131245,0
638,S1585-2_a,856,3699,865,3705,10.816653826391969,14,1.561127737019475,0.11150912407281964,0
1421,S1585-2_a,1042,4073,1048,4082,10.816653826391969,11,0.4744566898283179,0.0431324263480289,0
1667,S1585-2_a,1175,957,1181,948,10.816653826391969,10,6.539969087389048,0.6539969087389048,0
1736,S1585-2_a,1181,948,1175,957,10.816653826391969,10,6.539969087389047,0.6539969087389047,0
2342,S1585-2_a,1874,4867,1883,4861,10.816653826391969,10,3.242878575103995,0.32428785751039946,0
3202,S1585-2_a,865,3705,856,3699,10.816653826391969,14,1.5611277370194747,0.11150912407281963,0
3810,S1585-2_a,1048,4082,1042,4073,10.816653826391969,11,0.4744566898283179,0.0431324263480289,0
4149,S1585-2_a,1201,4288,1210,4282,10.816653826391969,11,1.2779647174473292,0.11617861067702993,0
4188,S1585-2_a,1210,4282,1201,4288,10.816653826391969,11,1.2779647174473294,0.11617861067702995,0
4695,S1585-2_a,1883,4861,1874,4867,10.816653826391969,10,3.242878575103995,0.32428785751039946,0
745,S1585-2_a,897,1969,886,1969,11.0,12,4.7872811719381545,0.3989400976615129,0
2348,S1585-2_a,1878,4864,1878,4853,11.0,12,3.7392975739481207,0.31160813116234337,0
3287,S1585-2_a,886,1969,897,1969,11.0,12,4.7872811719381545,0.3989400976615129,0
4014,S1585-2_a,1159,930,1170,930,11.0,12,6.484104229107972,0.540342019092331,0
4068,S1585-2_a,1170,930,1159,930,11.0,12,6.484104229107972,0.540342019092331,0
5646,S1585-2_a,1878,4853,1878,4864,11.0,12,3.7392975739481202,0.31160813116234337,0
713,S1585-2_a,873,3604,884,3605,11.045361017187261,12,2.7495574581623354,0.2291297881801946,0
1174,S1585-2_a,976,1633,977,1644,11.045361017187261,13,4.923876330244122,0.3787597177110863,0
1197,S1585-2_a,977,1644,976,1633,11.045361017187261,13,4.923876330244123,0.37875971771108635,0
1677,S1585-2_a,1182,959,1181,948,11.045361017187261,18,7.164633774881371,0.3980352097156317,0
1738,S1585-2_a,1181,948,1182,959,11.045361017187261,18,7.16463377488137,0.39803520971563167,0
3190,S1585-2_a,862,2029,851,2030,11.045361017187261,12,5.727325156541397,0.4772770963784498,0
3280,S1585-2_a,884,3605,873,3604,11.045361017187261,12,2.7495574581623363,0.2291297881801947,0
5026,S1585-2_a,851,2030,862,2029,11.045361017187261,12,5.727325156541399,0.4772770963784499,0
135,S1585-2_a,779,3510,789,3515,11.180339887498949,13,6.307562455306177,0.48519711194662896,0
442,S1585-2_a,837,2925,839,2936,11.180339887498949,15,5.377220986987452,0.3584813991324968,0
531,S1585-2_a,839,2936,837,2925,11.180339887498949,15,5.377220986987453,0.3584813991324969,0
616,S1585-2_a,852,2158,841,2156,11.180339887498949,12,0.9406964974130527,0.07839137478442106,0
1526,S1585-2_a,1095,4261,1085,4266,11.180339887498949,11,3.961113469634376,0.360101224512216,0
2509,S1585-2_a,732,2471,743,2473,11.180339887498949,12,5.6767600106447365,0.4730633342203947,0
2511,S1585-2_a,743,2473,732,2471,11.180339887498949,12,5.6767600106447365,0.4730633342203947,0
2668,S1585-2_a,789,3515,779,3510,11.180339887498949,13,6.307562455306177,0.48519711194662896,0
3624,S1585-2_a,976,3956,987,3954,11.180339887498949,12,2.476056887357408,0.20633807394645065,0
3666,S1585-2_a,985,1719,995,1714,11.180339887498949,11,7.430536287758114,0.6755032988871013,0
3676,S1585-2_a,987,3954,976,3956,11.180339887498949,12,2.476056887357408,0.20633807394645065,0
3683,S1585-2_a,995,1714,985,1719,11.180339887498949,11,7.430536287758113,0.6755032988871013,0
4016,S1585-2_a,1159,930,1164,940,11.180339887498949,11,7.005945506646152,0.636904136967832,0
4034,S1585-2_a,1164,940,1159,930,11.180339887498949,11,7.005945506646151,0.636904136967832,0
4139,S1585-2_a,1196,4298,1201,4288,11.180339887498949,12,2.3997676185442676,0.19998063487868897,0
4151,S1585-2_a,1201,4288,1196,4298,11.180339887498949,12,2.399767618544268,0.199980634878689,0
4959,S1585-2_a,841,2156,852,2158,11.180339887498949,12,0.9406964974130528,0.07839137478442107,0
5292,S1585-2_a,1085,4266,1095,4261,11.180339887498949,11,3.9611134696343764,0.36010122451221604,0
1067,S1585-2_a,964,1867,956,1875,11.313708498984761,11,4.502346804441908,0.40930425494926437,0
2262,S1585-2_a,1844,4915,1852,4923,11.313708498984761,9,6.174287208157457,0.6860319120174952,0
2281,S1585-2_a,1852,4923,1844,4915,11.313708498984761,9,6.174287208157456,0.6860319120174951,0
3491,S1585-2_a,956,1875,964,1867,11.313708498984761,11,4.502346804441909,0.4093042549492644,0
3933,S1585-2_a,1124,4200,1132,4208,11.313708498984761,17,0.34048300753080585,0.02002841220769446,0
5335,S1585-2_a,1132,4208,1124,4200,11.313708498984761,17,0.3404830075308058,0.020028412207694458,0
485,S1585-2_a,836,2062,843,2053,11.40175425099138,14,6.947041612141206,0.49621725801008615,0
691,S1585-2_a,867,2749,870,2738,11.40175425099138,12,7.722145279964597,0.6435121066637164,0
1167,S1585-2_a,976,1633,973,1622,11.40175425099138,12,2.1416774857355385,0.17847312381129488,0
1513,S1585-2_a,1087,4268,1098,4265,11.40175425099138,13,6.270591210479187,0.48235317003686057,0
1676,S1585-2_a,1182,959,1189,950,11.40175425099138,11,4.900123307848711,0.4454657552589737,0
1769,S1585-2_a,1189,950,1182,959,11.40175425099138,11,4.900123307848711,0.4454657552589737,0
2245,S1585-2_a,1838,4901,1845,4910,11.40175425099138,12,3.9262939415764952,0.32719116179804125,0
2350,S1585-2_a,1878,4864,1881,4853,11.40175425099138,14,3.7493497559873514,0.26781069685623937,0
2420,S1585-2_a,1889,4857,1892,4868,11.40175425099138,14,3.134435574781119,0.2238882553415085,0
2443,S1585-2_a,1892,4868,1889,4857,11.40175425099138,14,3.1344355747811194,0.22388825534150852,0
2842,S1585-2_a,825,3105,828,3094,11.40175425099138,22,4.081191705315414,0.18550871387797335,0
2882,S1585-2_a,828,3094,825,3105,11.40175425099138,22,4.0811917053154145,0.18550871387797338,0
3017,S1585-2_a,843,2053,836,2062,11.40175425099138,14,6.947041612141205,0.49621725801008604,0
3243,S1585-2_a,870,2738,867,2749,11.40175425099138,12,7.7221452799645975,0.6435121066637165,0
3548,S1585-2_a,972,1636,981,1629,11.40175425099138,11,2.397242578394788,0.21793114349043527,0
3570,S1585-2_a,973,1622,976,1633,11.40175425099138,12,2.1416774857355385,0.17847312381129488,0
3708,S1585-2_a,997,1630,988,1637,11.40175425099138,14,3.2935830485387463,0.23525593203848189,0
3890,S1585-2_a,1098,4265,1087,4268,11.40175425099138,13,6.2705912104791866,0.4823531700368605,0
3905,S1585-2_a,1099,4279,1092,4288,11.40175425099138,11,7.076501161050501,0.6433182873682274,0
4306,S1585-2_a,1421,4516,1432,4519,11.40175425099138,12,4.3485222508981405,0.3623768542415117,0
4495,S1585-2_a,1642,4737,1645,4726,11.40175425099138,12,6.822093234003879,0.5685077695003232,0
4506,S1585-2_a,1645,4726,1642,4737,11.40175425099138,12,6.822093234003878,0.5685077695003232,0
4588,S1585-2_a,1838,4919,1845,4910,11.40175425099138,11,4.719997607815543,0.42909069161959484,0
4608,S1585-2_a,1845,4910,1838,4901,11.40175425099138,12,3.9262939415764944,0.3271911617980412,0
4609,S1585-2_a,1845,4910,1838,4919,11.40175425099138,11,4.719997607815542,0.42909069161959473,0
5180,S1585-2_a,981,1629,972,1636,11.40175425099138,11,2.3972425783947875,0.21793114349043521,0
5203,S1585-2_a,988,1637,997,1630,11.40175425099138,14,3.2935830485387463,0.23525593203848189,0
5306,S1585-2_a,1092,4288,1099,4279,11.40175425099138,11,7.076501161050501,0.6433182873682274,0
5405,S1585-2_a,1432,4519,1421,4516,11.40175425099138,12,4.348522250898141,0.3623768542415118,0
5651,S1585-2_a,1881,4853,1878,4864,11.40175425099138,14,3.749349755987351,0.26781069685623937,0
20,S1585-2_a,740,2490,746,2500,11.661903789690601,11,2.598893189975304,0.23626301727048216,0
21,S1585-2_a,746,2500,740,2490,11.661903789690601,11,2.5988931899753043,0.2362630172704822,0
238,S1585-2_a,811,2982,817,2972,11.661903789690601,13,5.172191406838085,0.39786087744908344,0
269,S1585-2_a,809,3706,815,3716,11.661903789690601,11,6.819905030946544,0.6199913664496859,0
323,S1585-2_a,815,3716,809,3706,11.661903789690601,11,6.819905030946545,0.6199913664496859,0
371,S1585-2_a,817,2972,811,2982,11.661903789690601,13,5.172191406838085,0.39786087744908344,0
646,S1585-2_a,855,3711,865,3705,11.661903789690601,14,2.9882971521848276,0.21344979658463054,0
671,S1585-2_a,859,3025,853,3015,11.661903789690601,15,2.8682699359156736,0.19121799572771156,0
889,S1585-2_a,937,1868,943,1878,11.661903789690601,12,3.0800394283047625,0.2566699523587302,0
928,S1585-2_a,943,1878,937,1868,11.661903789690601,12,3.0800394283047625,0.2566699523587302,0
3077,S1585-2_a,848,3037,858,3031,11.661903789690601,15,2.3055016125375065,0.15370010750250043,0
3138,S1585-2_a,853,3015,859,3025,11.661903789690601,15,2.868269935915673,0.19121799572771153,0
3204,S1585-2_a,865,3705,855,3711,11.661903789690601,14,2.9882971521848276,0.21344979658463054,0
4032,S1585-2_a,1164,940,1170,930,11.661903789690601,11,7.179604761368442,0.6526913419425857,0
4067,S1585-2_a,1170,930,1164,940,11.661903789690601,11,7.1796047613684415,0.6526913419425856,0
4615,S1585-2_a,1845,4910,1851,4900,11.661903789690601,12,7.231168409255656,0.6025973674379713,0
4632,S1585-2_a,1851,4900,1845,4910,11.661903789690601,12,7.231168409255657,0.6025973674379714,0
5036,S1585-2_a,858,3031,848,3037,11.661903789690601,15,2.3055016125375065,0.15370010750250043,0
720,S1585-2_a,873,3609,884,3605,11.704699910719626,20,2.644046303186081,0.13220231515930406,0
1416,S1585-2_a,1035,1340,1046,1336,11.704699910719626,12,3.3010061720632313,0.27508384767193594,0
1429,S1585-2_a,1046,1336,1035,1340,11.704699910719626,12,3.3010061720632313,0.27508384767193594,0
1714,S1585-2_a,1180,932,1191,928,11.704699910719626,12,5.948808260776338,0.4957340217313615,0
1777,S1585-2_a,1191,928,1180,932,11.704699910719626,12,5.948808260776336,0.49573402173136133,0
1895,S1585-2_a,1488,4581,1492,4570,11.704699910719626,13,4.963546332130969,0.38181125631776686,0
1902,S1585-2_a,1489,4583,1500,4579,11.704699910719626,13,7.458762133556816,0.5737509333505243,0
1903,S1585-2_a,1492,4570,1488,4581,11.704699910719626,13,4.963546332130969,0.38181125631776686,0
2432,S1585-2_a,1891,4872,1902,4876,11.704699910719626,12,3.8826332522192746,0.3235527710182729,0
2458,S1585-2_a,1902,4876,1891,4872,11.704699910719626,12,3.8826332522192737,0.3235527710182728,0
3076,S1585-2_a,848,3037,859,3033,11.704699910719626,14,2.3033875805198294,0.16452768432284495,0
3147,S1585-2_a,854,2947,865,2951,11.704699910719626,12,7.375192362046027,0.6145993635038356,0
3219,S1585-2_a,865,2951,854,2947,11.704699910719626,12,7.375192362046026,0.6145993635038355,0
3282,S1585-2_a,884,3605,873,3609,11.704699910719626,20,2.6440463031860815,0.13220231515930408,0
4355,S1585-2_a,1500,4579,1489,4583,11.704699910719626,13,7.458762133556816,0.5737509333505243,0
5040,S1585-2_a,859,3033,848,3037,11.704699910719626,14,2.303387580519829,0.16452768432284492,0
443,S1585-2_a,837,2925,837,2937,12.0,14,4.9093914101967435,0.3506708150140531,0
1080,S1585-2_a,966,1555,966,1543,12.0,13,7.195400333910897,0.5534923333777614,0
2717,S1585-2_a,801,3043,813,3043,12.0,13,7.87083488461834,0.6054488372783339,0
2759,S1585-2_a,813,3043,801,3043,12.0,13,7.870834884618339,0.6054488372783338,0
3517,S1585-2_a,966,1543,966,1555,12.0,13,7.195400333910898,0.5534923333777614,0
4307,S1585-2_a,1421,4516,1433,4516,12.0,13,4.679750155640864,0.35998078120314336,0
5001,S1585-2_a,837,2937,837,2925,12.0,14,4.9093914101967435,0.3506708150140531,0
5412,S1585-2_a,1433,4516,1421,4516,12.0,13,4.679750155640865,0.3599807812031435,0
568,S1585-2_a,846,2923,847,2935,12.041594578792296,13,7.434187111348803,0.571860547026831,0
584,S1585-2_a,847,2935,846,2923,12.041594578792296,13,7.434187111348802,0.5718605470268309,0
621,S1585-2_a,853,2155,861,2146,12.041594578792296,15,0.4097124774046635,0.027314165160310898,0
622,S1585-2_a,853,2155,841,2156,12.041594578792296,13,0.9231268929772354,0.07100976099824888,0
640,S1585-2_a,856,3699,855,3711,12.041594578792296,21,4.466573129007492,0.21269395852416628,0
648,S1585-2_a,855,3711,856,3699,12.041594578792296,21,4.466573129007491,0.21269395852416625,0
763,S1585-2_a,897,3948,898,3960,12.041594578792296,15,7.456837282883233,0.4971224855255489,0
1417,S1585-2_a,1035,1340,1047,1339,12.041594578792296,14,3.66974164488308,0.2621244032059343,0
1515,S1585-2_a,1087,4268,1096,4276,12.041594578792296,10,6.367815227839159,0.636781522783916,0
1596,S1585-2_a,1131,4204,1140,4196,12.041594578792296,27,3.0894288538926014,0.11442329088491116,0
1645,S1585-2_a,1156,983,1168,984,12.041594578792296,13,6.7404619320801995,0.5184970716984769,0
1823,S1585-2_a,1236,4322,1248,4321,12.041594578792296,15,0.27256228493554263,0.01817081899570284,0
1906,S1585-2_a,1492,4570,1500,4579,12.041594578792296,11,7.119061589409264,0.647187417219024,0
2344,S1585-2_a,1874,4867,1873,4855,12.041594578792296,15,4.408011441298397,0.29386742941989313,0
2354,S1585-2_a,1878,4864,1890,4863,12.041594578792296,14,4.622950166657332,0.3302107261898094,0
2379,S1585-2_a,1882,4879,1894,4878,12.041594578792296,14,4.885459847450668,0.3489614176750477,0
2424,S1585-2_a,1890,4863,1878,4864,12.041594578792296,14,4.622950166657331,0.33021072618980934,0
2441,S1585-2_a,1892,4868,1901,4860,12.041594578792296,11,5.7923882041310275,0.5265807458300934,0
2467,S1585-2_a,1901,4860,1892,4868,12.041594578792296,11,5.792388204131029,0.5265807458300936,0
2522,S1585-2_a,759,3150,771,3149,12.041594578792296,13,8.29880457129155,0.6383695824070423,0
2549,S1585-2_a,765,3467,766,3455,12.041594578792296,13,6.409965458680329,0.493074266052333,0
2571,S1585-2_a,771,3149,759,3150,12.041594578792296,13,8.29880457129155,0.6383695824070423,0
2612,S1585-2_a,778,3454,766,3455,12.041594578792296,13,8.124226670155997,0.6249405130889228,0
2803,S1585-2_a,819,3693,828,3685,12.041594578792296,11,6.306949634018965,0.5733590576380877,0
2860,S1585-2_a,828,3685,819,3693,12.041594578792296,11,6.306949634018965,0.5733590576380877,0
3179,S1585-2_a,861,2146,853,2155,12.041594578792296,15,0.4097124774046635,0.027314165160310898,0
3334,S1585-2_a,898,3960,897,3948,12.041594578792296,15,7.456837282883234,0.49712248552554894,0
3877,S1585-2_a,1096,4276,1087,4268,12.041594578792296,10,6.367815227839159,0.636781522783916,0
3957,S1585-2_a,1140,4196,1131,4204,12.041594578792296,27,3.0894288538926022,0.1144232908849112,0
4058,S1585-2_a,1168,984,1156,983,12.041594578792296,13,6.7404619320802,0.5184970716984769,0
4168,S1585-2_a,1203,941,1202,953,12.041594578792296,13,7.279419114813663,0.559955316524128,0
4174,S1585-2_a,1202,953,1203,941,12.041594578792296,13,7.2794191148136616,0.5599553165241278,0
4216,S1585-2_a,1248,4321,1236,4322,12.041594578792296,15,0.27256228493554263,0.01817081899570284,0
4356,S1585-2_a,1500,4579,1492,4570,12.041594578792296,11,7.119061589409264,0.647187417219024,0
4805,S1585-2_a,766,3455,765,3467,12.041594578792296,13,6.409965458680329,0.493074266052333,0
4806,S1585-2_a,766,3455,778,3454,12.041594578792296,13,8.124226670155998,0.624940513088923,0
4955,S1585-2_a,841,2156,853,2155,12.041594578792296,13,0.9231268929772353,0.07100976099824886,0
5280,S1585-2_a,1047,1339,1035,1340,12.041594578792296,14,3.66974164488308,0.2621244032059343,0
5639,S1585-2_a,1873,4855,1874,4867,12.041594578792296,15,4.4080114412984,0.2938674294198933,0
5691,S1585-2_a,1894,4878,1882,4879,12.041594578792296,14,4.885459847450668,0.3489614176750477,0
525,S1585-2_a,839,2936,834,2925,12.083045973594572,15,5.471820917211502,0.3647880611474335,0
766,S1585-2_a,896,3929,901,3940,12.083045973594572,13,5.885797806381833,0.45275367741398714,0
2614,S1585-2_a,778,3454,767,3459,12.083045973594572,12,6.995415866239784,0.5829513221866487,0
3361,S1585-2_a,901,3940,896,3929,12.083045973594572,13,5.8857978063818335,0.4527536774139872,0
3978,S1585-2_a,1148,922,1159,917,12.083045973594572,12,7.732066890689112,0.6443389075574261,0
3999,S1585-2_a,1159,917,1148,922,12.083045973594572,12,7.732066890689112,0.6443389075574261,0
4808,S1585-2_a,767,3459,778,3454,12.083045973594572,12,6.995415866239784,0.5829513221866487,0
4946,S1585-2_a,834,2925,839,2936,12.083045973594572,15,5.471820917211502,0.3647880611474335,0
1075,S1585-2_a,964,1555,966,1543,12.165525060596439,13,7.037310540446118,0.5413315800343168,0
1419,S1585-2_a,1035,1340,1047,1342,12.165525060596439,18,4.216063356147954,0.23422574200821966,0
1436,S1585-2_a,1047,1342,1035,1340,12.165525060596439,18,4.216063356147954,0.23422574200821966,0
1650,S1585-2_a,1156,4286,1154,4274,12.165525060596439,13,5.099632173257409,0.39227939794287764,0
1898,S1585-2_a,1488,4581,1500,4579,12.165525060596439,13,7.356754798683123,0.5659042152833171,0
2568,S1585-2_a,769,3187,767,3199,12.165525060596439,14,5.543069761033622,0.3959335543595444,0
3080,S1585-2_a,848,3037,860,3039,12.165525060596439,13,2.4505746272265223,0.18850574055588634,0
3178,S1585-2_a,860,3039,848,3037,12.165525060596439,13,2.4505746272265223,0.18850574055588634,0
3519,S1585-2_a,966,1543,964,1555,12.165525060596439,13,7.037310540446117,0.5413315800343167,0
3986,S1585-2_a,1154,4274,1156,4286,12.165525060596439,13,5.099632173257408,0.39227939794287753,0
4351,S1585-2_a,1500,4579,1488,4581,12.165525060596439,13,7.356754798683123,0.5659042152833171,0
4795,S1585-2_a,767,3199,769,3187,12.165525060596439,14,5.543069761033621,0.39593355435954436,0
1518,S1585-2_a,1089,4286,1096,4276,12.206555615733702,11,8.175994286575301,0.743272207870482,0
1519,S1585-2_a,1089,4286,1099,4279,12.206555615733702,11,7.784243762362597,0.7076585238511451,0
2272,S1585-2_a,1844,4890,1851,4900,12.206555615733702,16,5.77713750057751,0.36107109378609437,0
3878,S1585-2_a,1096,4276,1089,4286,12.206555615733702,11,8.1759942865753,0.7432722078704818,0
3904,S1585-2_a,1099,4279,1089,4286,12.206555615733702,11,7.784243762362598,0.7076585238511452,0
4620,S1585-2_a,1851,4900,1844,4890,12.206555615733702,16,5.77713750057751,0.36107109378609437,0
77,S1585-2_a,766,3451,778,3454,12.36931687685298,13,8.444472480056012,0.6495748061581548,0
152,S1585-2_a,792,3700,804,3703,12.36931687685298,13,4.782158850348226,0.3678583731037097,0
222,S1585-2_a,804,3703,792,3700,12.36931687685298,13,4.782158850348226,0.3678583731037097,0
563,S1585-2_a,844,2923,847,2935,12.36931687685298,13,7.383713106879273,0.5679779312984056,0
585,S1585-2_a,847,2935,844,2923,12.36931687685298,13,7.383713106879272,0.5679779312984056,0
1247,S1585-2_a,984,3966,987,3954,12.36931687685298,13,2.382694842360605,0.18328421864312347,0
2120,S1585-2_a,1629,4744,1617,4747,12.36931687685298,13,8.981150474329393,0.6908577287945687,0
2276,S1585-2_a,1854,4888,1851,4900,12.36931687685298,13,5.712431105039014,0.4394177773106934,0
2390,S1585-2_a,1883,4868,1895,4865,12.36931687685298,14,5.246319630531454,0.37473711646653246,0
2610,S1585-2_a,778,3454,766,3451,12.36931687685298,13,8.444472480056012,0.6495748061581548,0
3679,S1585-2_a,987,3954,984,3966,12.36931687685298,13,2.382694842360606,0.18328421864312355,0
3687,S1585-2_a,997,1630,985,1633,12.36931687685298,14,3.4861334207357406,0.2490095300525529,0
4183,S1585-2_a,1209,4263,1212,4275,12.36931687685298,13,0.16979675264227723,0.013061288664790557,0
4185,S1585-2_a,1212,4275,1209,4263,12.36931687685298,13,0.16979675264227728,0.01306128866479056,0
4451,S1585-2_a,1617,4747,1629,4744,12.36931687685298,13,8.981150474329393,0.6908577287945687,0
4624,S1585-2_a,1851,4900,1854,4888,12.36931687685298,13,5.712431105039014,0.4394177773106934,0
4719,S1585-2_a,1895,4865,1883,4868,12.36931687685298,14,5.2463196305314534,0.3747371164665324,0
4947,S1585-2_a,834,2925,837,2937,12.36931687685298,14,5.003991340420793,0.3574279528871995,0
4995,S1585-2_a,837,2937,834,2925,12.36931687685298,14,5.003991340420793,0.3574279528871995,0
5187,S1585-2_a,985,1633,997,1630,12.36931687685298,14,3.4861334207357406,0.2490095300525529,0
541,S1585-2_a,845,3087,851,3076,12.529964086141668,12,0.3722238765453795,0.031018656378781623,0
1480,S1585-2_a,1062,1183,1073,1177,12.529964086141668,13,5.530710855843825,0.42543929660337115,0
1503,S1585-2_a,1073,1177,1062,1183,12.529964086141668,13,5.530710855843825,0.42543929660337115,0
1770,S1585-2_a,1189,950,1195,961,12.529964086141668,13,5.507779651313382,0.4236753577933371,0
3872,S1585-2_a,1085,4282,1096,4276,12.529964086141668,12,8.21399799812524,0.6844998331771034,0
3876,S1585-2_a,1096,4276,1085,4282,12.529964086141668,12,8.21399799812524,0.6844998331771034,0
4128,S1585-2_a,1195,961,1189,950,12.529964086141668,13,5.507779651313383,0.42367535779333715,0
4645,S1585-2_a,1858,4875,1852,4886,12.529964086141668,12,7.596385417361946,0.6330321181134955,0
5021,S1585-2_a,851,3076,845,3087,12.529964086141668,12,0.3722238765453795,0.031018656378781623,0
5530,S1585-2_a,1852,4886,1858,4875,12.529964086141668,12,7.596385417361945,0.6330321181134954,0
278,S1585-2_a,812,2221,800,2217,12.649110640673518,14,1.3347145718406686,0.09533675513147633,0
1169,S1585-2_a,976,1633,980,1621,12.649110640673518,15,1.7046070724609204,0.11364047149739469,0
1411,S1585-2_a,1035,1338,1047,1342,12.649110640673518,18,4.22520449035412,0.2347335827974511,0
1434,S1585-2_a,1047,1342,1035,1338,12.649110640673518,18,4.22520449035412,0.2347335827974511,0
1471,S1585-2_a,1061,1181,1073,1177,12.649110640673518,13,5.494454185826191,0.4226503219866301,0
1502,S1585-2_a,1073,1177,1061,1181,12.649110640673518,13,5.494454185826192,0.42265032198663016,0
1932,S1585-2_a,1498,4566,1510,4570,12.649110640673518,13,3.931315791058232,0.30240890700447937,0
2054,S1585-2_a,1601,4639,1605,4627,12.649110640673518,15,7.025592705630812,0.4683728470420541,0
2067,S1585-2_a,1605,4627,1601,4639,12.649110640673518,15,7.025592705630812,0.4683728470420541,0
3643,S1585-2_a,980,1621,976,1633,12.649110640673518,15,1.7046070724609206,0.1136404714973947,0
3879,S1585-2_a,1096,4276,1092,4288,12.649110640673518,14,8.082241778845036,0.5773029842032169,0
3894,S1585-2_a,1097,4270,1085,4266,12.649110640673518,13,6.9069344354328175,0.5313026488794474,0
4392,S1585-2_a,1510,4570,1498,4566,12.649110640673518,13,3.931315791058232,0.30240890700447937,0
4856,S1585-2_a,800,2217,812,2221,12.649110640673518,14,1.3347145718406686,0.09533675513147633,0
5295,S1585-2_a,1085,4266,1097,4270,12.649110640673518,13,6.9069344354328175,0.5313026488794474,0
5305,S1585-2_a,1092,4288,1096,4276,12.649110640673518,14,8.082241778845036,0.5773029842032169,0
4165,S1585-2_a,1203,941,1212,950,12.727922061357855,11,5.875724522888947,0.5341567748080861,0
5367,S1585-2_a,1212,950,1203,941,12.727922061357855,11,5.875724522888947,0.5341567748080861,0
1157,S1585-2_a,979,1615,989,1623,12.806248474865697,23,4.5585676368000385,0.1981985929043495,0
1757,S1585-2_a,1187,951,1195,961,12.806248474865697,13,5.543259893076469,0.4264046071597284,0
2445,S1585-2_a,1892,4868,1902,4876,12.806248474865697,15,5.199495390454171,0.34663302603027807,0
2457,S1585-2_a,1902,4876,1892,4868,12.806248474865697,15,5.199495390454172,0.3466330260302781,0
4135,S1585-2_a,1195,961,1187,951,12.806248474865697,13,5.543259893076469,0.4264046071597284,0
4262,S1585-2_a,1319,560,1329,552,12.806248474865697,11,6.985189993579603,0.6350172721436003,0
4287,S1585-2_a,1329,552,1319,560,12.806248474865697,11,6.985189993579602,0.6350172721436002,0
5214,S1585-2_a,989,1623,979,1615,12.806248474865697,23,4.558567636800041,0.19819859290434963,0
1522,S1585-2_a,1100,4288,1113,4288,13.0,15,5.638215345782875,0.3758810230521917,0
1901,S1585-2_a,1489,4583,1502,4583,13.0,14,8.20374002306012,0.5859814302185801,0
3997,S1585-2_a,1159,917,1159,930,13.0,14,8.133960968278826,0.5809972120199162,0
4015,S1585-2_a,1159,930,1159,917,13.0,14,8.133960968278828,0.5809972120199163,0
4382,S1585-2_a,1502,4583,1489,4583,13.0,14,8.20374002306012,0.5859814302185801,0
5319,S1585-2_a,1113,4288,1100,4288,13.0,15,5.638215345782875,0.3758810230521917,0
1178,S1585-2_a,984,1629,973,1622,13.038404810405298,17,1.926897541896611,0.1133469142292124,0
1182,S1585-2_a,984,1629,997,1630,13.038404810405298,22,3.8726660573560054,0.17603027533436388,0
1214,S1585-2_a,977,1644,988,1637,13.038404810405298,13,4.772353045395506,0.3671040804150389,0
1584,S1585-2_a,1117,4270,1130,4269,13.038404810405298,14,3.0044050336876964,0.21460035954912118,0
1712,S1585-2_a,1180,932,1181,945,13.038404810405298,14,6.993986350095037,0.49957045357821694,0
1723,S1585-2_a,1181,945,1180,932,13.038404810405298,14,6.993986350095039,0.49957045357821706,0
1976,S1585-2_a,1508,4549,1507,4562,13.038404810405298,15,5.427815765744333,0.36185438438295553,0
2050,S1585-2_a,1602,4630,1615,4631,13.038404810405298,20,6.360657083043016,0.31803285415215077,0
2993,S1585-2_a,842,2143,841,2156,13.038404810405298,14,6.504334186738524,0.4645952990527517,0
3193,S1585-2_a,862,2029,863,2042,13.038404810405298,14,8.162815501536445,0.583058250109746,0
3197,S1585-2_a,863,2042,862,2029,13.038404810405298,14,8.162815501536445,0.583058250109746,0
3577,S1585-2_a,973,1622,984,1629,13.038404810405298,17,1.9268975418966112,0.11334691422921242,0
3692,S1585-2_a,997,1630,984,1629,13.038404810405298,22,3.872666057356006,0.1760302753343639,0
3880,S1585-2_a,1096,4276,1095,4289,13.038404810405298,14,7.8009333736014455,0.5572095266858176,0
3889,S1585-2_a,1098,4265,1085,4266,13.038404810405298,14,6.038402918312361,0.43131449416516865,0
3939,S1585-2_a,1130,4269,1117,4270,13.038404810405298,14,3.004405033687696,0.21460035954912113,0
4431,S1585-2_a,1615,4631,1602,4630,13.038404810405298,20,6.360657083043017,0.3180328541521508,0
4956,S1585-2_a,841,2156,842,2143,13.038404810405298,14,6.504334186738525,0.4645952990527518,0
5206,S1585-2_a,988,1637,977,1644,13.038404810405298,13,4.772353045395507,0.367104080415039,0
5293,S1585-2_a,1085,4266,1098,4265,13.038404810405298,14,6.038402918312363,0.43131449416516876,0
5307,S1585-2_a,1095,4289,1096,4276,13.038404810405298,14,7.800933373601445,0.5572095266858175,0
5446,S1585-2_a,1507,4562,1508,4549,13.038404810405298,15,5.4278157657443336,0.3618543843829556,0
1728,S1585-2_a,1181,945,1179,958,13.152946437965905,14,7.661840138949847,0.5472742956392748,0
2346,S1585-2_a,1874,4867,1876,4854,13.152946437965905,15,4.475038350404982,0.2983358900269988,0
2994,S1585-2_a,842,2143,844,2156,13.152946437965905,14,6.439246616393271,0.45994618688523364,0
4961,S1585-2_a,844,2156,842,2143,13.152946437965905,14,6.439246616393271,0.45994618688523364,0
5353,S1585-2_a,1179,958,1181,945,13.152946437965905,14,7.661840138949845,0.5472742956392747,0
5643,S1585-2_a,1876,4854,1874,4867,13.152946437965905,15,4.475038350404984,0.2983358900269989,0
26,S1585-2_a,740,2460,743,2473,13.341664064126334,14,8.14749497986741,0.5819639271333864,0
926,S1585-2_a,943,1878,956,1875,13.341664064126334,14,6.400932983442815,0.45720949881734396,0
952,S1585-2_a,950,1677,947,1690,13.341664064126334,16,5.071096096230578,0.3169435060144111,0
1100,S1585-2_a,968,1561,971,1548,13.341664064126334,14,6.4484261323732115,0.46060186659808655,0
1771,S1585-2_a,1189,950,1202,953,13.341664064126334,14,6.111988683898201,0.43657062027844296,0
2510,S1585-2_a,743,2473,740,2460,13.341664064126334,14,8.147494979867414,0.5819639271333867,0
3443,S1585-2_a,947,1690,950,1677,13.341664064126334,16,5.07109609623058,0.31694350601441124,0
3496,S1585-2_a,956,1875,943,1878,13.341664064126334,14,6.400932983442816,0.457209498817344,0
3542,S1585-2_a,972,1636,985,1633,13.341664064126334,16,2.9039950456394408,0.18149969035246505,0
3561,S1585-2_a,971,1548,968,1561,13.341664064126334,14,6.44842613237321,0.4606018665980864,0
4171,S1585-2_a,1202,953,1189,950,13.341664064126334,14,6.111988683898202,0.436570620278443,0
4484,S1585-2_a,1632,4723,1645,4726,13.341664064126334,14,7.629571384532292,0.5449693846094494,0
4501,S1585-2_a,1645,4726,1632,4723,13.341664064126334,14,7.629571384532291,0.5449693846094493,0
4704,S1585-2_a,1890,4895,1893,4882,13.341664064126334,14,4.5450565342945,0.32464689530675,0
5188,S1585-2_a,985,1633,972,1636,13.341664064126334,16,2.90399504563944,0.181499690352465,0
5690,S1585-2_a,1893,4882,1890,4895,13.341664064126334,14,4.5450565342945,0.32464689530675,0
815,S1585-2_a,921,3910,909,3916,13.416407864998739,13,8.823815978125644,0.6787550752404342,0
1666,S1585-2_a,1175,957,1181,945,13.416407864998739,13,7.516593845310306,0.5781995265623312,0
1727,S1585-2_a,1181,945,1175,957,13.416407864998739,13,7.516593845310306,0.5781995265623312,0
1872,S1585-2_a,1433,4522,1421,4516,13.416407864998739,14,4.905999639029586,0.35042854564497045,0
3343,S1585-2_a,899,3835,905,3823,13.416407864998739,16,3.4349565519824035,0.21468478449890022,0
3376,S1585-2_a,905,3823,899,3835,13.416407864998739,16,3.434956551982403,0.2146847844989002,0
3396,S1585-2_a,909,3916,921,3910,13.416407864998739,13,8.823815978125644,0.6787550752404342,0
4305,S1585-2_a,1421,4516,1433,4522,13.416407864998739,14,4.905999639029586,0.35042854564497045,0
3118,S1585-2_a,854,2923,864,2914,13.45362404707371,12,9.566959145006427,0.7972465954172022,0
3209,S1585-2_a,864,2914,854,2923,13.45362404707371,12,9.566959145006427,0.7972465954172022,0
4031,S1585-2_a,1160,4367,1170,4376,13.45362404707371,11,8.966452184374168,0.815132016761288,0
4086,S1585-2_a,1170,4376,1160,4367,13.45362404707371,11,8.966452184374166,0.8151320167612878,0
4371,S1585-2_a,1500,4579,1510,4570,13.45362404707371,11,8.349565498697645,0.7590514089725132,0
4394,S1585-2_a,1510,4570,1500,4579,13.45362404707371,11,8.349565498697645,0.7590514089725132,0
4643,S1585-2_a,1858,4875,1849,4885,13.45362404707371,11,7.919403157677201,0.7199457416070183,0
5521,S1585-2_a,1849,4885,1858,4875,13.45362404707371,11,7.919403157677203,0.7199457416070184,0
453,S1585-2_a,846,2156,842,2143,13.601470508735444,15,6.612788006173623,0.4408525337449082,0
656,S1585-2_a,857,3002,853,3015,13.601470508735444,14,7.514106695349079,0.5367219068106485,0
1199,S1585-2_a,977,1644,985,1633,13.601470508735444,12,4.987819663507272,0.415651638625606,0
2261,S1585-2_a,1844,4915,1857,4919,13.601470508735444,14,7.365892195112929,0.5261351567937806,0
2291,S1585-2_a,1857,4919,1844,4915,13.601470508735444,14,7.36589219511293,0.5261351567937808,0
2330,S1585-2_a,1862,4888,1858,4875,13.601470508735444,15,7.969689361673256,0.5313126241115503,0
2355,S1585-2_a,1878,4864,1891,4860,13.601470508735444,16,5.3905130754653765,0.33690706721658603,0
2995,S1585-2_a,842,2143,846,2156,13.601470508735444,15,6.612788006173622,0.4408525337449081,0
3016,S1585-2_a,843,2053,835,2064,13.601470508735444,16,7.278724125011721,0.4549202578132326,0
3139,S1585-2_a,853,3015,857,3002,13.601470508735444,14,7.514106695349077,0.5367219068106484,0
3980,S1585-2_a,1148,922,1159,930,13.601470508735444,12,9.16041475213268,0.7633678960110567,0
4017,S1585-2_a,1159,930,1148,922,13.601470508735444,12,9.160414752132679,0.7633678960110566,0
4649,S1585-2_a,1858,4875,1862,4888,13.601470508735444,15,7.969689361673256,0.5313126241115503,0
4980,S1585-2_a,835,2064,843,2053,13.601470508735444,16,7.278724125011722,0.45492025781323264,0
5190,S1585-2_a,985,1633,977,1644,13.601470508735444,12,4.987819663507272,0.415651638625606,0
5677,S1585-2_a,1891,4860,1878,4864,13.601470508735444,16,5.390513075465376,0.336907067216586,0
158,S1585-2_a,789,3036,801,3043,13.892443989449804,13,7.548603666867734,0.5806618205282873,0
430,S1585-2_a,830,2925,837,2937,13.892443989449804,15,5.501349775323522,0.3667566516882348,0
583,S1585-2_a,847,2935,854,2923,13.892443989449804,15,8.936303536933135,0.5957535691288757,0
1085,S1585-2_a,966,1555,973,1567,13.892443989449804,13,4.850235253353737,0.37309501948874896,0
1183,S1585-2_a,984,1629,972,1636,13.892443989449804,13,2.566886990793174,0.19745284544562877,0
2710,S1585-2_a,801,3043,789,3036,13.892443989449804,13,7.548603666867735,0.5806618205282873,0
3121,S1585-2_a,854,2923,847,2935,13.892443989449804,15,8.936303536933135,0.5957535691288757,0
3547,S1585-2_a,972,1636,984,1629,13.892443989449804,13,2.566886990793174,0.19745284544562877,0
3591,S1585-2_a,973,1567,966,1555,13.892443989449804,13,4.850235253353737,0.37309501948874896,0
4095,S1585-2_a,1176,861,1183,873,13.892443989449804,13,8.783444765443168,0.6756495973417821,0
4098,S1585-2_a,1183,873,1176,861,13.892443989449804,13,8.783444765443166,0.675649597341782,0
4263,S1585-2_a,1319,560,1326,548,13.892443989449804,13,7.456756364200615,0.5735966434000473,0
4285,S1585-2_a,1326,548,1319,560,13.892443989449804,13,7.456756364200614,0.5735966434000472,0
4994,S1585-2_a,837,2937,830,2925,13.892443989449804,15,5.501349775323522,0.3667566516882348,0
530,S1585-2_a,839,2936,844,2923,13.92838827718412,17,7.136078837056463,0.41976934335626254,0
562,S1585-2_a,844,2923,839,2936,13.92838827718412,17,7.136078837056464,0.4197693433562626,0
1369,S1585-2_a,1029,1275,1024,1288,13.92838827718412,16,5.955624223011459,0.3722265139382162,0
3776,S1585-2_a,1024,1288,1029,1275,13.92838827718412,16,5.955624223011461,0.3722265139382163,0
4030,S1585-2_a,1160,4367,1173,4372,13.92838827718412,14,9.435879435454636,0.6739913882467597,0
4090,S1585-2_a,1173,4372,1160,4367,13.92838827718412,14,9.435879435454634,0.6739913882467595,0
4623,S1585-2_a,1851,4900,1846,4887,13.92838827718412,14,6.00527384899518,0.4289481320710843,0
5516,S1585-2_a,1846,4887,1851,4900,13.92838827718412,14,6.005273848995181,0.42894813207108434,0
2512,S1585-2_a,743,2473,743,2459,14.0,16,8.874270125275,0.5546418828296875,0
4775,S1585-2_a,743,2459,743,2473,14.0,16,8.874270125275,0.5546418828296875,0
566,S1585-2_a,844,2923,845,2937,14.035668847618199,15,7.562297574227138,0.5041531716151425,0
569,S1585-2_a,846,2923,845,2937,14.035668847618199,15,7.612771578696668,0.5075181052464445,0
895,S1585-2_a,939,1666,938,1652,14.035668847618199,15,9.564048044107839,0.6376032029405226,0
2447,S1585-2_a,1892,4868,1893,4882,14.035668847618199,15,3.5344336916441206,0.2356289127762747,0
3432,S1585-2_a,938,1652,939,1666,14.035668847618199,15,9.56404804410784,0.6376032029405228,0
3539,S1585-2_a,972,1636,973,1622,14.035668847618199,15,3.8633567081669287,0.25755711387779523,0
3584,S1585-2_a,973,1622,972,1636,14.035668847618199,15,3.8633567081669273,0.2575571138777952,0
5015,S1585-2_a,845,2937,846,2923,14.035668847618199,15,7.612771578696667,0.5075181052464445,0
5016,S1585-2_a,845,2937,844,2923,14.035668847618199,15,7.562297574227137,0.5041531716151425,0
5687,S1585-2_a,1893,4882,1892,4868,14.035668847618199,15,3.5344336916441206,0.2356289127762747,0
521,S1585-2_a,835,2941,849,2943,14.142135623730951,16,5.208099134222324,0.32550619588889523,0
607,S1585-2_a,852,3070,862,3060,14.142135623730951,15,0.5856516134094912,0.03904344089396608,0
617,S1585-2_a,852,2158,838,2156,14.142135623730951,15,1.3975981677145048,0.09317321118096698,0
683,S1585-2_a,862,3060,852,3070,14.142135623730951,15,0.5856516134094912,0.03904344089396608,0
1198,S1585-2_a,977,1644,975,1630,14.142135623730951,21,5.256608247756854,0.2503146784646121,0
1213,S1585-2_a,977,1644,987,1634,14.142135623730951,13,4.821790881988605,0.37090699092220036,0
1353,S1585-2_a,1027,1261,1029,1275,14.142135623730951,15,7.203889446983675,0.48025929646557836,0
1366,S1585-2_a,1029,1275,1027,1261,14.142135623730951,15,7.203889446983676,0.4802592964655784,0
1514,S1585-2_a,1087,4268,1085,4282,14.142135623730951,15,8.996729782935112,0.5997819855290075,0
1544,S1585-2_a,1106,4266,1096,4276,14.142135623730951,12,7.893005711950562,0.6577504759958802,0
1897,S1585-2_a,1488,4581,1502,4583,14.142135623730951,15,8.198373204743412,0.5465582136495608,0
1997,S1585-2_a,1514,4556,1504,4566,14.142135623730951,13,4.744613000990455,0.36497023084541963,0
2126,S1585-2_a,1631,4745,1617,4747,14.142135623730951,15,10.156946413161698,0.6771297608774466,0
3060,S1585-2_a,849,2943,835,2941,14.142135623730951,16,5.208099134222323,0.3255061958888952,0
3436,S1585-2_a,938,1652,936,1666,14.142135623730951,15,9.377445644171589,0.6251630429447725,0
3536,S1585-2_a,970,1594,980,1604,14.142135623730951,11,8.527068900650228,0.7751880818772935,0
3635,S1585-2_a,980,1604,970,1594,14.142135623730951,11,8.527068900650226,0.7751880818772933,0
3870,S1585-2_a,1085,4282,1087,4268,14.142135623730951,15,8.99672978293511,0.5997819855290074,0
3883,S1585-2_a,1096,4276,1106,4266,14.142135623730951,12,7.893005711950563,0.6577504759958802,0
4308,S1585-2_a,1421,4516,1435,4514,14.142135623730951,15,4.7327426617955215,0.3155161774530348,0
4379,S1585-2_a,1502,4583,1488,4581,14.142135623730951,15,8.198373204743412,0.5465582136495608,0
4449,S1585-2_a,1617,4747,1631,4745,14.142135623730951,15,10.156946413161698,0.6771297608774466,0
4954,S1585-2_a,838,2156,852,2158,14.142135623730951,15,1.3975981677145048,0.09317321118096698,0
5089,S1585-2_a,936,1666,938,1652,14.142135623730951,15,9.377445644171585,0.6251630429447723,0
5160,S1585-2_a,975,1630,977,1644,14.142135623730951,21,5.256608247756855,0.25031467846461214,0
5198,S1585-2_a,987,1634,977,1644,14.142135623730951,13,4.821790881988607,0.37090699092220053,0
5420,S1585-2_a,1435,4514,1421,4516,14.142135623730951,15,4.732742661795521,0.31551617745303473,0
5434,S1585-2_a,1504,4566,1514,4556,14.142135623730951,13,4.744613000990453,0.36497023084541946,0
429,S1585-2_a,830,2925,839,2936,14.212670403551895,16,5.969179352114232,0.3730737095071395,0
524,S1585-2_a,839,2936,830,2925,14.212670403551895,16,5.9691793521142325,0.37307370950713953,0
3930,S1585-2_a,1124,4200,1133,4211,14.212670403551895,20,0.382186761511397,0.019109338075569852,0
4492,S1585-2_a,1642,4737,1651,4726,14.212670403551895,12,7.558982706203535,0.6299152255169612,0
4530,S1585-2_a,1651,4726,1642,4737,14.212670403551895,12,7.558982706203535,0.6299152255169612,0
5339,S1585-2_a,1133,4211,1124,4200,14.212670403551895,20,0.382186761511397,0.019109338075569852,0
489,S1585-2_a,834,3685,847,3679,14.317821063276353,15,7.550250537860818,0.5033500358573879,0
587,S1585-2_a,847,3679,834,3685,14.317821063276353,15,7.550250537860819,0.5033500358573879,0
600,S1585-2_a,849,3681,855,3694,14.317821063276353,14,8.96782031194066,0.6405585937100471,0
632,S1585-2_a,855,3694,849,3681,14.317821063276353,14,8.96782031194066,0.6405585937100471,0
1975,S1585-2_a,1508,4549,1505,4563,14.317821063276353,15,5.769754436215196,0.3846502957476797,0
2030,S1585-2_a,1530,4564,1527,4578,14.317821063276353,15,5.514705044603778,0.36764700297358516,0
2058,S1585-2_a,1601,4639,1607,4626,14.317821063276353,17,7.849413672701009,0.4617302160412358,0
2071,S1585-2_a,1607,4626,1601,4639,14.317821063276353,17,7.849413672701008,0.46173021604123576,0
3435,S1585-2_a,938,1652,951,1658,14.317821063276353,14,10.826380847331546,0.773312917666539,0
3474,S1585-2_a,951,1658,938,1652,14.317821063276353,14,10.826380847331546,0.773312917666539,0
3873,S1585-2_a,1085,4282,1099,4279,14.317821063276353,15,9.37973678348886,0.625315785565924,0
3903,S1585-2_a,1099,4279,1085,4282,14.317821063276353,15,9.379736783488859,0.6253157855659239,0
4411,S1585-2_a,1527,4578,1530,4564,14.317821063276353,15,5.514705044603778,0.36764700297358516,0
5438,S1585-2_a,1505,4563,1508,4549,14.317821063276353,15,5.769754436215196,0.3846502957476797,0
259,S1585-2_a,808,3474,820,3466,14.422205101855956,13,6.49006174801539,0.4992355190781069,0
444,S1585-2_a,837,2925,845,2937,14.422205101855956,17,7.433709554373952,0.4372770326102325,0
813,S1585-2_a,921,3908,909,3916,14.422205101855956,13,8.800856585980062,0.6769889681523125,0
2546,S1585-2_a,766,3446,778,3454,14.422205101855956,13,9.719356360259606,0.7476427969430467,0
2615,S1585-2_a,778,3454,766,3446,14.422205101855956,13,9.719356360259606,0.7476427969430467,0
2808,S1585-2_a,820,3466,808,3474,14.422205101855956,13,6.490061748015389,0.49923551907810687,0
3281,S1585-2_a,884,3605,872,3613,14.422205101855956,19,2.649067871776165,0.13942462483032447,0
3395,S1585-2_a,909,3916,921,3908,14.422205101855956,13,8.800856585980066,0.6769889681523128,0
3959,S1585-2_a,1140,4196,1132,4208,14.422205101855956,32,3.1302790902093767,0.09782122156904302,0
5018,S1585-2_a,845,2937,837,2925,14.422205101855956,17,7.433709554373953,0.43727703261023254,0
5046,S1585-2_a,872,3613,884,3605,14.422205101855956,19,2.6490678717761647,0.13942462483032445,0
5336,S1585-2_a,1132,4208,1140,4196,14.422205101855956,32,3.1302790902093762,0.09782122156904301,0
785,S1585-2_a,896,3938,892,3952,14.560219778561036,15,4.488303909725869,0.29922026064839125,0
2343,S1585-2_a,1874,4867,1878,4853,14.560219778561036,18,4.611958676149716,0.25621992645276204,0
3301,S1585-2_a,892,3952,896,3938,14.560219778561036,15,4.48830390972587,0.2992202606483913,0
5647,S1585-2_a,1878,4853,1874,4867,14.560219778561036,18,4.611958676149718,0.2562199264527621,0
1545,S1585-2_a,1106,4266,1099,4279,14.7648230602334,14,8.568099826618559,0.6120071304727542,0
1788,S1585-2_a,1196,928,1203,941,14.7648230602334,14,7.851971915014621,0.5608551367867587,0
2076,S1585-2_a,1611,4747,1618,4734,14.7648230602334,14,10.952094622692128,0.7822924730494377,0
2110,S1585-2_a,1618,4734,1611,4747,14.7648230602334,14,10.952094622692128,0.7822924730494377,0
3050,S1585-2_a,847,2038,860,2045,14.7648230602334,14,8.180448273010773,0.5843177337864838,0
3168,S1585-2_a,860,2045,847,2038,14.7648230602334,14,8.180448273010775,0.5843177337864839,0
3911,S1585-2_a,1099,4279,1106,4266,14.7648230602334,14,8.56809982661856,0.6120071304727543,0
4148,S1585-2_a,1201,4288,1208,4275,14.7648230602334,14,1.558138236212229,0.1112955883008735,0
4162,S1585-2_a,1203,941,1196,928,14.7648230602334,14,7.85197191501462,0.5608551367867586,0
4178,S1585-2_a,1208,4275,1201,4288,14.7648230602334,14,1.5581382362122291,0.11129558830087351,0
538,S1585-2_a,842,3089,828,3094,14.866068747318506,17,1.6588932620689487,0.0975819565922911,0
1188,S1585-2_a,987,1627,973,1622,14.866068747318506,19,2.163711102418267,0.11387953170622457,0
2880,S1585-2_a,828,3094,842,3089,14.866068747318506,17,1.6588932620689485,0.09758195659229109,0
2930,S1585-2_a,837,3047,848,3037,14.866068747318506,12,7.472275133545523,0.6226895944621269,0
3078,S1585-2_a,848,3037,837,3047,14.866068747318506,12,7.472275133545523,0.6226895944621269,0
3579,S1585-2_a,973,1622,987,1627,14.866068747318506,19,2.163711102418267,0.11387953170622457,0
5141,S1585-2_a,978,1613,989,1623,14.866068747318506,25,5.172262413838885,0.2068904965535554,0
5216,S1585-2_a,989,1623,978,1613,14.866068747318506,25,5.172262413838887,0.20689049655355546,0
612,S1585-2_a,851,2033,860,2045,15.0,13,9.662111574630831,0.7432393518946794,0
613,S1585-2_a,851,2033,863,2042,15.0,13,9.678173395911502,0.744474876608577,0
615,S1585-2_a,852,2158,861,2146,15.0,16,0.4018578790727124,0.025116117442044526,0
634,S1585-2_a,855,3694,855,3709,15.0,22,5.148928599005226,0.23404220904569206,0
643,S1585-2_a,855,3709,855,3694,15.0,22,5.148928599005226,0.23404220904569206,0
2046,S1585-2_a,1600,4631,1615,4631,15.0,21,6.9604799927935534,0.33145142822826446,0
2292,S1585-2_a,1857,4919,1845,4910,15.0,14,8.651996632634276,0.6179997594738769,0
3170,S1585-2_a,860,2045,851,2033,15.0,13,9.662111574630833,0.7432393518946795,0
3186,S1585-2_a,861,2146,852,2158,15.0,16,0.40185787907271237,0.025116117442044523,0
3196,S1585-2_a,863,2042,851,2033,15.0,13,9.678173395911502,0.744474876608577,0
3300,S1585-2_a,892,3952,901,3940,15.0,13,5.112868537043474,0.39329757977257496,0
3370,S1585-2_a,901,3940,892,3952,15.0,13,5.112868537043474,0.39329757977257496,0
4080,S1585-2_a,1169,4298,1157,4289,15.0,20,6.114903626983326,0.3057451813491663,0
4428,S1585-2_a,1615,4631,1600,4631,15.0,21,6.960479992793554,0.3314514282282645,0
4619,S1585-2_a,1845,4910,1857,4919,15.0,14,8.651996632634274,0.6179997594738768,0
5346,S1585-2_a,1157,4289,1169,4298,15.0,20,6.114903626983327,0.30574518134916634,0
623,S1585-2_a,853,2155,838,2156,15.033296378372908,16,1.3800285632786875,0.08625178520491797,0
939,S1585-2_a,946,1675,947,1690,15.033296378372908,17,5.105373839987788,0.3003161082345758,0
1965,S1585-2_a,1506,4547,1507,4562,15.033296378372908,18,5.429508904957604,0.3016393836087558,0
1974,S1585-2_a,1508,4549,1509,4564,15.033296378372908,16,5.459901409520325,0.3412438380950203,0
2156,S1585-2_a,1805,4880,1820,4879,15.033296378372908,16,8.837936955917474,0.5523710597448421,0
2189,S1585-2_a,1820,4879,1805,4880,15.033296378372908,16,8.837936955917474,0.5523710597448421,0
3442,S1585-2_a,947,1690,946,1675,15.033296378372908,17,5.105373839987789,0.30031610823457583,0
3495,S1585-2_a,956,1875,941,1876,15.033296378372908,16,6.996537494792124,0.43728359342450773,0
4951,S1585-2_a,838,2156,853,2155,15.033296378372908,16,1.3800285632786873,0.08625178520491796,0
5091,S1585-2_a,941,1876,956,1875,15.033296378372908,16,6.996537494792123,0.4372835934245077,0
5445,S1585-2_a,1507,4562,1506,4547,15.033296378372908,18,5.429508904957605,0.30163938360875586,0
5454,S1585-2_a,1509,4564,1508,4549,15.033296378372908,16,5.459901409520325,0.3412438380950203,0
1636,S1585-2_a,1153,986,1168,984,15.132745950421556,16,8.215205293926514,0.5134503308704071,0
2333,S1585-2_a,1863,4855,1861,4870,15.132745950421556,17,8.13887795724212,0.47875752689659523,0
2383,S1585-2_a,1883,4868,1881,4853,15.132745950421556,20,5.005796140023779,0.25028980700118897,0
2456,S1585-2_a,1902,4876,1904,4861,15.132745950421556,16,9.242993806956743,0.5776871129347965,0
2470,S1585-2_a,1904,4861,1902,4876,15.132745950421556,16,9.242993806956742,0.5776871129347964,0
3556,S1585-2_a,972,1636,987,1634,15.132745950421556,18,2.7705891774529245,0.15392162096960693,0
4056,S1585-2_a,1168,984,1153,986,15.132745950421556,16,8.215205293926513,0.513450330870407,0
4622,S1585-2_a,1851,4900,1849,4885,15.132745950421556,24,6.468873800222686,0.2695364083426119,0
4656,S1585-2_a,1861,4870,1863,4855,15.132745950421556,17,8.138877957242123,0.47875752689659545,0
5196,S1585-2_a,987,1634,972,1636,15.132745950421556,18,2.7705891774529237,0.15392162096960688,0
5525,S1585-2_a,1849,4885,1851,4900,15.132745950421556,24,6.468873800222687,0.26953640834261194,0
5653,S1585-2_a,1881,4853,1883,4868,15.132745950421556,20,5.005796140023778,0.25028980700118886,0
3140,S1585-2_a,853,3015,861,3028,15.264337522473747,20,2.8574474729778747,0.14287237364889374,0
4386,S1585-2_a,1502,4583,1510,4570,15.264337522473747,14,8.612627642161161,0.6151876887257972,0
4391,S1585-2_a,1510,4570,1502,4583,15.264337522473747,14,8.612627642161161,0.6151876887257972,0
5029,S1585-2_a,861,3028,853,3015,15.264337522473747,20,2.8574474729778747,0.14287237364889374,0
458,S1585-2_a,832,2041,847,2038,15.297058540778355,16,9.777671739159741,0.6111044836974838,0
2095,S1585-2_a,1617,4726,1632,4723,15.297058540778355,16,11.485375656001848,0.7178359785001155,0
3045,S1585-2_a,847,2038,832,2041,15.297058540778355,16,9.777671739159743,0.6111044836974839,0
3119,S1585-2_a,854,2923,869,2920,15.297058540778355,16,10.053101941680088,0.6283188713550055,0
3233,S1585-2_a,869,2920,854,2923,15.297058540778355,16,10.053101941680087,0.6283188713550054,0
4194,S1585-2_a,1232,824,1247,821,15.297058540778355,16,2.412272349771144,0.1507670218606965,0
4210,S1585-2_a,1247,821,1232,824,15.297058540778355,16,2.412272349771144,0.1507670218606965,0
4481,S1585-2_a,1632,4723,1617,4726,15.297058540778355,16,11.485375656001848,0.7178359785001155,0
491,S1585-2_a,834,3685,849,3681,15.524174696260024,17,7.935204285948057,0.4667767227028269,0
595,S1585-2_a,849,3681,834,3685,15.524174696260024,17,7.935204285948057,0.4667767227028269,0
1150,S1585-2_a,979,1615,975,1630,15.524174696260024,19,4.018033683631048,0.21147545703321305,0
1205,S1585-2_a,977,1644,981,1629,15.524174696260024,16,5.13049826463429,0.3206561415396431,0
1794,S1585-2_a,1205,4303,1201,4288,15.524174696260024,18,2.3302058457520642,0.12945588031955912,0
2161,S1585-2_a,1805,4883,1820,4879,15.524174696260024,17,9.41849701018898,0.5540292358934694,0
2188,S1585-2_a,1820,4879,1805,4883,15.524174696260024,17,9.418497010188979,0.5540292358934693,0
2480,S1585-2_a,1992,4866,1977,4862,15.524174696260024,22,1.392993545034905,0.0633178884106775,0
2814,S1585-2_a,820,3750,824,3765,15.524174696260024,16,10.565056738053794,0.6603160461283621,0
2844,S1585-2_a,824,3765,820,3750,15.524174696260024,16,10.565056738053796,0.6603160461283623,0
3010,S1585-2_a,843,2053,847,2038,15.524174696260024,16,8.335299497334208,0.520956218583388,0
3046,S1585-2_a,847,2038,843,2053,15.524174696260024,16,8.335299497334207,0.5209562185833879,0
3963,S1585-2_a,1144,921,1159,917,15.524174696260024,16,9.832949763632906,0.6145593602270566,0
3998,S1585-2_a,1159,917,1144,921,15.524174696260024,16,9.832949763632904,0.6145593602270565,0
4150,S1585-2_a,1201,4288,1205,4303,15.524174696260024,18,2.3302058457520642,0.12945588031955912,0
4731,S1585-2_a,1977,4862,1992,4866,15.524174696260024,22,1.392993545034905,0.0633178884106775,0
5154,S1585-2_a,975,1630,979,1615,15.524174696260024,19,4.018033683631048,0.21147545703321305,0
5182,S1585-2_a,981,1629,977,1644,15.524174696260024,16,5.130498264634289,0.32065614153964306,0
449,S1585-2_a,831,2154,842,2143,15.556349186104045,15,6.3770301104947364,0.4251353406996491,0
899,S1585-2_a,939,1666,950,1677,15.556349186104045,15,3.4471865765014114,0.2298124384334274,0
944,S1585-2_a,950,1677,939,1666,15.556349186104045,15,3.447186576501411,0.22981243843342739,0
2989,S1585-2_a,842,2143,831,2154,15.556349186104045,15,6.3770301104947364,0.4251353406996491,0
4170,S1585-2_a,1203,941,1214,952,15.556349186104045,14,6.3311713994831615,0.45222652853451156,0
5368,S1585-2_a,1214,952,1203,941,15.556349186104045,14,6.331171399483161,0.45222652853451145,0
3163,S1585-2_a,858,2748,870,2738,15.620499351813308,14,9.85568481927861,0.7039774870913292,0
3241,S1585-2_a,870,2738,858,2748,15.620499351813308,14,9.855684819278611,0.7039774870913293,0
565,S1585-2_a,844,2923,837,2937,15.652475842498529,20,6.786697632201427,0.33933488161007136,0
1432,S1585-2_a,1047,1342,1054,1328,15.652475842498529,19,4.613793371535455,0.24283123008081342,0
1456,S1585-2_a,1054,1328,1047,1342,15.652475842498529,19,4.613793371535456,0.24283123008081348,0
2345,S1585-2_a,1874,4867,1881,4853,15.652475842498529,21,4.618700405539028,0.2199381145494775,0
2384,S1585-2_a,1883,4868,1876,4854,15.652475842498529,17,5.0125963222935015,0.29485860719373536,0
5000,S1585-2_a,837,2937,844,2923,15.652475842498529,20,6.786697632201427,0.33933488161007136,0
5644,S1585-2_a,1876,4854,1883,4868,15.652475842498529,17,5.0125963222935015,0.29485860719373536,0
5652,S1585-2_a,1881,4853,1874,4867,15.652475842498529,21,4.618700405539028,0.2199381145494775,0
52,S1585-2_a,764,3172,769,3187,15.811388300841896,16,11.127603673049537,0.695475229565596,0
461,S1585-2_a,832,2043,847,2038,15.811388300841896,16,10.137950817050587,0.6336219260656617,0
731,S1585-2_a,881,2803,890,2790,15.811388300841896,15,3.3062517659679322,0.22041678439786214,0
892,S1585-2_a,933,1667,938,1652,15.811388300841896,17,10.171806737574329,0.59834157279849,0
2166,S1585-2_a,1807,4888,1820,4879,15.811388300841896,14,9.184114756116495,0.656008196865464,0
2191,S1585-2_a,1820,4879,1807,4888,15.811388300841896,14,9.184114756116493,0.6560081968654637,0
2381,S1585-2_a,1883,4868,1878,4853,15.811388300841896,18,4.995743957984547,0.27754133099914147,0
2471,S1585-2_a,1904,4861,1899,4876,15.811388300841896,18,9.903620953645738,0.5502011640914299,0
2567,S1585-2_a,769,3187,764,3172,15.811388300841896,16,11.127603673049537,0.695475229565596,0
3044,S1585-2_a,847,2038,832,2043,15.811388300841896,16,10.137950817050589,0.6336219260656618,0
3298,S1585-2_a,890,2790,881,2803,15.811388300841896,15,3.3062517659679314,0.22041678439786208,0
3437,S1585-2_a,938,1652,933,1667,15.811388300841896,17,10.171806737574332,0.5983415727984901,0
3497,S1585-2_a,956,1875,965,1862,15.811388300841896,15,6.014333646682832,0.40095557644552215,0
3521,S1585-2_a,965,1862,956,1875,15.811388300841896,15,6.014333646682832,0.40095557644552215,0
5648,S1585-2_a,1878,4853,1883,4868,15.811388300841896,18,4.995743957984547,0.27754133099914147,0
5697,S1585-2_a,1899,4876,1904,4861,15.811388300841896,18,9.903620953645742,0.5502011640914302,0
2695,S1585-2_a,799,3418,815,3418,16.0,17,7.543498304534295,0.4437351943843703,0
2718,S1585-2_a,801,3043,817,3043,16.0,17,9.87184179998266,0.5806965764695682,0
2760,S1585-2_a,815,3418,799,3418,16.0,17,7.543498304534297,0.4437351943843704,0
2787,S1585-2_a,817,3043,801,3043,16.0,17,9.87184179998266,0.5806965764695682,0
5310,S1585-2_a,1097,4288,1113,4288,16.0,17,7.080301682332621,0.41648833425486004,0
5318,S1585-2_a,1113,4288,1097,4288,16.0,17,7.080301682332621,0.41648833425486004,0
512,S1585-2_a,835,2941,834,2925,16.0312195418814,17,5.222696677557803,0.30721745162104724,0
1200,S1585-2_a,977,1644,978,1628,16.0312195418814,18,5.31608361500463,0.29533797861136835,0
1523,S1585-2_a,1100,4288,1116,4287,16.0312195418814,18,6.033866180912723,0.3352147878284846,0
1573,S1585-2_a,1116,4287,1100,4288,16.0312195418814,18,6.033866180912723,0.3352147878284846,0
1964,S1585-2_a,1506,4547,1505,4563,16.0312195418814,18,5.771447575428468,0.32063597641269265,0
2455,S1585-2_a,1902,4876,1901,4860,16.0312195418814,17,10.229819876393528,0.6017541103760898,0
2468,S1585-2_a,1901,4860,1902,4876,16.0312195418814,17,10.229819876393526,0.6017541103760897,0
3557,S1585-2_a,972,1636,988,1637,16.0312195418814,18,2.721151340859825,0.1511750744922125,0
3580,S1585-2_a,973,1622,989,1623,16.0312195418814,24,2.6183244847081473,0.10909685352950614,0
3693,S1585-2_a,997,1630,981,1629,16.0312195418814,22,3.853483588723716,0.1751583449419871,0
3955,S1585-2_a,1135,4271,1151,4270,16.0312195418814,17,4.981041285157736,0.29300242853869035,0
3983,S1585-2_a,1151,4270,1135,4271,16.0312195418814,17,4.981041285157736,0.29300242853869035,0
4940,S1585-2_a,834,2925,835,2941,16.0312195418814,17,5.222696677557802,0.3072174516210472,0
5172,S1585-2_a,978,1628,977,1644,16.0312195418814,18,5.316083615004629,0.2953379786113683,0
5179,S1585-2_a,981,1629,997,1630,16.0312195418814,22,3.8534835887237158,0.1751583449419871,0
5204,S1585-2_a,988,1637,972,1636,16.0312195418814,18,2.7211513408598247,0.15117507449221249,0
5213,S1585-2_a,989,1623,973,1622,16.0312195418814,24,2.6183244847081464,0.1090968535295061,0
5437,S1585-2_a,1505,4563,1506,4547,16.0312195418814,18,5.771447575428468,0.32063597641269265,0
436,S1585-2_a,837,2925,835,2941,16.1245154965971,17,5.1280967473337515,0.30165274984316187,0
518,S1585-2_a,835,2941,837,2925,16.1245154965971,17,5.128096747333753,0.301652749843162,0
680,S1585-2_a,862,3055,860,3039,16.1245154965971,17,3.8786629560343955,0.2281566444726115,0
697,S1585-2_a,868,2754,870,2738,16.1245154965971,18,7.887949390355258,0.4382194105752921,0
2055,S1585-2_a,1601,4639,1615,4631,16.1245154965971,15,9.209256457495934,0.613950430499729,0
3176,S1585-2_a,860,3039,862,3055,16.1245154965971,17,3.8786629560343955,0.2281566444726115,0
3242,S1585-2_a,870,2738,868,2754,16.1245154965971,18,7.887949390355261,0.4382194105752923,0
4429,S1585-2_a,1615,4631,1601,4639,16.1245154965971,15,9.209256457495933,0.6139504304997289,0
620,S1585-2_a,853,2155,842,2143,16.278820596099706,22,6.962014917928752,0.316455223542216,0
1077,S1585-2_a,964,1555,961,1539,16.278820596099706,17,9.315922269516474,0.5479954276186161,0
1547,S1585-2_a,1106,4266,1103,4282,16.278820596099706,17,8.6459146483733,0.5085832146101941,0
1561,S1585-2_a,1113,4188,1124,4200,16.278820596099706,15,0.30756683942198015,0.020504455961465343,0
1852,S1585-2_a,1316,544,1319,560,16.278820596099706,17,10.043188936769855,0.5907758198099915,0
2152,S1585-2_a,1804,4876,1820,4879,16.278820596099706,17,9.871461336047451,0.5806741962380854,0
2169,S1585-2_a,1808,4890,1820,4879,16.278820596099706,14,9.403872421060145,0.6717051729328675,0
2186,S1585-2_a,1820,4879,1808,4890,16.278820596099706,14,9.403872421060143,0.6717051729328674,0
2190,S1585-2_a,1820,4879,1804,4876,16.278820596099706,17,9.871461336047451,0.5806741962380854,0
2339,S1585-2_a,1884,4853,1895,4865,16.278820596099706,17,3.3417741655735,0.19657495091608823,0
2566,S1585-2_a,769,3187,766,3171,16.278820596099706,17,11.034956556344405,0.6491150915496708,0
2988,S1585-2_a,842,2143,853,2155,16.278820596099706,22,6.96201491792875,0.3164552235422159,0
3503,S1585-2_a,961,1539,964,1555,16.278820596099706,17,9.31592226951647,0.5479954276186159,0
3572,S1585-2_a,973,1622,985,1633,16.278820596099706,19,2.4218468076721016,0.1274656214564264,0
3915,S1585-2_a,1103,4282,1106,4266,16.278820596099706,17,8.645914648373301,0.5085832146101942,0
3934,S1585-2_a,1124,4200,1113,4188,16.278820596099706,15,0.3075668394219801,0.02050445596146534,0
4265,S1585-2_a,1319,560,1316,544,16.278820596099706,17,10.043188936769855,0.5907758198099915,0
4266,S1585-2_a,1319,560,1322,544,16.278820596099706,17,8.661553084060992,0.5095031225918231,0
4276,S1585-2_a,1322,544,1319,560,16.278820596099706,17,8.661553084060996,0.5095031225918233,0
4278,S1585-2_a,1321,718,1324,702,16.278820596099706,17,0.3485697600224572,0.020504103530732776,0
4282,S1585-2_a,1324,702,1321,718,16.278820596099706,17,0.34856976002245715,0.020504103530732773,0
4717,S1585-2_a,1895,4865,1884,4853,16.278820596099706,17,3.341774165573499,0.19657495091608818,0
4791,S1585-2_a,766,3171,769,3187,16.278820596099706,17,11.034956556344405,0.6491150915496708,0
4948,S1585-2_a,834,2925,845,2937,16.278820596099706,18,7.618017835962914,0.42322321310905076,0
5009,S1585-2_a,845,2937,834,2925,16.278820596099706,18,7.618017835962914,0.42322321310905076,0
5183,S1585-2_a,985,1633,973,1622,16.278820596099706,19,2.4218468076721016,0.1274656214564264,0
655,S1585-2_a,857,3002,844,2992,16.401219466856727,16,8.274942980788541,0.5171839362992838,0
1599,S1585-2_a,1134,4213,1124,4200,16.401219466856727,22,0.38310541711016727,0.017413882595916693,0
2382,S1585-2_a,1883,4868,1873,4855,16.401219466856727,19,5.002612768721497,0.2632954088800788,0
3027,S1585-2_a,844,2992,857,3002,16.401219466856727,16,8.274942980788538,0.5171839362992836,0
3935,S1585-2_a,1124,4200,1134,4213,16.401219466856727,22,0.38310541711016727,0.017413882595916693,0
5640,S1585-2_a,1873,4855,1883,4868,16.401219466856727,19,5.002612768721497,0.2632954088800788,0
67,S1585-2_a,765,3203,769,3187,16.492422502470642,17,5.994398622675898,0.3526116836868175,0
2569,S1585-2_a,769,3187,765,3203,16.492422502470642,17,5.9943986226759,0.3526116836868176,0
3051,S1585-2_a,847,2038,863,2042,16.492422502470642,17,9.214359809017655,0.5420211652363326,0
3194,S1585-2_a,863,2042,847,2038,16.492422502470642,17,9.214359809017655,0.5420211652363326,0
4648,S1585-2_a,1858,4875,1862,4891,16.492422502470642,17,8.03981518679374,0.47293030510551415,0
5579,S1585-2_a,1862,4891,1858,4875,16.492422502470642,17,8.039815186793739,0.47293030510551404,0
159,S1585-2_a,793,3037,800,3022,16.55294535724685,18,10.440128793286334,0.5800071551825741,0
200,S1585-2_a,800,3022,793,3037,16.55294535724685,18,10.440128793286334,0.5800071551825741,0
445,S1585-2_a,837,2925,844,2940,16.55294535724685,17,7.276695038777077,0.4280408846339457,0
540,S1585-2_a,845,3087,852,3072,16.55294535724685,16,0.43486937391543035,0.027179335869714397,0
580,S1585-2_a,844,2940,837,2925,16.55294535724685,17,7.276695038777078,0.42804088463394574,0
1185,S1585-2_a,984,1629,977,1644,16.55294535724685,16,5.149680733266578,0.32185504582916113,0
1204,S1585-2_a,977,1644,984,1629,16.55294535724685,16,5.14968073326658,0.32185504582916125,0
2257,S1585-2_a,1844,4915,1851,4900,16.55294535724685,16,8.816173724215616,0.551010857763476,0
3956,S1585-2_a,1140,4196,1133,4211,16.55294535724685,35,3.1719828441899676,0.0906280812625705,0
4477,S1585-2_a,1632,4723,1647,4716,16.55294535724685,16,11.12442605039963,0.6952766281499769,0
4513,S1585-2_a,1647,4716,1632,4723,16.55294535724685,16,11.12442605039963,0.6952766281499769,0
4631,S1585-2_a,1851,4900,1844,4915,16.55294535724685,16,8.816173724215616,0.551010857763476,0
5022,S1585-2_a,852,3072,845,3087,16.55294535724685,16,0.4348693739154304,0.0271793358697144,0
5340,S1585-2_a,1133,4211,1140,4196,16.55294535724685,35,3.1719828441899676,0.0906280812625705,0
770,S1585-2_a,900,3930,909,3916,16.64331697709324,16,9.800279025331257,0.6125174390832036,0
1768,S1585-2_a,1189,950,1203,941,16.64331697709324,16,10.19909423074929,0.6374433894218307,0
3122,S1585-2_a,854,2923,845,2937,16.64331697709324,17,9.319994769258358,0.5482349864269622,0
3391,S1585-2_a,909,3916,900,3930,16.64331697709324,16,9.800279025331257,0.6125174390832036,0
4160,S1585-2_a,1203,941,1189,950,16.64331697709324,16,10.199094230749292,0.6374433894218308,0
5014,S1585-2_a,845,2937,854,2923,16.64331697709324,17,9.319994769258358,0.5482349864269622,0
423,S1585-2_a,830,2925,835,2941,16.76305461424021,18,5.720055112460531,0.3177808395811406,0
511,S1585-2_a,835,2941,830,2925,16.76305461424021,18,5.720055112460533,0.31778083958114073,0
1083,S1585-2_a,966,1555,961,1539,16.76305461424021,18,9.493792069235074,0.5274328927352818,0
2147,S1585-2_a,1804,4874,1820,4879,16.76305461424021,17,10.270021047417869,0.6041188851422276,0
2187,S1585-2_a,1820,4879,1804,4874,16.76305461424021,17,10.27002104741787,0.6041188851422277,0
3502,S1585-2_a,961,1539,966,1555,16.76305461424021,18,9.49379206923507,0.5274328927352817,0
1829,S1585-2_a,1315,4391,1303,4403,16.97056274847714,16,3.4280036678552697,0.21425022924095435,0
2323,S1585-2_a,1863,4899,1875,4911,16.97056274847714,13,10.324353912864769,0.7941810702203669,0
2357,S1585-2_a,1875,4911,1863,4899,16.97056274847714,13,10.324353912864765,0.7941810702203665,0
2905,S1585-2_a,833,2228,845,2216,16.97056274847714,18,0.6852570650348668,0.03806983694638149,0
3041,S1585-2_a,845,2216,833,2228,16.97056274847714,18,0.6852570650348668,0.03806983694638149,0
3195,S1585-2_a,863,2042,851,2030,16.97056274847714,15,10.12561819452649,0.6750412129684327,0
3874,S1585-2_a,1085,4282,1097,4270,16.97056274847714,13,11.394514963813164,0.876501151062551,0
3895,S1585-2_a,1097,4270,1085,4282,16.97056274847714,13,11.394514963813164,0.876501151062551,0
4243,S1585-2_a,1303,4403,1315,4391,16.97056274847714,16,3.428003667855269,0.21425022924095433,0
5027,S1585-2_a,851,2030,863,2042,16.97056274847714,15,10.12561819452649,0.6750412129684327,0
592,S1585-2_a,847,3679,855,3694,17.0,16,9.521309518903019,0.5950818449314387,0
631,S1585-2_a,855,3694,847,3679,17.0,16,9.52130951890302,0.5950818449314388,0
635,S1585-2_a,855,3694,855,3711,17.0,23,5.2507150163798455,0.22829195723390633,0
647,S1585-2_a,855,3711,855,3694,17.0,23,5.250715016379845,0.2282919572339063,0
1827,S1585-2_a,1311,4388,1303,4403,17.0,17,3.460369987926214,0.20355117576036555,0
2309,S1585-2_a,1858,4892,1858,4875,17.0,19,9.135993145984056,0.4808417445254766,0
2340,S1585-2_a,1884,4853,1892,4868,17.0,20,4.4643479521617975,0.22321739760808987,0
2437,S1585-2_a,1892,4868,1884,4853,17.0,20,4.4643479521617975,0.22321739760808987,0
2472,S1585-2_a,1904,4861,1896,4876,17.0,16,10.57129311103875,0.6607058194399219,0
3545,S1585-2_a,972,1636,980,1621,17.0,18,3.42628629489231,0.1903492386051283,0
3656,S1585-2_a,980,1621,972,1636,17.0,18,3.42628629489231,0.1903492386051283,0
4242,S1585-2_a,1303,4403,1311,4388,17.0,17,3.460369987926214,0.20355117576036555,0
4650,S1585-2_a,1858,4875,1858,4892,17.0,19,9.135993145984056,0.4808417445254766,0
5695,S1585-2_a,1896,4876,1904,4861,17.0,16,10.571293111038749,0.6607058194399218,0
467,S1585-2_a,834,2049,847,2038,17.029386365926403,14,10.633720801687534,0.7595514858348239,0
924,S1585-2_a,939,1874,956,1875,17.029386365926403,19,7.792388263977846,0.41012569810409716,0
1577,S1585-2_a,1116,4287,1117,4270,17.029386365926403,18,9.071527236987977,0.503973735388221,0
1587,S1585-2_a,1117,4270,1116,4287,17.029386365926403,18,9.071527236987977,0.503973735388221,0
1935,S1585-2_a,1511,4566,1500,4579,17.029386365926403,21,8.718563913262148,0.4151697101553404,0
2065,S1585-2_a,1602,4643,1619,4644,17.029386365926403,18,10.196708055616321,0.5664837808675734,0
2103,S1585-2_a,1619,4644,1602,4643,17.029386365926403,18,10.196708055616321,0.5664837808675734,0
2356,S1585-2_a,1878,4864,1895,4865,17.029386365926403,19,6.543224520836476,0.3443802379387619,0
3043,S1585-2_a,847,2038,834,2049,17.029386365926403,14,10.633720801687534,0.7595514858348239,0
3492,S1585-2_a,956,1875,939,1874,17.029386365926403,19,7.7923882639778475,0.4101256981040972,0
3995,S1585-2_a,1159,917,1170,930,17.029386365926403,15,9.169796522800981,0.6113197681867321,0
4066,S1585-2_a,1170,930,1159,917,17.029386365926403,15,9.169796522800981,0.6113197681867321,0
4370,S1585-2_a,1500,4579,1511,4566,17.029386365926403,21,8.71856391326215,0.4151697101553405,0
4718,S1585-2_a,1895,4865,1878,4864,17.029386365926403,19,6.543224520836476,0.3443802379387619,0
692,S1585-2_a,867,2749,873,2733,17.08800749063506,17,10.732668507798751,0.6313334416352206,0
1254,S1585-2_a,989,1628,973,1622,17.08800749063506,22,2.3585740410598146,0.1072079109572643,0
1287,S1585-2_a,992,1566,976,1572,17.08800749063506,17,9.847112360750412,0.5792419035735537,0
1693,S1585-2_a,1180,893,1186,877,17.08800749063506,17,11.587239337643217,0.6816023139790127,0
3273,S1585-2_a,873,2733,867,2749,17.08800749063506,17,10.732668507798753,0.6313334416352208,0
3582,S1585-2_a,973,1622,989,1628,17.08800749063506,22,2.358574041059815,0.10720791095726433,0
3611,S1585-2_a,976,1572,992,1566,17.08800749063506,17,9.847112360750414,0.5792419035735538,0
4113,S1585-2_a,1186,877,1180,893,17.08800749063506,17,11.587239337643217,0.6816023139790127,0
49,S1585-2_a,761,3167,759,3150,17.11724276862369,18,11.091754521456123,0.6162085845253401,0
151,S1585-2_a,792,3700,809,3702,17.11724276862369,18,6.194813900651844,0.3441563278139913,0
793,S1585-2_a,896,3943,898,3960,17.11724276862369,18,8.500296318694119,0.4722386843718955,0
1415,S1585-2_a,1035,1340,1052,1338,17.11724276862369,18,4.1961172668749,0.23311762593749444,0
1985,S1585-2_a,1508,4587,1510,4570,17.11724276862369,18,9.06447923057105,0.5035821794761695,0
2524,S1585-2_a,759,3150,761,3167,17.11724276862369,18,11.09175452145612,0.61620858452534,0
3329,S1585-2_a,898,3960,896,3943,17.11724276862369,18,8.500296318694119,0.4722386843718955,0
3825,S1585-2_a,1052,1338,1035,1340,17.11724276862369,18,4.1961172668749,0.23311762593749444,0
4401,S1585-2_a,1510,4570,1508,4587,17.11724276862369,18,9.064479230571052,0.5035821794761696,0
4865,S1585-2_a,809,3702,792,3700,17.11724276862369,18,6.194813900651845,0.34415632781399136,0
136,S1585-2_a,779,3510,789,3524,17.204650534085253,15,10.31069222693295,0.68737948179553,0
163,S1585-2_a,789,3524,779,3510,17.204650534085253,15,10.31069222693295,0.68737948179553,0
482,S1585-2_a,833,2067,843,2053,17.204650534085253,19,8.390278705962086,0.44159361610326764,0
3014,S1585-2_a,843,2053,833,2067,17.204650534085253,19,8.390278705962086,0.44159361610326764,0
1963,S1585-2_a,1506,4547,1509,4564,17.26267650163207,19,5.461594548733596,0.28745234467018926,0
2479,S1585-2_a,1992,4866,1975,4863,17.26267650163207,23,1.4023204065908195,0.06097045246047041,0
2815,S1585-2_a,820,3750,823,3733,17.26267650163207,18,10.992668046196558,0.6107037803442532,0
2822,S1585-2_a,823,3733,820,3750,17.26267650163207,18,10.992668046196552,0.6107037803442529,0
4729,S1585-2_a,1975,4863,1992,4866,17.26267650163207,23,1.4023204065908195,0.06097045246047041,0
5133,S1585-2_a,978,1613,975,1630,17.26267650163207,21,4.631728460669892,0.22055849812713774,0
5156,S1585-2_a,975,1630,978,1613,17.26267650163207,21,4.631728460669893,0.22055849812713776,0
5453,S1585-2_a,1509,4564,1506,4547,17.26267650163207,19,5.461594548733596,0.28745234467018926,0
1569,S1585-2_a,1110,4286,1117,4270,17.46424919657298,22,9.997182968060088,0.4544174076390949,0
1578,S1585-2_a,1116,4287,1120,4270,17.46424919657298,18,9.57599466981867,0.531999703878815,0
1585,S1585-2_a,1117,4270,1110,4286,17.46424919657298,22,9.99718296806009,0.454417407639095,0
1969,S1585-2_a,1508,4549,1504,4566,17.46424919657298,18,7.081196280512254,0.39339979336179187,0
2059,S1585-2_a,1601,4639,1618,4635,17.46424919657298,18,10.249629013757271,0.5694238340976262,0
2099,S1585-2_a,1618,4635,1601,4639,17.46424919657298,18,10.24962901375727,0.5694238340976261,0
5332,S1585-2_a,1120,4270,1116,4287,17.46424919657298,18,9.57599466981867,0.531999703878815,0
5432,S1585-2_a,1504,4566,1508,4549,17.46424919657298,18,7.081196280512254,0.39339979336179187,0
463,S1585-2_a,832,2047,847,2038,17.4928556845359,16,10.580273677324337,0.6612671048327711,0
1193,S1585-2_a,987,1627,972,1636,17.4928556845359,20,2.8038336032747058,0.1401916801637353,0
1278,S1585-2_a,991,1563,976,1572,17.4928556845359,16,9.473251736975955,0.5920782335609972,0
3042,S1585-2_a,847,2038,832,2047,17.4928556845359,16,10.58027367732434,0.6612671048327713,0
3549,S1585-2_a,972,1636,987,1627,17.4928556845359,20,2.803833603274707,0.14019168016373534,0
3607,S1585-2_a,976,1572,991,1563,17.4928556845359,16,9.473251736975955,0.5920782335609972,0
4367,S1585-2_a,1500,4579,1509,4564,17.4928556845359,19,8.065821763428959,0.4245169349173136,0
4617,S1585-2_a,1845,4910,1854,4895,17.4928556845359,17,10.016687593173927,0.5892169172455252,0
5452,S1585-2_a,1509,4564,1500,4579,17.4928556845359,19,8.065821763428957,0.4245169349173135,0
5559,S1585-2_a,1854,4895,1845,4910,17.4928556845359,17,10.016687593173927,0.5892169172455252,0
650,S1585-2_a,856,3005,844,2992,17.69180601295413,18,8.827315094606416,0.49040639414480086,0
716,S1585-2_a,871,3617,884,3605,17.69180601295413,22,2.7019481573168926,0.12281582533258603,0
819,S1585-2_a,921,3929,909,3916,17.69180601295413,23,11.708660014107686,0.5090721745264212,0
1654,S1585-2_a,1156,4286,1169,4298,17.69180601295413,22,5.963435298860378,0.2710652408572899,0
2061,S1585-2_a,1602,4643,1615,4631,17.69180601295413,15,9.960323304203166,0.6640215536135444,0
3025,S1585-2_a,844,2992,856,3005,17.69180601295413,18,8.827315094606417,0.490406394144801,0
3283,S1585-2_a,884,3605,871,3617,17.69180601295413,22,2.701948157316892,0.122815825332586,0
3394,S1585-2_a,909,3916,921,3929,17.69180601295413,23,11.708660014107688,0.5090721745264212,0
3590,S1585-2_a,973,1567,986,1555,17.69180601295413,15,11.80416395841963,0.786944263894642,0
3672,S1585-2_a,986,1555,973,1567,17.69180601295413,15,11.80416395841963,0.786944263894642,0
4081,S1585-2_a,1169,4298,1156,4286,17.69180601295413,22,5.963435298860379,0.27106524085728995,0
4430,S1585-2_a,1615,4631,1602,4643,17.69180601295413,15,9.960323304203166,0.6640215536135444,0
937,S1585-2_a,946,1675,951,1658,17.72004514666935,18,9.08569145236314,0.5047606362423966,0
1721,S1585-2_a,1181,945,1164,940,17.72004514666935,18,12.383565754181898,0.6879758752323277,0
3478,S1585-2_a,951,1658,946,1675,17.72004514666935,18,9.085691452363141,0.5047606362423968,0
4039,S1585-2_a,1164,940,1181,945,17.72004514666935,18,12.383565754181898,0.6879758752323277,0
912,S1585-2_a,933,1701,947,1690,17.804493814764857,15,11.976039966843132,0.7984026644562088,0
2105,S1585-2_a,1618,4734,1632,4723,17.804493814764857,15,13.930926127233334,0.9287284084822223,0
3448,S1585-2_a,947,1690,933,1701,17.804493814764857,15,11.97603996684313,0.7984026644562087,0
4482,S1585-2_a,1632,4723,1618,4734,17.804493814764857,15,13.930926127233338,0.9287284084822225,0
4616,S1585-2_a,1845,4910,1856,4896,17.804493814764857,16,9.861597206824586,0.6163498254265366,0
5567,S1585-2_a,1856,4896,1845,4910,17.804493814764857,16,9.861597206824584,0.6163498254265365,0
946,S1585-2_a,950,1677,958,1661,17.88854381999832,23,7.217153986503008,0.31378930376100034,0
1027,S1585-2_a,958,1661,950,1677,17.88854381999832,23,7.217153986503009,0.3137893037610004,0
1710,S1585-2_a,1180,932,1164,940,17.88854381999832,17,9.779897069456155,0.5752880629091855,0
2002,S1585-2_a,1514,4556,1530,4564,17.88854381999832,18,12.130179660128396,0.6738988700071331,0
2022,S1585-2_a,1530,4564,1514,4556,17.88854381999832,18,12.130179660128395,0.673898870007133,0
2064,S1585-2_a,1602,4643,1618,4635,17.88854381999832,17,10.807166122472074,0.6357156542630632,0
2100,S1585-2_a,1618,4635,1602,4643,17.88854381999832,17,10.807166122472076,0.6357156542630633,0
2324,S1585-2_a,1863,4899,1871,4915,17.88854381999832,17,11.4208498416899,0.6718146965699942,0
4037,S1585-2_a,1164,940,1180,932,17.88854381999832,17,9.779897069456155,0.5752880629091855,0
4670,S1585-2_a,1871,4915,1863,4899,17.88854381999832,17,11.4208498416899,0.6718146965699942,0
1837,S1585-2_a,1316,562,1316,544,18.0,19,10.786626368634582,0.567717177296557,0
1853,S1585-2_a,1316,544,1316,562,18.0,19,10.78662636863458,0.5677171772965569,0
149,S1585-2_a,792,3700,810,3699,18.027756377319946,20,6.640252736115079,0.332012636805754,0
153,S1585-2_a,792,3700,809,3706,18.027756377319946,18,6.575093362572284,0.3652829645873491,0
266,S1585-2_a,809,3706,792,3700,18.027756377319946,18,6.575093362572286,0.3652829645873492,0
272,S1585-2_a,810,3699,792,3700,18.027756377319946,20,6.640252736115081,0.33201263680575405,0
454,S1585-2_a,846,2156,861,2146,18.027756377319946,22,1.0672004773107544,0.048509112605034294,0
574,S1585-2_a,844,2940,834,2925,18.027756377319946,18,7.4610033203660375,0.4145001844647799,0
614,S1585-2_a,852,2158,842,2143,18.027756377319946,21,6.9795845223645685,0.33236116773164615,0
812,S1585-2_a,921,3908,939,3907,18.027756377319946,24,6.029424011181186,0.2512260004658828,0
930,S1585-2_a,939,3907,921,3908,18.027756377319946,24,6.029424011181185,0.2512260004658827,0
1600,S1585-2_a,1134,4213,1140,4196,18.027756377319946,37,3.172901499788738,0.0857540945888848,0
1689,S1585-2_a,1178,4368,1160,4367,18.027756377319946,19,12.05203176159117,0.6343174611363773,0
2331,S1585-2_a,1862,4888,1861,4870,18.027756377319946,19,11.14384418055723,0.58651811476617,0
2996,S1585-2_a,842,2143,852,2158,18.027756377319946,21,6.979584522364568,0.3323611677316461,0
3127,S1585-2_a,854,2997,853,3015,18.027756377319946,19,10.077176211055884,0.5303776953187307,0
3136,S1585-2_a,853,3015,854,2997,18.027756377319946,19,10.077176211055884,0.5303776953187307,0
3152,S1585-2_a,858,3636,873,3646,18.027756377319946,35,0.9685797513851269,0.027673707182432197,0
3185,S1585-2_a,861,2146,846,2156,18.027756377319946,22,1.0672004773107544,0.048509112605034294,0
3266,S1585-2_a,873,3646,858,3636,18.027756377319946,35,0.9685797513851269,0.027673707182432197,0
3961,S1585-2_a,1140,4196,1134,4213,18.027756377319946,37,3.172901499788738,0.0857540945888848,0
4028,S1585-2_a,1160,4367,1178,4368,18.027756377319946,19,12.052031761591172,0.6343174611363774,0
4660,S1585-2_a,1861,4870,1862,4888,18.027756377319946,19,11.143844180557231,0.5865181147661701,0
4949,S1585-2_a,834,2925,844,2940,18.027756377319946,18,7.461003320366038,0.41450018446477993,0
3003,S1585-2_a,842,3041,860,3039,18.110770276274835,19,6.653988404048209,0.3502099160025373,0
3177,S1585-2_a,860,3039,842,3041,18.110770276274835,19,6.653988404048209,0.3502099160025373,0
5654,S1585-2_a,1881,4853,1883,4871,18.110770276274835,22,5.204665223036524,0.23657569195620562,0
5666,S1585-2_a,1883,4871,1881,4853,18.110770276274835,22,5.2046652230365265,0.23657569195620576,0
814,S1585-2_a,921,3910,939,3907,18.24828759089466,28,6.347053536725966,0.2266804834544988,0
931,S1585-2_a,939,3907,921,3910,18.24828759089466,28,6.347053536725962,0.22668048345449865,0
1149,S1585-2_a,979,1615,976,1633,18.24828759089466,21,4.444914326757449,0.21166258698844997,0
1168,S1585-2_a,976,1633,979,1615,18.24828759089466,21,4.444914326757449,0.21166258698844997,0
1483,S1585-2_a,1062,1183,1080,1180,18.24828759089466,19,9.198094094907507,0.48411021552144773,0
1508,S1585-2_a,1080,1180,1062,1183,18.24828759089466,19,9.198094094907503,0.48411021552144756,0
2359,S1585-2_a,1875,4911,1866,4895,18.35755975068582,17,11.908796435035503,0.7005174373550296,0
5584,S1585-2_a,1866,4895,1875,4911,18.35755975068582,17,11.908796435035505,0.7005174373550297,0
1576,S1585-2_a,1116,4287,1123,4270,18.384776310850235,19,10.159796015167709,0.5347261060614583,0
1592,S1585-2_a,1123,4270,1116,4287,18.384776310850235,19,10.15979601516771,0.5347261060614584,0
2553,S1585-2_a,765,3467,778,3454,18.384776310850235,19,12.516744372542735,0.6587760196075124,0
2611,S1585-2_a,778,3454,765,3467,18.384776310850235,19,12.516744372542734,0.6587760196075123,0
4153,S1585-2_a,1201,4288,1208,4305,18.384776310850235,20,2.348028955001977,0.11740144775009884,0
5366,S1585-2_a,1208,4305,1201,4288,18.384776310850235,20,2.348028955001977,0.11740144775009884,0
5645,S1585-2_a,1876,4854,1883,4871,18.384776310850235,19,5.211465405306248,0.27428765291085516,0
5667,S1585-2_a,1883,4871,1876,4854,18.384776310850235,19,5.211465405306249,0.27428765291085516,0
936,S1585-2_a,946,1675,958,1661,18.439088914585774,17,7.181687497843457,0.42245220575549747,0
1025,S1585-2_a,958,1661,946,1675,18.439088914585774,17,7.181687497843457,0.42245220575549747,0
1277,S1585-2_a,991,1563,973,1567,18.439088914585774,19,11.19280712592314,0.5890951118906916,0
1582,S1585-2_a,1117,4270,1103,4282,18.439088914585774,15,11.132444907724958,0.7421629938483305,0
1586,S1585-2_a,1117,4270,1113,4288,18.439088914585774,20,9.621365064578397,0.48106825322891983,0
1802,S1585-2_a,1215,955,1203,941,18.439088914585774,17,6.591204642820251,0.3877179201658971,0
1866,S1585-2_a,1421,4536,1433,4522,18.439088914585774,16,8.994617593096972,0.5621635995685608,0
1873,S1585-2_a,1433,4522,1421,4536,18.439088914585774,16,8.99461759309697,0.5621635995685607,0
2063,S1585-2_a,1602,4643,1620,4639,18.439088914585774,19,10.82883061002268,0.5699384531590884,0
2481,S1585-2_a,1992,4866,2010,4870,18.439088914585774,19,0.39726576585197904,0.020908724518525212,0
3587,S1585-2_a,973,1622,987,1634,18.439088914585774,21,2.2884409394855854,0.10897337807074216,0
3593,S1585-2_a,973,1567,991,1563,18.439088914585774,19,11.192807125923142,0.5890951118906917,0
3917,S1585-2_a,1103,4282,1117,4270,18.439088914585774,15,11.132444907724956,0.7421629938483304,0
4167,S1585-2_a,1203,941,1215,955,18.439088914585774,17,6.5912046428202515,0.3877179201658971,0
4647,S1585-2_a,1858,4875,1870,4889,18.439088914585774,15,10.636370121002038,0.7090913414001359,0
4716,S1585-2_a,1895,4865,1881,4853,18.439088914585774,19,3.507380577396277,0.1845989777576988,0
4733,S1585-2_a,2010,4870,1992,4866,18.439088914585774,19,0.3972657658519789,0.020908724518525205,0
5191,S1585-2_a,987,1634,973,1622,18.439088914585774,21,2.288440939485585,0.10897337807074214,0
5323,S1585-2_a,1113,4288,1117,4270,18.439088914585774,20,9.621365064578397,0.48106825322891983,0
5486,S1585-2_a,1620,4639,1602,4643,18.439088914585774,19,10.82883061002268,0.5699384531590884,0
5587,S1585-2_a,1870,4889,1858,4875,18.439088914585774,15,10.636370121002042,0.7090913414001361,0
5659,S1585-2_a,1881,4853,1895,4865,18.439088914585774,19,3.507380577396278,0.18459897775769885,0
1659,S1585-2_a,1171,4382,1160,4367,18.601075237738275,16,11.508875644009262,0.7193047277505789,0
1719,S1585-2_a,1181,945,1170,930,18.601075237738275,16,10.721381781623926,0.6700863613514954,0
2436,S1585-2_a,1892,4868,1881,4853,18.601075237738275,22,4.6299543639845755,0.21045247109020798,0
4029,S1585-2_a,1160,4367,1171,4382,18.601075237738275,16,11.508875644009263,0.719304727750579,0
4071,S1585-2_a,1170,930,1181,945,18.601075237738275,16,10.721381781623926,0.6700863613514954,0
5660,S1585-2_a,1881,4853,1892,4868,18.601075237738275,22,4.6299543639845755,0.21045247109020798,0
1844,S1585-2_a,1314,542,1319,560,18.681541692269406,19,10.881703280447805,0.5727212252867266,0
2060,S1585-2_a,1601,4639,1619,4644,18.681541692269406,19,10.671159227320041,0.5616399593326338,0
2102,S1585-2_a,1619,4644,1601,4639,18.681541692269406,19,10.671159227320041,0.5616399593326338,0
4264,S1585-2_a,1319,560,1314,542,18.681541692269406,19,10.881703280447807,0.5727212252867266,0
5649,S1585-2_a,1878,4853,1883,4871,18.681541692269406,20,5.194613040997293,0.2597306520498647,0
5664,S1585-2_a,1883,4871,1878,4853,18.681541692269406,20,5.194613040997294,0.2597306520498647,0
1259,S1585-2_a,989,1628,972,1636,18.788294228055936,23,2.998696541916254,0.130378110518098,0
1732,S1585-2_a,1181,948,1164,940,18.788294228055936,18,12.755346821465729,0.7086303789703182,0
2999,S1585-2_a,842,3041,859,3033,18.788294228055936,21,6.558431740679801,0.3123062733657048,0
3552,S1585-2_a,972,1636,989,1628,18.788294228055936,23,2.9986965419162552,0.13037811051809806,0
4041,S1585-2_a,1164,940,1181,948,18.788294228055936,18,12.755346821465729,0.7086303789703182,0
4402,S1585-2_a,1510,4570,1527,4578,18.788294228055936,21,12.301513619210587,0.5857863628195518,0
4414,S1585-2_a,1527,4578,1510,4570,18.788294228055936,21,12.301513619210583,0.5857863628195515,0
4676,S1585-2_a,1871,4915,1863,4932,18.788294228055936,21,12.490565426734063,0.5947888298444792,0
5039,S1585-2_a,859,3033,842,3041,18.788294228055936,21,6.558431740679801,0.3123062733657048,0
5632,S1585-2_a,1863,4932,1871,4915,18.788294228055936,21,12.490565426734062,0.5947888298444791,0
417,S1585-2_a,827,2921,837,2937,18.867962264113206,18,6.896609817522602,0.3831449898623668,0
1570,S1585-2_a,1110,4286,1120,4270,18.867962264113206,22,10.5030472147043,0.4774112370320136,0
1705,S1585-2_a,1180,930,1164,940,18.867962264113206,18,10.226543733493536,0.5681413185274187,0
1752,S1585-2_a,1187,951,1203,941,18.867962264113206,18,10.24352773093682,0.5690848739409344,0
2021,S1585-2_a,1530,4564,1514,4554,18.867962264113206,18,12.143739724222666,0.6746522069012593,0
3000,S1585-2_a,842,3041,858,3031,18.867962264113206,22,6.560545772697479,0.29820662603170356,0
4038,S1585-2_a,1164,940,1180,930,18.867962264113206,18,10.226543733493536,0.5681413185274187,0
4169,S1585-2_a,1203,941,1187,951,18.867962264113206,18,10.243527730936822,0.5690848739409345,0
4992,S1585-2_a,837,2937,827,2921,18.867962264113206,18,6.896609817522603,0.38314498986236684,0
5035,S1585-2_a,858,3031,842,3041,18.867962264113206,22,6.560545772697478,0.29820662603170356,0
5330,S1585-2_a,1120,4270,1110,4286,18.867962264113206,22,10.503047214704303,0.47741123703201377,0
5481,S1585-2_a,1514,4554,1530,4564,18.867962264113206,18,12.14373972422267,0.6746522069012594,0
5641,S1585-2_a,1873,4855,1883,4871,18.867962264113206,21,5.201481851734243,0.24768961198734493,0
5665,S1585-2_a,1883,4871,1873,4855,18.867962264113206,21,5.201481851734244,0.24768961198734496,0
641,S1585-2_a,856,3699,850,3717,18.973665961010276,26,7.845378880434605,0.3017453415551771,0
1098,S1585-2_a,968,1561,986,1555,18.973665961010276,19,10.500115577591664,0.5526376619785086,0
2507,S1585-2_a,732,2471,750,2465,18.973665961010276,19,10.573995497471858,0.5565260788143083,0
3105,S1585-2_a,850,3717,856,3699,18.973665961010276,26,7.845378880434607,0.3017453415551772,0
3667,S1585-2_a,986,1555,968,1561,18.973665961010276,19,10.500115577591663,0.5526376619785086,0
4776,S1585-2_a,750,2465,732,2471,18.973665961010276,19,10.573995497471854,0.5565260788143082,0
816,S1585-2_a,921,3910,921,3929,19.0,20,6.102179343251395,0.30510896716256974,0
822,S1585-2_a,921,3929,921,3910,19.0,20,6.102179343251395,0.30510896716256974,0
2057,S1585-2_a,1601,4639,1620,4639,19.0,20,10.968499327034507,0.5484249663517253,0
5485,S1585-2_a,1620,4639,1601,4639,19.0,20,10.968499327034511,0.5484249663517256,0
947,S1585-2_a,950,1677,951,1658,19.026297590440446,24,9.121157941022691,0.3800482475426121,0
1285,S1585-2_a,992,1566,973,1567,19.026297590440446,20,11.616979548648109,0.5808489774324055,0
1551,S1585-2_a,1111,4267,1110,4286,19.026297590440446,20,11.47653100553608,0.573826550276804,0
1566,S1585-2_a,1110,4286,1111,4267,19.026297590440446,20,11.476531005536078,0.5738265502768038,0
1572,S1585-2_a,1116,4287,1097,4288,19.026297590440446,20,7.475952517462469,0.37379762587312343,0
2062,S1585-2_a,1602,4643,1621,4642,19.026297590440446,20,10.492594353264804,0.5246297176632402,0
2304,S1585-2_a,1862,4918,1863,4899,19.026297590440446,20,12.553714391668628,0.6276857195834313,0
2321,S1585-2_a,1863,4899,1862,4918,19.026297590440446,20,12.55371439166863,0.6276857195834314,0
3480,S1585-2_a,951,1658,950,1677,19.026297590440446,24,9.121157941022693,0.3800482475426122,0
3581,S1585-2_a,973,1622,992,1621,19.026297590440446,27,3.190634724225486,0.11817165645279577,0
3596,S1585-2_a,973,1567,992,1566,19.026297590440446,20,11.616979548648109,0.5808489774324055,0
5223,S1585-2_a,992,1621,973,1622,19.026297590440446,27,3.1906347242254856,0.11817165645279576,0
5311,S1585-2_a,1097,4288,1116,4287,19.026297590440446,20,7.475952517462469,0.37379762587312343,0
5489,S1585-2_a,1621,4642,1602,4643,19.026297590440446,20,10.492594353264804,0.5246297176632402,0
40,S1585-2_a,756,3145,775,3143,19.1049731745428,20,14.76919619509345,0.7384598097546725,0
382,S1585-2_a,821,3132,802,3134,19.1049731745428,20,13.07749263636572,0.653874631818286,0
920,S1585-2_a,934,1704,947,1690,19.1049731745428,16,13.257036575304666,0.8285647859565416,0
1739,S1585-2_a,1181,948,1195,961,19.1049731745428,21,7.781723883719628,0.3705582801771251,0
1828,S1585-2_a,1315,4391,1317,4410,19.1049731745428,20,4.227381277165416,0.2113690638582708,0
1936,S1585-2_a,1511,4566,1530,4564,19.1049731745428,20,12.437259490788136,0.6218629745394069,0
1956,S1585-2_a,1506,4547,1504,4566,19.1049731745428,21,7.082889419725525,0.33728044855835837,0
2026,S1585-2_a,1530,4564,1511,4566,19.1049731745428,20,12.437259490788136,0.6218629745394069,0
2319,S1585-2_a,1862,4897,1875,4911,19.1049731745428,15,10.459977066484196,0.6973318044322797,0
2358,S1585-2_a,1875,4911,1862,4897,19.1049731745428,15,10.459977066484193,0.6973318044322795,0
2375,S1585-2_a,1879,4920,1866,4934,19.1049731745428,16,12.237475831822808,0.7648422394889255,0
2595,S1585-2_a,775,3143,756,3145,19.1049731745428,20,14.769196195093446,0.7384598097546723,0
2721,S1585-2_a,802,3134,821,3132,19.1049731745428,20,13.077492636365724,0.6538746318182862,0
2958,S1585-2_a,839,2643,852,2657,19.1049731745428,18,9.02863266165803,0.5015907034254461,0
3095,S1585-2_a,852,2657,839,2643,19.1049731745428,18,9.028632661658031,0.5015907034254462,0
3447,S1585-2_a,947,1690,934,1704,19.1049731745428,16,13.257036575304666,0.8285647859565416,0
3566,S1585-2_a,971,1548,973,1567,19.1049731745428,20,10.15816367998028,0.507908183999014,0
3592,S1585-2_a,973,1567,971,1548,19.1049731745428,20,10.158163679980282,0.507908183999014,0
3688,S1585-2_a,997,1630,978,1628,19.1049731745428,24,4.039068939094057,0.16829453912891904,0
4129,S1585-2_a,1195,961,1181,948,19.1049731745428,21,7.7817238837196285,0.37055828017712517,0
4255,S1585-2_a,1317,4410,1315,4391,19.1049731745428,20,4.227381277165416,0.2113690638582708,0
4618,S1585-2_a,1845,4910,1859,4897,19.1049731745428,18,9.994457644513924,0.5552476469174402,0
4654,S1585-2_a,1858,4875,1872,4888,19.1049731745428,15,10.76989501300203,0.717993000866802,0
5169,S1585-2_a,978,1628,997,1630,19.1049731745428,24,4.039068939094057,0.16829453912891904,0
5431,S1585-2_a,1504,4566,1506,4547,19.1049731745428,21,7.082889419725525,0.33728044855835837,0
5574,S1585-2_a,1859,4897,1845,4910,19.1049731745428,18,9.994457644513922,0.5552476469174401,0
5589,S1585-2_a,1872,4888,1858,4875,19.1049731745428,15,10.769895013002031,0.7179930008668021,0
5636,S1585-2_a,1866,4934,1879,4920,19.1049731745428,16,12.237475831822808,0.7648422394889255,0
261,S1585-2_a,808,3474,820,3459,19.209372712298546,16,6.552662406514038,0.4095414004071274,0
415,S1585-2_a,827,2921,839,2936,19.209372712298546,19,7.364439394313312,0.38760207338491115,0
431,S1585-2_a,830,2925,845,2937,19.209372712298546,19,8.115376270865642,0.4271250668876654,0
522,S1585-2_a,839,2936,827,2921,19.209372712298546,19,7.3644393943133135,0.38760207338491126,0
2112,S1585-2_a,1620,4738,1632,4723,19.209372712298546,16,15.145058264948872,0.9465661415593045,0
2798,S1585-2_a,820,3459,808,3474,19.209372712298546,16,6.552662406514037,0.40954140040712733,0
3103,S1585-2_a,850,3717,865,3705,19.209372712298546,19,6.367102903611943,0.33511067913747067,0
3205,S1585-2_a,865,3705,850,3717,19.209372712298546,19,6.367102903611942,0.3351106791374706,0
4483,S1585-2_a,1632,4723,1620,4738,19.209372712298546,16,15.145058264948869,0.9465661415593043,0
5008,S1585-2_a,845,2937,830,2925,19.209372712298546,19,8.115376270865642,0.4271250668876654,0
1541,S1585-2_a,1108,1001,1111,982,19.235384061671343,20,10.682968705614915,0.5341484352807457,0
1934,S1585-2_a,1511,4566,1502,4583,19.235384061671343,18,10.03894766098922,0.557719314499401,0
2162,S1585-2_a,1805,4883,1824,4886,19.235384061671343,23,11.451540550150705,0.4978930673978567,0
2195,S1585-2_a,1824,4886,1805,4883,19.235384061671343,23,11.4515405501507,0.4978930673978565,0
2251,S1585-2_a,1842,4917,1851,4900,19.235384061671343,18,9.260723826384165,0.5144846570213425,0
2990,S1585-2_a,842,2143,861,2146,19.235384061671343,36,7.369049919198813,0.20469583108885592,0
3180,S1585-2_a,861,2146,842,2143,19.235384061671343,36,7.369049919198814,0.20469583108885595,0
3470,S1585-2_a,951,1958,954,1977,19.235384061671343,20,10.25646700211799,0.5128233501058995,0
3488,S1585-2_a,954,1977,951,1958,19.235384061671343,20,10.256467002117988,0.5128233501058994,0
3655,S1585-2_a,980,1621,997,1630,19.235384061671343,31,4.932288876125493,0.1591060927782417,0
3690,S1585-2_a,997,1630,980,1621,19.235384061671343,31,4.932288876125492,0.15910609277824167,0
3919,S1585-2_a,1111,982,1108,1001,19.235384061671343,20,10.682968705614913,0.5341484352807456,0
4385,S1585-2_a,1502,4583,1511,4566,19.235384061671343,18,10.038947660989217,0.5577193144994009,0
4630,S1585-2_a,1851,4900,1842,4917,19.235384061671343,18,9.260723826384163,0.5144846570213424,0
5324,S1585-2_a,1113,4288,1120,4270,19.313207915827967,20,10.125832497409089,0.5062916248704544,0
5331,S1585-2_a,1120,4270,1113,4288,19.313207915827967,20,10.125832497409089,0.5062916248704544,0
15,S1585-2_a,735,2478,751,2467,19.4164878389476,17,10.554365307266195,0.6208450180744821,0
35,S1585-2_a,751,2467,732,2471,19.4164878389476,20,10.625822230237352,0.5312911115118676,0
36,S1585-2_a,751,2467,735,2478,19.4164878389476,17,10.554365307266197,0.6208450180744822,0
175,S1585-2_a,793,2217,812,2221,19.4164878389476,20,3.5318816101669026,0.17659408050834513,0
279,S1585-2_a,812,2221,793,2217,19.4164878389476,20,3.531881610166902,0.1765940805083451,0
1496,S1585-2_a,1070,1178,1054,1189,19.4164878389476,17,8.56630758641468,0.5039004462596871,0
2506,S1585-2_a,732,2471,751,2467,19.4164878389476,20,10.62582223023735,0.5312911115118675,0
3839,S1585-2_a,1054,1189,1070,1178,19.4164878389476,17,8.56630758641468,0.5039004462596871,0
896,S1585-2_a,939,1666,958,1661,19.6468827043885,24,10.558100158079263,0.4399208399199693,0
1021,S1585-2_a,958,1661,939,1666,19.6468827043885,24,10.558100158079263,0.4399208399199693,0
2075,S1585-2_a,1611,4747,1616,4728,19.6468827043885,20,14.168727287612672,0.7084363643806336,0
2091,S1585-2_a,1616,4728,1611,4747,19.6468827043885,20,14.168727287612672,0.7084363643806336,0
4677,S1585-2_a,1871,4915,1866,4934,19.6468827043885,20,11.731137990362749,0.5865568995181374,0
5637,S1585-2_a,1866,4934,1871,4915,19.6468827043885,20,11.731137990362747,0.5865568995181374,0
1195,S1585-2_a,987,1627,977,1644,19.72308292331602,22,5.462416770768497,0.24829167139856806,0
1206,S1585-2_a,977,1644,987,1627,19.72308292331602,22,5.462416770768498,0.2482916713985681,0
1559,S1585-2_a,1113,4188,1130,4178,19.72308292331602,38,4.197878159403263,0.11047047787903325,0
1725,S1585-2_a,1181,945,1191,928,19.72308292331602,22,11.946174433411816,0.5430079287914462,0
1779,S1585-2_a,1191,928,1181,945,19.72308292331602,22,11.946174433411818,0.5430079287914462,0
1887,S1585-2_a,1479,4600,1489,4583,19.72308292331602,18,11.93860542023904,0.6632558566799467,0
1899,S1585-2_a,1489,4583,1479,4600,19.72308292331602,18,11.93860542023904,0.6632558566799467,0
1929,S1585-2_a,1498,4566,1508,4549,19.72308292331602,20,7.790080686220277,0.3895040343110138,0
1966,S1585-2_a,1508,4549,1498,4566,19.72308292331602,20,7.790080686220276,0.38950403431101377,0
2826,S1585-2_a,823,3733,840,3743,19.72308292331602,19,13.023177711881289,0.6854304058884889,0
2984,S1585-2_a,840,3743,823,3733,19.72308292331602,19,13.023177711881292,0.685430405888489,0
3184,S1585-2_a,861,2146,844,2156,19.72308292331602,24,1.1697060810082371,0.04873775337534322,0
3606,S1585-2_a,976,1572,986,1555,19.72308292331602,18,11.857856360836372,0.6587697978242429,0
3673,S1585-2_a,986,1555,976,1572,19.72308292331602,18,11.857856360836376,0.658769797824243,0
3947,S1585-2_a,1130,4178,1113,4188,19.72308292331602,38,4.197878159403264,0.11047047787903326,0
4962,S1585-2_a,844,2156,861,2146,19.72308292331602,24,1.1697060810082371,0.04873775337534322,0
1881,S1585-2_a,1475,4597,1489,4583,19.79898987322333,20,12.33967508273121,0.6169837541365605,0
1900,S1585-2_a,1489,4583,1475,4597,19.79898987322333,20,12.33967508273121,0.6169837541365605,0
16,S1585-2_a,735,2478,750,2465,19.849433241279208,17,10.674178969722567,0.6278928805719157,0
2020,S1585-2_a,1530,4564,1515,4551,19.849433241279208,17,12.21433655857833,0.7184903857987253,0
4244,S1585-2_a,1303,4403,1318,4416,19.849433241279208,18,1.123030856228014,0.06239060312377856,0
4259,S1585-2_a,1318,4416,1303,4403,19.849433241279208,18,1.1230308562280138,0.062390603123778546,0
4778,S1585-2_a,750,2465,735,2478,19.849433241279208,17,10.674178969722567,0.6278928805719157,0
5469,S1585-2_a,1515,4551,1530,4564,19.849433241279208,17,12.214336558578331,0.7184903857987254,0
1631,S1585-2_a,1149,990,1168,984,19.924858845171276,21,10.856333426304468,0.5169682583954509,0
2157,S1585-2_a,1805,4880,1824,4886,19.924858845171276,22,10.870980495879198,0.4941354770854181,0
2196,S1585-2_a,1824,4886,1805,4880,19.924858845171276,22,10.870980495879195,0.49413547708541794,0
2293,S1585-2_a,1857,4919,1851,4900,19.924858845171276,20,13.581146781933223,0.6790573390966611,0
4057,S1585-2_a,1168,984,1149,990,19.924858845171276,21,10.856333426304467,0.5169682583954508,0
4637,S1585-2_a,1851,4900,1857,4919,19.924858845171276,20,13.581146781933217,0.6790573390966609,0
500,S1585-2_a,839,3682,855,3694,20.0,19,12.752564477799769,0.6711876040947247,0
633,S1585-2_a,855,3694,839,3682,20.0,19,12.752564477799767,0.6711876040947246,0
823,S1585-2_a,921,3940,901,3940,20.0,21,13.749317042497292,0.6547293829760615,0
1081,S1585-2_a,966,1555,986,1555,20.0,21,11.265302240573813,0.5364429638368483,0
1209,S1585-2_a,977,1644,989,1628,20.0,25,5.657279709410045,0.2262911883764018,0
1261,S1585-2_a,989,1628,977,1644,20.0,25,5.657279709410044,0.22629118837640178,0
1865,S1585-2_a,1421,4536,1421,4516,20.0,21,9.613249573675013,0.4577737892226197,0
1939,S1585-2_a,1511,4566,1527,4578,20.0,17,13.50665271026786,0.794508982956933,0
2329,S1585-2_a,1867,4936,1879,4920,20.0,17,12.959147386381165,0.7623027874341862,0
2373,S1585-2_a,1879,4920,1867,4936,20.0,17,12.959147386381163,0.7623027874341861,0
2374,S1585-2_a,1879,4920,1863,4932,20.0,17,12.996903268194123,0.7645237216584778,0
3366,S1585-2_a,901,3940,921,3940,20.0,21,13.749317042497296,0.6547293829760618,0
3669,S1585-2_a,986,1555,966,1555,20.0,21,11.265302240573813,0.5364429638368483,0
4195,S1585-2_a,1232,824,1244,840,20.0,24,2.9697658776631357,0.12374024490263065,0
4209,S1585-2_a,1244,840,1232,824,20.0,24,2.9697658776631357,0.12374024490263065,0
4310,S1585-2_a,1421,4516,1421,4536,20.0,21,9.613249573675011,0.4577737892226196,0
4412,S1585-2_a,1527,4578,1511,4566,20.0,17,13.506652710267858,0.7945089829569328,0
5631,S1585-2_a,1863,4932,1879,4920,20.0,17,12.996903268194123,0.7645237216584778,0
38,S1585-2_a,755,3142,775,3143,20.024984394500787,21,14.497639154367572,0.6903637692555987,0
2596,S1585-2_a,775,3143,755,3142,20.024984394500787,21,14.497639154367574,0.6903637692555987,0
3354,S1585-2_a,900,3920,901,3940,20.024984394500787,21,9.035583608546133,0.43026588612124445,0
3364,S1585-2_a,901,3940,900,3920,20.024984394500787,21,9.035583608546135,0.43026588612124456,0
4229,S1585-2_a,1286,563,1306,562,20.024984394500787,21,15.675075142252979,0.7464321496310943,0
4253,S1585-2_a,1306,562,1286,563,20.024984394500787,21,15.675075142252975,0.746432149631094,0
4534,S1585-2_a,1672,4779,1673,4799,20.024984394500787,21,14.98010245793141,0.7133382122824481,0
4537,S1585-2_a,1673,4799,1672,4779,20.024984394500787,21,14.980102457931418,0.7133382122824484,0
1170,S1585-2_a,976,1633,978,1613,20.09975124224178,23,5.058609103796295,0.21993952625201282,0
1836,S1585-2_a,1316,562,1314,542,20.09975124224178,21,11.449784076688973,0.5452278131756654,0
1845,S1585-2_a,1314,542,1316,562,20.09975124224178,21,11.449784076688973,0.5452278131756654,0
5132,S1585-2_a,978,1613,976,1633,20.09975124224178,23,5.058609103796295,0.21993952625201282,0
517,S1585-2_a,835,2941,844,2923,20.12461179749811,23,7.005402969338437,0.30458273779732337,0
555,S1585-2_a,844,2923,835,2941,20.12461179749811,23,7.005402969338436,0.3045827377973233,0
1713,S1585-2_a,1180,932,1189,950,20.12461179749811,22,9.946926231042676,0.4521330105019398,0
1762,S1585-2_a,1189,950,1180,932,20.12461179749811,22,9.946926231042678,0.4521330105019399,0
1879,S1585-2_a,1440,4512,1458,4521,20.12461179749811,40,12.03028736706888,0.300757184176722,0
2320,S1585-2_a,1862,4897,1871,4915,20.12461179749811,19,11.556472995309331,0.6082354208057543,0
4331,S1585-2_a,1458,4521,1440,4512,20.12461179749811,40,12.030287367068876,0.3007571841767219,0
4671,S1585-2_a,1871,4915,1862,4897,20.12461179749811,19,11.556472995309328,0.6082354208057541,0
4754,S1585-2_a,2096,4958,2114,4967,20.12461179749811,19,14.916359905302723,0.7850715739633012,0
4758,S1585-2_a,2114,4967,2096,4958,20.12461179749811,19,14.91635990530272,0.7850715739633011,0
653,S1585-2_a,856,3005,859,3025,20.223748416156685,21,9.465766670720162,0.4507507938438173,0
674,S1585-2_a,859,3025,856,3005,20.223748416156685,21,9.465766670720164,0.45075079384381733,0
1692,S1585-2_a,1180,893,1183,873,20.223748416156685,21,12.868764267412438,0.6127982984482113,0
1857,S1585-2_a,1316,544,1313,564,20.223748416156685,21,11.501360922941853,0.5476838534734215,0
1940,S1585-2_a,1511,4566,1531,4569,20.223748416156685,22,12.55484496013347,0.5706747709151577,0
2040,S1585-2_a,1531,4569,1511,4566,20.223748416156685,22,12.554844960133469,0.5706747709151577,0
2056,S1585-2_a,1601,4639,1621,4642,20.223748416156685,21,10.967045524968524,0.5222402630937393,0
3326,S1585-2_a,898,3960,901,3940,20.223748416156685,21,10.543796569838443,0.5020855509446878,0
3368,S1585-2_a,901,3940,921,3937,20.223748416156685,21,13.550006461853405,0.6452384029454002,0
3372,S1585-2_a,901,3940,898,3960,20.223748416156685,21,10.543796569838442,0.5020855509446877,0
4102,S1585-2_a,1183,873,1180,893,20.223748416156685,21,12.86876426741244,0.6127982984482114,0
4311,S1585-2_a,1421,4516,1418,4536,20.223748416156685,25,10.047743192803281,0.40190972771213124,0
5063,S1585-2_a,921,3937,901,3940,20.223748416156685,21,13.550006461853403,0.6452384029454001,0
5381,S1585-2_a,1313,564,1316,544,20.223748416156685,21,11.501360922941853,0.5476838534734215,0
5398,S1585-2_a,1418,4536,1421,4516,20.223748416156685,25,10.047743192803283,0.40190972771213135,0
5488,S1585-2_a,1621,4642,1601,4639,20.223748416156685,21,10.967045524968524,0.5222402630937393,0
548,S1585-2_a,846,2662,839,2643,20.248456731316587,21,10.510235447970496,0.5004874022843093,0
660,S1585-2_a,858,2650,839,2643,20.248456731316587,21,8.45370970718898,0.4025576051042371,0
884,S1585-2_a,937,1868,956,1875,20.248456731316587,25,9.435290137823943,0.3774116055129577,0
1663,S1585-2_a,1175,957,1164,940,20.248456731316587,19,13.932805412573806,0.7333055480302003,0
1718,S1585-2_a,1180,932,1187,951,20.248456731316587,21,9.975432950513763,0.4750206166911316,0
1747,S1585-2_a,1187,951,1180,932,20.248456731316587,21,9.975432950513763,0.4750206166911316,0
1867,S1585-2_a,1421,4536,1432,4519,20.248456731316587,19,9.742255444527602,0.5127502865540844,0
1921,S1585-2_a,1501,4568,1508,4549,20.248456731316587,20,7.376382479055842,0.3688191239527921,0
1967,S1585-2_a,1508,4549,1501,4568,20.248456731316587,20,7.37638247905584,0.368819123952792,0
2953,S1585-2_a,839,2643,858,2650,20.248456731316587,21,8.45370970718898,0.4025576051042371,0
2955,S1585-2_a,839,2643,846,2662,20.248456731316587,21,10.510235447970496,0.5004874022843093,0
3494,S1585-2_a,956,1875,937,1868,20.248456731316587,25,9.435290137823943,0.3774116055129577,0
4048,S1585-2_a,1164,940,1175,957,20.248456731316587,19,13.932805412573805,0.7333055480302002,0
5406,S1585-2_a,1432,4519,1421,4536,20.248456731316587,19,9.7422554445276,0.5127502865540843,0
1548,S1585-2_a,1106,4266,1110,4286,20.396078054371138,22,11.638752542772597,0.5290342064896635,0
1565,S1585-2_a,1110,4286,1106,4266,20.396078054371138,22,11.638752542772593,0.5290342064896634,0
432,S1585-2_a,830,2925,844,2940,20.518284528683193,19,7.9583617552687675,0.4188611450141457,0
573,S1585-2_a,844,2940,830,2925,20.518284528683193,19,7.9583617552687675,0.4188611450141457,0
1874,S1585-2_a,1433,4522,1418,4536,20.518284528683193,19,9.425236480405598,0.4960650779160841,0
5399,S1585-2_a,1418,4536,1433,4522,20.518284528683193,19,9.4252364804056,0.4960650779160842,0
1591,S1585-2_a,1123,4270,1113,4288,20.591260281974,21,10.70963384275813,0.5099825639408634,0
1855,S1585-2_a,1316,544,1306,562,20.591260281974,19,13.675753539185354,0.7197765020623871,0
3949,S1585-2_a,1130,4178,1140,4196,20.591260281974,19,1.3124474146459981,0.06907617971821042,0
3958,S1585-2_a,1140,4196,1130,4178,20.591260281974,19,1.312447414645998,0.06907617971821041,0
4248,S1585-2_a,1306,562,1316,544,20.591260281974,19,13.675753539185358,0.7197765020623873,0
5322,S1585-2_a,1113,4288,1123,4270,20.591260281974,21,10.709633842758128,0.5099825639408633,0
945,S1585-2_a,950,1677,958,1658,20.615528128088304,25,7.180317250534635,0.2872126900213854,0
1014,S1585-2_a,958,1658,950,1677,20.615528128088304,25,7.180317250534637,0.2872126900213855,0
1375,S1585-2_a,1026,1341,1021,1321,20.615528128088304,23,14.261375506052635,0.6200598046109842,0
1382,S1585-2_a,1026,1341,1046,1336,20.615528128088304,21,6.198966822881228,0.29518889632767753,0
1428,S1585-2_a,1046,1336,1026,1341,20.615528128088304,21,6.198966822881228,0.29518889632767753,0
1461,S1585-2_a,1056,1161,1061,1181,20.615528128088304,21,14.728787411758747,0.701370829131369,0
1467,S1585-2_a,1061,1181,1056,1161,20.615528128088304,21,14.728787411758747,0.701370829131369,0
1555,S1585-2_a,1111,4267,1116,4287,20.615528128088304,21,10.94251151419366,0.5210719768663647,0
1568,S1585-2_a,1110,4286,1123,4270,20.615528128088304,23,11.086848560053339,0.48203689391536253,0
1574,S1585-2_a,1116,4287,1111,4267,20.615528128088304,21,10.942511514193658,0.5210719768663646,0
1590,S1585-2_a,1123,4270,1110,4286,20.615528128088304,23,11.086848560053344,0.4820368939153628,0
1880,S1585-2_a,1475,4597,1488,4581,20.615528128088304,19,12.510895882688672,0.6584682043520353,0
1894,S1585-2_a,1488,4581,1475,4597,20.615528128088304,19,12.510895882688676,0.6584682043520356,0
1928,S1585-2_a,1498,4566,1506,4547,20.615528128088304,23,7.791773825433548,0.33877277501884995,0
1952,S1585-2_a,1506,4547,1498,4566,20.615528128088304,23,7.791773825433547,0.3387727750188499,0
2136,S1585-2_a,1640,4742,1632,4723,20.615528128088304,20,12.805273840445237,0.6402636920222619,0
2825,S1585-2_a,823,3733,843,3738,20.615528128088304,21,14.157813641508186,0.6741816019765803,0
3030,S1585-2_a,843,3738,823,3733,20.615528128088304,21,14.157813641508188,0.6741816019765804,0
3771,S1585-2_a,1021,1321,1026,1341,20.615528128088304,23,14.261375506052634,0.6200598046109841,0
4485,S1585-2_a,1632,4723,1640,4742,20.615528128088304,20,12.805273840445235,0.6402636920222617,0
4672,S1585-2_a,1871,4915,1866,4895,20.615528128088304,21,13.005292363860638,0.6192996363743161,0
5585,S1585-2_a,1866,4895,1871,4915,20.615528128088304,21,13.00529236386064,0.6192996363743162,0
286,S1585-2_a,815,2999,827,2982,20.808652046684813,18,13.34999011006639,0.7416661172259106,0
935,S1585-2_a,946,1675,958,1658,20.808652046684813,19,7.144850761875085,0.3760447769407939,0
1012,S1585-2_a,958,1658,946,1675,20.808652046684813,19,7.144850761875086,0.37604477694079397,0
2829,S1585-2_a,825,2155,842,2143,20.808652046684813,19,8.147760040317358,0.42882947580617675,0
2859,S1585-2_a,827,2982,815,2999,20.808652046684813,18,13.349990110066388,0.7416661172259105,0
2991,S1585-2_a,842,2143,825,2155,20.808652046684813,19,8.147760040317358,0.42882947580617675,0
160,S1585-2_a,793,3037,813,3043,20.8806130178211,21,14.293869577651506,0.6806604560786431,0
1005,S1585-2_a,958,1658,938,1652,20.8806130178211,21,12.81466538828557,0.610222161346932,0
1655,S1585-2_a,1160,4294,1154,4274,20.8806130178211,24,8.246597232252688,0.34360821801052865,0
1687,S1585-2_a,1182,959,1202,953,20.8806130178211,21,10.886432153441778,0.5184015311162751,0
2028,S1585-2_a,1530,4564,1510,4570,20.8806130178211,21,13.32688501925739,0.63461357234559,0
2294,S1585-2_a,1857,4919,1863,4899,20.8806130178211,21,14.005063917906215,0.6669078056145816,0
2322,S1585-2_a,1863,4899,1857,4919,20.8806130178211,21,14.005063917906217,0.6669078056145817,0
2483,S1585-2_a,1997,4868,1977,4862,20.8806130178211,24,1.442930676948726,0.06012211153953025,0
2755,S1585-2_a,813,3043,793,3037,20.8806130178211,21,14.293869577651506,0.6806604560786431,0
3433,S1585-2_a,938,1652,958,1658,20.8806130178211,21,12.81466538828557,0.610222161346932,0
3989,S1585-2_a,1154,4274,1160,4294,20.8806130178211,24,8.246597232252688,0.34360821801052865,0
4176,S1585-2_a,1202,953,1182,959,20.8806130178211,21,10.886432153441776,0.5184015311162751,0
4398,S1585-2_a,1510,4570,1530,4564,20.8806130178211,21,13.326885019257393,0.6346135723455901,0
4730,S1585-2_a,1977,4862,1997,4868,20.8806130178211,24,1.442930676948726,0.06012211153953025,0
1706,S1585-2_a,1180,930,1159,930,21.0,23,11.145691489518606,0.48459528215298286,0
2023,S1585-2_a,1530,4564,1509,4564,21.0,22,13.129814941262728,0.5968097700573968,0
2305,S1585-2_a,1862,4918,1862,4897,21.0,22,12.591782153517384,0.5723537342507902,0
2316,S1585-2_a,1862,4897,1862,4918,21.0,22,12.591782153517384,0.5723537342507902,0
4019,S1585-2_a,1159,930,1180,930,21.0,23,11.145691489518612,0.48459528215298314,0
5457,S1585-2_a,1509,4564,1530,4564,21.0,22,13.129814941262724,0.5968097700573965,0
204,S1585-2_a,800,3022,801,3043,21.02379604162864,22,15.604595151560945,0.7092997796164066,0
773,S1585-2_a,900,3930,921,3929,21.02379604162864,22,14.006058901037422,0.6366390409562465,0
818,S1585-2_a,921,3929,900,3930,21.02379604162864,22,14.00605890103742,0.6366390409562463,0
1387,S1585-2_a,1026,1341,1047,1342,21.02379604162864,27,7.114024006965951,0.26348237062836855,0
1435,S1585-2_a,1047,1342,1026,1341,21.02379604162864,27,7.11402400696595,0.26348237062836855,0
1886,S1585-2_a,1479,4600,1488,4581,21.02379604162864,20,12.140729750960583,0.6070364875480292,0
1892,S1585-2_a,1488,4581,1479,4600,21.02379604162864,20,12.140729750960581,0.6070364875480291,0
1986,S1585-2_a,1508,4587,1527,4578,21.02379604162864,21,13.09748476851688,0.6236897508817562,0
2042,S1585-2_a,1531,4569,1510,4570,21.02379604162864,23,13.444470488602722,0.5845421951566401,0
2711,S1585-2_a,801,3043,800,3022,21.02379604162864,22,15.604595151560947,0.7092997796164067,0
4027,S1585-2_a,1160,4367,1181,4366,21.02379604162864,22,12.487491526122433,0.5676132511873834,0
4403,S1585-2_a,1510,4570,1531,4569,21.02379604162864,23,13.444470488602727,0.5845421951566403,0
4415,S1585-2_a,1527,4578,1508,4587,21.02379604162864,21,13.097484768516876,0.623689750881756,0
4658,S1585-2_a,1861,4870,1870,4889,21.02379604162864,21,13.077424045320392,0.6227344783485901,0
5360,S1585-2_a,1181,4366,1160,4367,21.02379604162864,22,12.487491526122433,0.5676132511873834,0
5588,S1585-2_a,1870,4889,1861,4870,21.02379604162864,21,13.077424045320393,0.6227344783485902,0
627,S1585-2_a,855,3694,837,3683,21.095023109728988,21,12.500230920477152,0.595249091451293,0
1384,S1585-2_a,1026,1341,1047,1339,21.095023109728988,23,6.567702295701077,0.2855522737261338,0
1465,S1585-2_a,1061,1181,1059,1160,21.095023109728988,22,14.854989904177428,0.6752268138262467,0
1554,S1585-2_a,1111,4267,1113,4288,21.095023109728988,23,11.451869991503075,0.4979073909349163,0
1711,S1585-2_a,1180,932,1159,930,21.095023109728988,22,10.844962126063116,0.4929528239119598,0
2303,S1585-2_a,1862,4918,1851,4900,21.095023109728988,19,15.130949763858553,0.796365777045187,0
3770,S1585-2_a,1021,1321,1023,1342,21.095023109728988,22,14.174741172332778,0.6443064169242172,0
4018,S1585-2_a,1159,930,1180,932,21.095023109728988,22,10.84496212606312,0.49295282391196,0
4145,S1585-2_a,1199,4309,1201,4288,21.095023109728988,26,4.224770450017944,0.16249117115453632,0
4152,S1585-2_a,1201,4288,1199,4309,21.095023109728988,26,4.224770450017946,0.16249117115453637,0
4636,S1585-2_a,1851,4900,1862,4918,21.095023109728988,19,15.13094976385855,0.7963657770451869,0
4663,S1585-2_a,1861,4870,1872,4888,21.095023109728988,21,13.210948937320383,0.6290928065390659,0
4669,S1585-2_a,1871,4915,1869,4894,21.095023109728988,22,13.851408391061506,0.6296094723209775,0
4987,S1585-2_a,837,3683,855,3694,21.095023109728988,21,12.500230920477154,0.595249091451293,0
5268,S1585-2_a,1023,1342,1021,1321,21.095023109728988,22,14.174741172332782,0.6443064169242173,0
5279,S1585-2_a,1047,1339,1026,1341,21.095023109728988,23,6.567702295701077,0.2855522737261338,0
5283,S1585-2_a,1059,1160,1061,1181,21.095023109728988,22,14.85498990417743,0.6752268138262468,0
5320,S1585-2_a,1113,4288,1111,4267,21.095023109728988,23,11.451869991503074,0.49790739093491626,0
5586,S1585-2_a,1869,4894,1871,4915,21.095023109728988,22,13.8514083910615,0.6296094723209773,0
5590,S1585-2_a,1872,4888,1861,4870,21.095023109728988,21,13.210948937320383,0.6290928065390659,0
1937,S1585-2_a,1511,4566,1531,4573,21.18962010041709,25,14.03606442276892,0.5614425769107568,0
2816,S1585-2_a,820,3750,840,3743,21.18962010041709,21,14.841259364182735,0.706726636389654,0
2983,S1585-2_a,840,3743,820,3750,21.18962010041709,21,14.841259364182731,0.7067266363896538,0
3367,S1585-2_a,901,3940,921,3933,21.18962010041709,22,14.13915432902729,0.642688833137604,0
4424,S1585-2_a,1531,4573,1511,4566,21.18962010041709,25,14.03606442276892,0.5614425769107568,0
5056,S1585-2_a,921,3933,901,3940,21.18962010041709,22,14.13915432902729,0.642688833137604,0
775,S1585-2_a,900,3930,921,3933,21.213203435596427,22,14.088041476474116,0.6403655216579144,0
1171,S1585-2_a,976,1633,997,1630,21.213203435596427,26,4.2497196086063065,0.16345075417716565,0
2117,S1585-2_a,1629,4744,1632,4723,21.213203435596427,22,16.481567295164535,0.7491621497802061,0
2306,S1585-2_a,1862,4918,1859,4897,21.213203435596427,24,12.64802569818317,0.5270010707576321,0
3588,S1585-2_a,973,1622,988,1637,21.213203435596427,21,2.239003102892486,0.10661919537583267,0
3685,S1585-2_a,997,1630,976,1633,21.213203435596427,26,4.2497196086063065,0.16345075417716565,0
4400,S1585-2_a,1510,4570,1531,4573,21.213203435596427,22,14.778925857870277,0.6717693571759217,0
4425,S1585-2_a,1531,4573,1510,4570,21.213203435596427,22,14.778925857870277,0.6717693571759217,0
4488,S1585-2_a,1632,4723,1629,4744,21.213203435596427,22,16.481567295164538,0.7491621497802062,0
5057,S1585-2_a,921,3933,900,3930,21.213203435596427,22,14.088041476474114,0.6403655216579143,0
5199,S1585-2_a,988,1637,973,1622,21.213203435596427,21,2.239003102892486,0.10661919537583267,0
5576,S1585-2_a,1859,4897,1862,4918,21.213203435596427,24,12.64802569818317,0.5270010707576321,0
1730,S1585-2_a,1181,945,1195,961,21.2602916254693,23,8.610724350618595,0.37437931959211285,0
4127,S1585-2_a,1195,961,1181,945,21.2602916254693,23,8.610724350618595,0.37437931959211285,0
5628,S1585-2_a,1880,4918,1866,4934,21.2602916254693,18,12.306074718505986,0.683670817694777,0
5635,S1585-2_a,1866,4934,1880,4918,21.2602916254693,18,12.306074718505986,0.683670817694777,0
855,S1585-2_a,929,1688,933,1667,21.37755832643195,22,15.913231538335463,0.7233287062879756,0
878,S1585-2_a,934,1631,938,1652,21.37755832643195,22,14.047128223824984,0.6385058283556811,0
893,S1585-2_a,933,1667,929,1688,21.37755832643195,22,15.91323153833546,0.7233287062879754,0
2980,S1585-2_a,839,3717,843,3738,21.37755832643195,22,13.048697790316528,0.5931226268325694,0
3032,S1585-2_a,843,3738,839,3717,21.37755832643195,22,13.04869779031653,0.5931226268325696,0
3349,S1585-2_a,901,3844,905,3823,21.37755832643195,24,5.976178386265036,0.24900743276104317,0
3381,S1585-2_a,905,3823,901,3844,21.37755832643195,24,5.976178386265035,0.24900743276104312,0
3431,S1585-2_a,938,1652,934,1631,21.37755832643195,22,14.047128223824982,0.638505828355681,0
297,S1585-2_a,817,3002,834,2989,21.400934559032695,21,13.212869225100768,0.6291842488143222,0
854,S1585-2_a,929,1688,946,1675,21.400934559032695,18,13.280702606362427,0.7378168114645792,0
938,S1585-2_a,946,1675,929,1688,21.400934559032695,18,13.280702606362427,0.7378168114645792,0
2005,S1585-2_a,1514,4556,1531,4569,21.400934559032695,20,12.654052760894166,0.6327026380447083,0
2036,S1585-2_a,1531,4569,1514,4556,21.400934559032695,20,12.654052760894167,0.6327026380447084,0
3550,S1585-2_a,972,1636,989,1623,21.400934559032695,25,3.2584469855645875,0.13033787942258349,0
4970,S1585-2_a,834,2989,817,3002,21.400934559032695,21,13.21286922510077,0.6291842488143223,0
5218,S1585-2_a,989,1623,972,1636,21.400934559032695,25,3.2584469855645857,0.13033787942258343,0
287,S1585-2_a,815,2999,834,2989,21.470910553583888,20,12.92363344613307,0.6461816723066536,0
2902,S1585-2_a,833,2228,814,2218,21.470910553583888,21,6.505701473251336,0.30979530825006363,0
3728,S1585-2_a,1013,1323,1023,1342,21.470910553583888,21,13.928568902863509,0.6632651858506433,0
4875,S1585-2_a,814,2218,833,2228,21.470910553583888,21,6.505701473251335,0.3097953082500636,0
4971,S1585-2_a,834,2989,815,2999,21.470910553583888,20,12.92363344613307,0.6461816723066536,0
5270,S1585-2_a,1023,1342,1013,1323,21.470910553583888,21,13.928568902863512,0.6632651858506434,0
407,S1585-2_a,827,2921,835,2941,21.540659228538015,21,7.115315154659611,0.3388245311742672,0
509,S1585-2_a,835,2941,827,2921,21.540659228538015,21,7.115315154659614,0.3388245311742673,0
1847,S1585-2_a,1314,542,1306,562,21.540659228538015,21,14.009301450948628,0.6671095929023156,0
4247,S1585-2_a,1306,562,1314,542,21.540659228538015,21,14.009301450948628,0.6671095929023156,0
4313,S1585-2_a,1421,4516,1413,4536,21.540659228538015,27,10.728241212823304,0.39734226714160387,0
5386,S1585-2_a,1413,4536,1421,4516,21.540659228538015,27,10.72824121282331,0.3973422671416041,0
1920,S1585-2_a,1501,4568,1506,4547,21.587033144922902,23,7.378075618269113,0.3207858964464832,0
1954,S1585-2_a,1506,4547,1501,4568,21.587033144922902,23,7.378075618269111,0.3207858964464831,0
4312,S1585-2_a,1421,4516,1416,4537,21.587033144922902,25,10.570787124968305,0.4228314849987322,0
4489,S1585-2_a,1642,4737,1647,4716,21.587033144922902,22,12.521408542922815,0.5691549337692189,0
4519,S1585-2_a,1647,4716,1642,4737,21.587033144922902,22,12.521408542922819,0.569154933769219,0
5392,S1585-2_a,1416,4537,1421,4516,21.587033144922902,25,10.570787124968309,0.42283148499873235,0
285,S1585-2_a,815,2216,833,2228,21.633307652783937,22,6.585657461476775,0.2993480664307625,0
446,S1585-2_a,837,2925,849,2943,21.633307652783937,21,9.20645144405002,0.4384024497166676,0
2903,S1585-2_a,833,2228,815,2216,21.633307652783937,22,6.585657461476775,0.2993480664307625,0
3068,S1585-2_a,849,2943,837,2925,21.633307652783937,21,9.20645144405002,0.4384024497166676,0
357,S1585-2_a,829,2962,835,2941,21.840329667841555,23,15.021161194071356,0.6530939649596241,0
514,S1585-2_a,835,2941,829,2962,21.840329667841555,23,15.021161194071357,0.6530939649596242,0
4296,S1585-2_a,1401,4500,1422,4494,21.840329667841555,22,12.741093570145734,0.5791406168248061,0
4314,S1585-2_a,1422,4494,1401,4500,21.840329667841555,22,12.741093570145736,0.5791406168248062,0
1022,S1585-2_a,958,1661,938,1652,21.93171219946131,22,12.997288917675176,0.5907858598943262,0
3434,S1585-2_a,938,1652,958,1661,21.93171219946131,22,12.997288917675176,0.5907858598943262,0
4332,S1585-2_a,1458,4521,1438,4512,21.93171219946131,40,11.928867692501681,0.29822169231254203,0
4557,S1585-2_a,1796,4909,1811,4893,21.93171219946131,17,16.151675740907873,0.9500985729945808,0
4566,S1585-2_a,1811,4893,1796,4909,21.93171219946131,17,16.15167574090787,0.9500985729945806,0
5429,S1585-2_a,1438,4512,1458,4521,21.93171219946131,40,11.928867692501683,0.2982216923125421,0
3317,S1585-2_a,894,3842,905,3823,21.95449840010015,24,7.175145375458926,0.2989643906441219,0
3380,S1585-2_a,905,3823,894,3842,21.95449840010015,24,7.175145375458925,0.2989643906441219,0
3686,S1585-2_a,997,1630,975,1630,22.0,27,3.9795935718462836,0.1473923545128253,0
5157,S1585-2_a,975,1630,997,1630,22.0,27,3.979593571846283,0.1473923545128253,0
288,S1585-2_a,815,2999,832,2985,22.02271554554524,20,13.14564153832645,0.6572820769163225,0
476,S1585-2_a,832,2985,815,2999,22.02271554554524,20,13.145641538326451,0.6572820769163226,0
1404,S1585-2_a,1035,1338,1021,1321,22.02271554554524,19,12.133377117257615,0.6385987956451377,0
1849,S1585-2_a,1314,542,1313,564,22.02271554554524,23,12.164518630996245,0.528892114391141,0
2122,S1585-2_a,1631,4745,1632,4723,22.02271554554524,23,17.326095384549873,0.7533084949804293,0
2879,S1585-2_a,828,2202,845,2216,22.02271554554524,22,3.115183031029514,0.14159922868315974,0
